post_id,subreddit,post_year,relevance,report_type,first_person_patient,hair_change_reported,phenotype_list,curl_direction,therapy_mentioned,therapy_class_orig,therapy_class_norm,cancer_type,cancer_type_norm,pre_treatment_hair_stated,pre_treatment_hair_description,onset_months_post_treatment,duration_status,positive_framing,distress_reported,treatment_era_year,quote_span,confidence
1020p6l,FemaleHairLoss,2023,relevant,self,True,True,permanent_alopecia;thinner,not_stated,4 dose dense AC and 4 dose dense paciltaxol,"['anthracycline', 'alkylator', 'taxane']",alkylator;anthracycline;taxane,TNBC/breast,breast,False,,,permanent_reported,False,True,2021.0,"My hair has never been the same. It is so thin, I’m still wearing hats.",0.98
1025pfq,testicularcancer,2023,relevant,self,True,True,color_change_other;patchy_regrowth;thinner,not_stated,4 cycles of EP,"['platinum', 'unspecified']",platinum,testicular,testicular,True,Facial hair was normal/beloved before treatment; goatee and neck hair later returned as strong as ever.,6.0,unknown,False,True,,"Now 6 months post treatment I've shaved and unfortunately the hair on my cheeks has come back thinner and lighter, whereas the goatee/neck area has come back as strong as ever.",0.99
1039yoe,breastcancer,2023,relevant,self,True,True,curlier,more_curl,chemo,['unspecified'],unspecified,breast,breast,True,lifelong pin straight hair,,unknown,False,False,,my lifelong pin straight hair is suddenly wavy when I let it air dry,0.98
107lr95,breastcancer,2023,relevant,self,True,True,color_change_other,not_stated,Herceptin & Pejeta infusions,['unspecified'],unspecified,,not_stated,True,Super thick and dark brown,,ongoing,True,False,,My pre-chemo hair was a dark brown so the lightness of this is a change.,0.99
1085h65,breastcancer,2023,relevant,self,True,True,thinner,not_stated,chemo,['unspecified'],unspecified,breast,breast,False,,,ongoing,False,True,,"Heading into week 6 of chemo, and my hair has thinned so drastically that it’s time to shave it off.",0.99
10b14li,testicularcancer,2023,relevant,self,True,True,patchy_regrowth,not_stated,BEPx3,['platinum'],platinum,testicular,testicular,False,,5.0,unknown,False,False,,It's been about 5 months since I finished BEPx3 and just recently my facial hair (mostly moustache) has gotten super patchy.,0.98
10bccc4,cancer,2023,relevant,self,True,True,thinner,not_stated,proton radiation treatment,['unspecified'],unspecified,,not_stated,True,Had eyebrows and a mustache before treatment,6.0,ongoing,False,False,,Last week I noticed my mustache was thinning and then my eyebrows followed.,0.96
10fh1pu,cancer,2023,relevant,self,True,True,permanent_alopecia,not_stated,BMT,['unspecified'],unspecified,AML,leukemia,False,,,ongoing,True,True,,I (21F) had a BMT 18 months ago ... and my hair hasn’t grown back.,0.98
10fr1er,breastcancer,2023,relevant,self,True,True,thinner,not_stated,6/6 rounds of TCHP; Taxotere,"['taxane', 'platinum']",platinum;taxane,breast,breast,False,,,ongoing,False,True,,"I’d say I lost about 70-75% of my hair, especially on top of my head where I have a very large bald spot.",0.98
10g9j1i,breastcancer,2023,relevant,self,True,True,,not_stated,chemo,['unspecified'],unspecified,breast,breast,False,,,unknown,False,True,,"I'm not kidding, I can't stop getting adds for hair stuff when I don't have hair.",0.92
10g9rsy,breastcancer,2023,relevant,self,True,True,color_change_other,not_stated,"chemo, surgery, rads; Arimidex","['unspecified', 'endocrine']",endocrine,breast,breast,True,Used to color her hair blonde; it is growing back brown.,,ongoing,False,True,,I’m self conscious of my hair. (I look completely different - used to color my hair blonde and it’s growing back in brown).,0.99
10h474v,breastcancer,2023,relevant,self,True,True,thinner,not_stated,TC infusion with Dignicap,['unspecified'],alkylator;taxane,breast,breast,True,"Very thick, bra-strap length before cutting it to shoulder length before chemotherapy.",0.5,ongoing,True,True,,I've lost probably 10-15% of my very thick hair... I'd say 20-25% of my hair is more accurate at this point.,0.99
10hckcs,Hair,2023,relevant,self,True,True,curlier,more_curl,chemo,['unspecified'],unspecified,,not_stated,True,1C before chemo,,partially_reverted,False,False,,"Before chemo my hair was 1C but after chemo it came in 2B/2C, but got straighter as it grew.",0.99
10l6nwr,curlyhair,2023,relevant,self,True,True,curlier,not_stated,chemo,['unspecified'],unspecified,,not_stated,False,,7.0,ongoing,False,False,,I finished chemo about 7 months ago and my hair is growing back curly on the sides,0.9
10m8c70,curlyhair,2023,relevant,survivor_retrospective,True,True,curlier;texture_only,more_curl,chemo,['unspecified'],unspecified,,not_stated,True,Butt straight hair; curling irons and perms did not hold.,,ongoing,True,True,,"I spent the first 49 yrs with butt straight hair... Well post chemo, my hair grew in curly, YES!!!",0.99
10sslga,HairLoss,2023,relevant,survivor_retrospective,True,True,texture_only,not_stated,Chemo,['unspecified'],unspecified,,not_stated,True,real strong and curly,,ongoing,False,False,,Before Chemo my hair was real strong and curly but after it it came back softer than before but for some reason my crown and top area of my head remained bald.,0.98
10tkg22,breastcancer,2023,relevant,self,True,True,,not_stated,"AC, Taxol, mastectomy, radiation, daily neupogen injections; Anastrazole and Ibrance","['taxane', 'anthracycline', 'endocrine', 'CDK4_6i']",CDK4_6i;anthracycline;endocrine;taxane,breast,breast,False,,,unknown,True,True,,"AC, Taxol, mastectomy, radiation, daily neupogen injections, hair loss",0.98
10ur0nj,breastcancer,2023,relevant,self,True,True,thinner,not_stated,chemo,['unspecified'],unspecified,breast,breast,False,,,ongoing,False,True,,going through chemo and losing my hair... my hair which is too short for my liking,0.96
10w6hzc,lymphoma,2023,relevant,self,True,True,thinner,not_stated,R-EPOCH,"['taxane', 'anthracycline', 'alkylator', 'vinca']",alkylator;anthracycline;taxane;vinca,lymphoma,lymphoma_nonhodgkin,False,,,ongoing,False,True,,What little bit of arm and leg hair I have left is still falling out. Everything else is long gone.,0.98
10wmnv5,cancer,2023,relevant,self,True,True,curlier;texture_only,more_curl,chemotherapy,['unspecified'],unspecified,,not_stated,True,very straight hair,8.0,unknown,True,False,,"Before chemo, I had very straight hair. Now, I currently have extremely curly hair, and I love it.",0.99
10xvgkt,breastcancer,2023,relevant,self,True,True,none,not_stated,AC,"['anthracycline', 'alkylator']",alkylator;anthracycline,breast,breast,False,,0.25,ongoing,False,True,,I started chemo (AC) about a week ago... it already started falling and it feels awful,0.97
10y95p1,curlyhair,2023,relevant,self,True,True,texture_only;thicker,not_stated,chemo,['unspecified'],unspecified,leukemia,leukemia,True,Brunette; original hair texture not stated.,,ongoing,False,False,2022.0,I have been off chemo since October 2022 and my hair has grown back super thick and curly.,0.97
10y9bb3,cancer,2023,relevant,self,True,True,color_change_other;patchy_regrowth;thinner,not_stated,6 months of chemo and radiotherapy in 2021,['unspecified'],unspecified,tonsil cancer,head_neck,False,,24.0,ongoing,True,False,2021.0,"Two years on, I found I could grow a full beard and moustache with the exception of the left side of my neck and a small patch on the left side of my chin.",0.96
10zsu23,Hair,2023,relevant,self,True,True,color_change_other;texture_only;thinner,not_stated,,[],,,not_stated,True,Below shoulder blade blonde hair.,,ongoing,True,False,,"It is a dark chocolate brown baby virgin hair, like sooo soft. I do still have some thinner parts and it is a little bit more bald around my ears.",0.94
110iuzx,FemaleHairLoss,2023,relevant,self,True,True,permanent_alopecia;thinner,not_stated,chemo,['unspecified'],unspecified,,not_stated,True,About four times the current hair density before chemo.,,permanent_reported,False,True,,"I’m 16 months out from chemo, and my hair is so fine it breaks and pulls out... about 1/4 the density as before I started chemo.",0.98
1128e35,lymphoma,2023,relevant,self,True,True,none,not_stated,"two rounds of chemotherapy (CHOP): Doxorubicin, vincristine, etoposide and prednisone followed by eleven sessions of radiation therapy","['anthracycline', 'vinca', 'unspecified']",anthracycline;vinca,Hodgkin lymphoma,lymphoma_hodgkin,False,,,unknown,False,False,2013.0,Didn't have that much side effects besides losing my hair and illness.,0.98
1129gnl,cancer,2023,relevant,self,True,True,patchy_regrowth;thinner,not_stated,R EPOCH,"['anthracycline', 'alkylator', 'vinca', 'unspecified']",alkylator;anthracycline;vinca,PMBCL,lymphoma_nonhodgkin,True,Beard was normally full; hair up top used to be thicker.,1.0,ongoing,False,False,,My beard was patchy (my beard is normally full.) ... my hair is much thinner than it used to be up top at the 6 months mark.,0.97
112hjfz,cancer,2023,relevant,self,True,True,thinner,not_stated,10 whole brain radiation sessions,['radiotherapy_brain'],radiotherapy_brain,NSCLC with brain metastases,lung,False,,,unknown,False,False,,Just started losing hair yesterday after 10 whole brain radiation sessions,0.99
112xbeb,lymphoma,2023,relevant,self,True,True,thicker,not_stated,6 cycles of R-CHOP; oestrogen blockers; Prednisone,"['anthracycline', 'alkylator', 'vinca', 'endocrine']",alkylator;anthracycline;endocrine;vinca,DLBCL,lymphoma_nonhodgkin,False,,0.0,ongoing,False,True,,hormonal related symptoms like having a beard for the first time! ... a lot of new thick body hair.,0.98
112zllp,leukemia,2023,relevant,self,True,True,none,not_stated,Blinto- whatever it’s called - the immunotherapy; stem cell transplant; pills for the PH+,['unspecified'],unspecified,Ph+ ALL,leukemia,False,,,unknown,True,True,2021.0,"Since then I’ve had some GVHD issues in my mouth, dealing with early menopause symptoms from the treatment and obviously missing my hair",0.96
114jwyc,Hair,2023,relevant,self,True,True,curlier,more_curl,chemo,['unspecified'],unspecified,,not_stated,True,"Less curly before treatment, implied by 'came back extra curly'",,ongoing,True,False,,I lost my hair due to chemo and it came back extra curly!,0.98
114s1zi,curlyhair,2023,relevant,self,True,True,curlier,more_curl,chemo,['unspecified'],unspecified,,not_stated,True,Hair before treatment was not curly; it came back curly.,,ongoing,False,False,,I lost my hair due to chemo and it came back curly,0.98
115x7r5,breastcancer,2023,relevant,self,True,True,curlier,not_stated,chemo,['unspecified'],unspecified,breast,breast,True,old hair,,ongoing,False,True,,I’ve had chemo curls since August... I want my old hair back now.,0.94
116pihh,Hair,2023,relevant,self,True,True,curlier,not_stated,chemo,['unspecified'],unspecified,,not_stated,True,Usually short hair; baseline texture not stated.,,ongoing,False,True,,then my hair started to grow back. Thing is it’s growing back with curls and it looks really messy,0.97
116s9a0,cancer,2023,relevant,self,True,True,thinner,not_stated,10 round cycle of whole brain radiation,['radiotherapy_brain'],radiotherapy_brain,,not_stated,False,,,ongoing,True,True,,"My hairline wasn't just receding, it was in a full on rout.",0.94
117glmj,curlyhair,2023,relevant,self,True,True,curlier,more_curl,low dose chemo,['unspecified'],unspecified,,not_stated,True,2a,,ongoing,False,True,,I used to be 2a but I started low dose chemo two years ago and now I’m 2b/2c,0.99
118h9pg,breastcancer,2023,relevant,self,True,True,none,not_stated,Abraxane; Taxol; AC,"['taxane', 'anthracycline']",anthracycline;taxane,breast,breast,False,,,unknown,False,False,,I already lost my hair during AC but I kept most of my body hair/eyebrows/eyelashes.,0.98
11bm4yg,breastcancer,2023,relevant,self,True,True,color_change_other;curlier;grayer;patchy_regrowth;texture_only,not_stated,chemo,['unspecified'],unspecified,breast,breast,True,"Always had long, blonde hair; prior texture not stated.",6.0,ongoing,True,True,,"My hair came in big splotches, the whitest white in some places and black as night in others. Over time it’s merged to grey/salt and pepper. It’s incredibly soft and surprisingly curly.",0.98
11e5m9r,cancer,2023,relevant,self,True,True,thinner,not_stated,ABVD regimen,"['anthracycline', 'alkylator', 'vinca']",alkylator;anthracycline;vinca,Hodgkin lymphoma,lymphoma_hodgkin,True,Hair was naturally thick.,,ongoing,True,False,,"my hair grew back fine, albeit thin wherever it was lost (my hair is naturally thick)",0.98
11eo7q4,breastcancer,2023,relevant,self,True,True,thinner,not_stated,4 rounds of taxotere and Cytoxan,"['taxane', 'alkylator']",alkylator;taxane,breast,breast,False,,,unknown,True,True,,"I’m fat, bald and tired.",0.92
11jrd6g,lymphoma,2023,relevant,self,True,True,thinner,not_stated,ABVD,"['anthracycline', 'vinca', 'alkylator', 'unspecified']",alkylator;anthracycline;vinca,HL,lymphoma_hodgkin,False,,,ongoing,True,False,,I also still have hair (it’s thinned but not too bad yet),0.98
11n6wf7,breastcancer,2023,relevant,self,True,True,patchy_regrowth;thinner,not_stated,weekly Paclitaxel,['taxane'],taxane,breast,breast,False,,0.5,ongoing,True,False,,"Head hair coming in slowly, big thin patch on top (can see scalp)",0.98
11olonk,cancer,2023,relevant,self,True,True,patchy_regrowth,not_stated,33 x 60Gy radiation,['radiotherapy_brain'],radiotherapy_brain,brain cancer,brain_cns,False,,,unknown,False,True,,lost most of the hair on the crown of my head... a largeish patch that is bare except for coarse little hairs,0.99
11qkeni,lymphoma,2023,relevant,survivor_retrospective,True,True,thinner,not_stated,abvd chemo,"['anthracycline', 'vinca', 'alkylator']",alkylator;anthracycline;vinca,stage III nodular lymphocyte predominant Hodgkin’s lymphoma,lymphoma_hodgkin,False,,,unknown,False,True,2022.0,"i had what seemed like every symptom you could possibly have from chemo: bone pain, hair loss, nausea, vomiting",0.96
11znsnf,breastcancer,2023,relevant,self,True,True,thinner,not_stated,6 months of chemo and immunotherapy; radiotherapy,"['ICI', 'unspecified']",ICI,"breast, triple-negative",breast,False,,,unknown,False,False,,"A damn gauntlet of 6 months of chemo and immunotherapy, hair loss, mucositis, nosebleeds, fatigue, hot flashes, nausea",0.98
123xgvr,breastcancer,2023,relevant,self,True,True,curlier,not_stated,chemo,['unspecified'],unspecified,breast,breast,False,,,ongoing,True,True,2022.0,"My last chemo was Feb. 16, 2022, and I now have a mop of curls... a frizzy gray mess.",0.95
125w196,curlyhair,2023,relevant,self,True,True,color_change_other;curlier;grayer;thicker,more_curl,chemotherapy,['unspecified'],unspecified,,not_stated,True,very fine straight brunette,2.0,ongoing,False,False,,"My hair was very fine straight brunette and now it is thick, starting to be come curly, and this ash grey blond color.",0.99
126ybya,testicularcancer,2023,relevant,self,True,True,thinner,not_stated,"3 cycles of BEP chemo (bleomycin, etoposide, and cisplatin)",['platinum'],platinum,testicular,testicular,False,,,ongoing,False,True,2023.0,"3/28/23 - first notice of significant hair loss. Started with groin, now head hair is getting patchy.",0.99
128p3fx,breastcancer,2023,relevant,self,True,True,thinner,not_stated,EC and paclitaxel; three weeks of rads; tamoxifen; zoladex; exemestane,"['taxane', 'anthracycline', 'endocrine']",anthracycline;endocrine;taxane,breast,breast,False,,1.5,ongoing,False,True,,"I switched to exemestane about six weeks ago, and yesterday noticed that my pubic hair was coming out in clumps.",0.97
12l610d,breastcancer,2023,relevant,self,True,True,texture_only,not_stated,chemo,['unspecified'],unspecified,breast,breast,False,,,ongoing,False,True,,I fucking hate my chemo curls... I still can’t really do anything with my hair.,0.96
12mb6yz,cancer,2023,relevant,self,True,True,grayer;texture_only;thinner,not_stated,chemo,['unspecified'],unspecified,,not_stated,False,,,ongoing,True,False,,I noticed my hair is like super super soft... It’s a lot more grey.,0.98
12nmyoq,cancer,2023,relevant,self,True,True,,not_stated,5 days of chemo; TIL and IL2,['unspecified'],unspecified,,not_stated,False,,,unknown,False,True,,I also started shedding large patches of hair from the chemo... I eventually just shaved off the rest,0.98
12rk0bn,lymphoma,2023,relevant,self,True,True,curlier,not_stated,chemo,['unspecified'],unspecified,lymphoma,lymphoma_nonhodgkin,False,,,unknown,False,False,,Has anyone else just snapped one day and chop as many of their chemo curls off as soon as their hair was long enough?,0.9
12s2plw,cancer,2023,relevant,survivor_retrospective,True,True,patchy_regrowth,not_stated,chemo and radiation,['unspecified'],unspecified,,not_stated,False,,,ongoing,False,True,,Even after a year and a half I still don’t have a full head of hair,0.96
130q481,breastcancer,2023,relevant,self,True,True,patchy_regrowth;thinner,not_stated,tamoxifen,['endocrine'],endocrine,breast DCIS,breast,False,,,ongoing,True,True,,There is the hair thinning and hair loss as a side effect of the tamoxifen. I’ve lost about 50% of my hair.,0.98
13131bk,testicularcancer,2023,relevant,self,True,True,none,not_stated,three rounds of chemo,['unspecified'],unspecified,testicular,testicular,False,,,unknown,True,False,,FYI My hair did fall all out and most girls don't care and didn't notice.,0.98
1348p9c,breastcancer,2023,relevant,self,True,True,grayer,not_stated,AC/Taxol/Abraxane; Xeloda; radiation,"['anthracycline', 'taxane', 'antimetabolite']",anthracycline;antimetabolite;taxane,breast,breast,False,,,ongoing,True,True,2022.0,by January I had removed my chemo hat and was sporting super gray hair (ugh).,0.98
1360iwv,testicularcancer,2023,relevant,self,True,True,,not_stated,December 2022 fifteen radiation sessions,['unspecified'],unspecified,testicular seminoma,testicular,False,,,unknown,False,True,2022.0,pressing on the area above my belly button which I guess was in the radiation field judging by hair loss in that spot,0.97
1375jcf,cancer,2023,relevant,self,True,True,none,not_stated,high dose chemo,['unspecified'],unspecified,nasopharyngeal carcinoma,head_neck,False,,,unknown,False,False,,Also hair all over my body started falling out,0.99
138tvw3,cancer,2023,relevant,self,True,True,thinner,not_stated,Chemo/radiation treatment; 5FU pump 7 days at a time,['antimetabolite'],antimetabolite,CRC/rectal adenocarcinoma,colorectal,False,,,unknown,False,False,2022.0,"Got a break from treatment, healed just enough, hair started falling out.",0.98
1398qvs,breastcancer,2023,relevant,self,True,True,thinner,not_stated,Taxotere/cytoxan,"['taxane', 'alkylator']",alkylator;taxane,breast,breast,False,,0.75,unknown,False,True,,about twenty hairs in my hand. Repeatedly.,0.99
13e77i7,breastcancer,2023,relevant,self,True,True,curlier;patchy_regrowth;thinner,not_stated,,['unspecified'],unspecified,breast,breast,True,Hair was different before treatment; specific baseline texture not stated.,,ongoing,True,True,2021.0,Since then my hair has been growing but it’s much different than before. It came back curly/wavy... but it’s super thin.,0.98
13h0v37,lymphoma,2023,relevant,self,True,True,curlier,more_curl,chemo,['unspecified'],unspecified,lymphoma,lymphoma_nonhodgkin,True,straight,,unknown,False,False,,the curly part of my hair is my real hair thats been growing for a year... what my hair was like pre chemo.,0.98
13hhucp,cancer,2023,relevant,self,True,True,patchy_regrowth,not_stated,high-dose chemotherapy; busulfan,['alkylator'],alkylator,AML,leukemia,False,,,ongoing,False,True,,It is almost 5 years post-transplant and not all of my hair has grown back. The sides by my ears are bare,0.98
13ijh6s,cancer,2023,relevant,self,True,True,none,not_stated,"6 rounds of chemotherapy (FEC-T) ... three FEC sessions, followed by 3 of the T ... followed by 28 sessions of radiotherapy","['taxane', 'anthracycline', 'alkylator', 'antimetabolite']",alkylator;anthracycline;antimetabolite;taxane,breast,breast,False,,,unknown,True,False,,"when my hair started coming out 3 weeks later the day before the second session anyway, I decided not to cold cap again... and just shaved it all off",0.98
13iks29,breastcancer,2023,relevant,self,True,True,thinner,not_stated,Taxol/Carbo/Pembro (keytruda),"['taxane', 'platinum', 'ICI']",ICI;platinum;taxane,triple negative breast cancer,breast,True,long hair,,unknown,True,True,,My long hair has been falling out in major clumps since last week.,0.99
13k2agz,cancer,2023,relevant,self,True,True,thinner,not_stated,"ABVD, 4 cycles","['anthracycline', 'alkylator', 'vinca']",alkylator;anthracycline;vinca,,not_stated,False,,,ongoing,True,False,,"I did my last chemo infusion two weeks ago (ABVD, 4 cycles) and my hair is currently still shedding pretty heavily.",0.98
13kqumb,breastcancer,2023,relevant,self,True,True,none,not_stated,AC Dose Dense,"['anthracycline', 'alkylator']",alkylator;anthracycline,breast,breast,False,,,unknown,True,False,,Pubes are going since yesterday. No hair loss anywhere else yet but I assume it will follow suit soon.,0.99
13mogl1,braincancer,2023,relevant,self,True,True,thinner,not_stated,radiation,['radiotherapy_brain'],radiotherapy_brain,,not_stated,False,,,unknown,False,False,,I lost some hair and was a little fatigued some days.,0.98
13t748t,breastcancer,2023,relevant,self,True,True,none,not_stated,last chemo; capecitabine; radiation,"['antimetabolite', 'unspecified']",antimetabolite,breast,breast,True,Eyelashes and eyebrows were shorter before chemo than they are now.,,ongoing,True,False,,"My eyelashes came back even longer than before chemo, so did my eyebrows. And my peach fuzz too.",0.96
13tjc2k,lymphoma,2023,relevant,self,True,True,patchy_regrowth,not_stated,AVD,"['anthracycline', 'vinca', 'alkylator']",alkylator;anthracycline;vinca,HL,lymphoma_hodgkin,False,,,ongoing,True,True,,My hair is growing back even with 4 treatments left of AVD... some parts of my head,0.93
13weme4,cancer,2023,relevant,self,True,True,thinner,not_stated,Carboplatin/Paclitaxel with daily radiation,"['platinum', 'taxane']",platinum;taxane,,not_stated,False,,,ongoing,True,False,,I have just had my 4th weekly session of Carboplatin/Paclitaxel with daily radiation... it’s falling out in chunks!!,0.98
146xrf7,testicularcancer,2023,relevant,self,True,True,thinner,not_stated,Orchiectomy right side: 8th July 2022,[],,testicular,testicular,False,,,unknown,False,True,2022.0,"I think I may have gained some weight and gyno as well, alongside losing some body hair but I'm not sure, I could be imagining it.",0.92
148g78x,cancer,2023,relevant,self,True,True,thinner,not_stated,chemo + radiation,['unspecified'],unspecified,Hodgkin's lymphoma,lymphoma_hodgkin,False,,,ongoing,False,True,,"I lost about 30% during treatment, which ended 6 weeks ago, and ever since they have kept falling like it's their god-given mission.",0.98
148um5q,breastcancer,2023,relevant,self,True,True,,not_stated,chemo,['unspecified'],unspecified,breast,breast,False,,,unknown,False,True,,"I feel like I went through chemo for nothing and my hair is gone, which I shaved off but now I'm bitter over it",0.84
149xarl,braincancer,2023,relevant,self,True,True,none,not_stated,rad therapy,['radiotherapy_brain'],radiotherapy_brain,grade 3 astrocytoma,brain_cns,False,,,unknown,False,True,,"I'm about 16 of 42 treatments into rad therapy, my hair has fallen out fast the last 3 days",0.99
14dw5r2,Hair,2023,relevant,self,True,True,patchy_regrowth;thinner,not_stated,brain surgery chemo and radiation,"['radiotherapy_brain', 'unspecified']",radiotherapy_brain,brain,brain_cns,False,,,ongoing,False,True,,"Most of the hair I lost during radiation has started coming back, but I basically have a buzz cut with thin spots.",0.98
14gbqex,testicularcancer,2023,relevant,self,True,True,thinner,not_stated,BEPx4; HDCT,"['platinum', 'unspecified']",platinum,testicular,testicular,True,No male pattern baldness in family,,ongoing,False,True,,"After BEPx4, my hair came back less, after HDCT my hair came back even less, now two years out from HDCT and it seems like less and less returns.",0.96
14h6gtb,lymphoma,2023,relevant,self,True,True,texture_only,not_stated,ABVD,"['anthracycline', 'vinca', 'alkylator']",alkylator;anthracycline;vinca,lymphoma,lymphoma_nonhodgkin,False,,18.0,ongoing,False,False,,A lot of strands are coming in with a rough texture... Most of my hair is smooth so all these little hairs... make it look very frizzy.,0.96
14haxsf,thyroidcancer,2023,relevant,self,True,True,thinner,not_stated,thyroidectomy,[],,thyroid,other,False,,,ongoing,False,True,,"My hair is thinning, my nails are brittle",0.98
14i02vy,breastcancer,2023,relevant,self,True,True,color_change_other;texture_only,not_stated,chemo,['unspecified'],unspecified,breast,breast,True,typical hair texture,,ongoing,True,False,,I recently finished chemo and I am starting to see some hair grow back. It’s white and fuzzy,0.94
14ixz2b,lymphoma,2023,relevant,self,True,True,texture_only;thinner,not_stated,DA-R/EPOCH,"['anthracycline', 'alkylator', 'vinca']",alkylator;anthracycline;vinca,,not_stated,False,,6.0,unknown,False,True,,Experiencing a noticeable amount of hair loss over the last few weeks... stopped chemo about ~6 months ago,0.98
14jvfrs,testicularcancer,2023,relevant,self,True,True,color_change_other;patchy_regrowth;thicker,not_stated,chemo,['unspecified'],unspecified,testicular,testicular,True,Beard was less dark and less full before treatment.,,ongoing,False,False,,After chemo my beard came back with vengeance. Darker and fuller than before. Now out of nowhere I got some patches and some blonde hair spots.,0.98
14k12v9,testicularcancer,2023,relevant,self,True,True,,not_stated,3x BEP,"['platinum', 'unspecified']",platinum,testicular,testicular,True,Normally rocks a beard,,ongoing,False,True,2022.0,My beard ... came back strong a few months ago and then started falling out ... my cheeks are super patchy.,0.97
14k1xnf,breastcancer,2023,relevant,self,True,True,,not_stated,12 week weekly Taxol,['taxane'],taxane,breast,breast,False,,,ongoing,False,True,,I started losing my hair by my 5th session... my hair has started to grow back pretty evenly,0.97
14p5caa,breastcancer,2023,relevant,self,True,True,curlier,more_curl,immunotherapy and such,['ICI'],ICI,breast,breast,True,pin straight,,ongoing,True,False,,It’s curly after showers (was pin straight before). But the curls don’t have staying power.,0.99
14q7puj,cancer,2023,relevant,self,True,True,none,not_stated,R-CHOP,"['anthracycline', 'alkylator', 'vinca']",alkylator;anthracycline;vinca,DLBCL,lymphoma_nonhodgkin,True,Shaved sides and long hair on top to the neck; then cut to a buzz cut as hair began falling out.,,ongoing,True,True,,My hair started falling out late last week... Now the short hair is falling out. My scalp is sensitive and what I'd describe as sore.,0.99
14rb6z0,cancer,2023,relevant,self,True,True,,not_stated,chemo; radiation for 12 days at very low doses,[],,leukemia,leukemia,False,,,unknown,False,False,,I'm finished with chemo and my hair fell out but after 3-4 months it grew back now started radiation... on day 10... all my hair came out.,0.98
14tm3tb,cancer,2023,relevant,self,True,True,none,not_stated,"chemo, radiation and surgery",['unspecified'],unspecified,,not_stated,False,,,unknown,False,True,,"after going through chemo, radiation and surgery... obviously lack of hair... I miss what I used to be",0.96
14wd3tm,lymphoma,2023,relevant,self,True,True,thinner,not_stated,6 months of ABVD,"['anthracycline', 'alkylator', 'vinca']",alkylator;anthracycline;vinca,lymphoma,lymphoma_nonhodgkin,True,Had more hair before treatment; substantial hair remained during treatment.,0.8,ongoing,False,False,,"I lost a lot of my hair but enough remained so that I didn’t need to shave it. Now I’m 24 days post my last chemo, and I’m still noticing hair fallout.",0.98
14wgsz9,breastcancer,2023,relevant,self,True,True,curlier;grayer,not_stated,chemo,['unspecified'],unspecified,,not_stated,False,,5.0,ongoing,False,False,,Five months ago I had last round of chemo and now my hair is growing in salt and pepper chemo curls.,0.94
14x2pjo,lymphoma,2023,relevant,self,True,True,thinner,not_stated,two rounds of chemo and two different CAR-Ts; radiation therapy,['unspecified'],unspecified,lymphoma,lymphoma_nonhodgkin,False,,,ongoing,False,False,,"Hair has gone and come and still slightly gone, but I'm here.",0.97
14xjqw5,lymphoma,2023,relevant,self,True,True,curlier,more_curl,chemo,['unspecified'],unspecified,lymphoma,lymphoma_nonhodgkin,True,straight hair,4.0,ongoing,True,False,,I'm 6 months after chemo... It started to get curly like 2 months ago.,0.98
14z48km,breastcancer,2023,relevant,self,True,True,texture_only;thinner,not_stated,chemo,['unspecified'],unspecified,,not_stated,True,Body hair used to produce coarse stubble after shaving.,,ongoing,False,True,,I am 4 years post chemo. The hair upon my body ... is now much finer than it used to be.,0.99
14zo8nl,lymphoma,2023,relevant,self,True,True,patchy_regrowth;thinner,not_stated,ABVD chemo,"['anthracycline', 'alkylator', 'vinca']",alkylator;anthracycline;vinca,Hodgkin lymphoma,lymphoma_hodgkin,True,Before chemo had no noticeable hair loss.,,ongoing,False,False,,"Hair hasn’t really returned, sides look good but now the top is thin and I have recession by the temples.",0.98
14zqllg,breastcancer,2023,relevant,self,True,True,texture_only,not_stated,kadcyla/TDM1,['targeted_ADC'],targeted_ADC,breast,breast,False,,,ongoing,False,True,,"Please, don’t take too much off my inch curls ... I am still on chemo (kadcyla/TDM1)",0.88
150pgvq,Hair,2023,relevant,self,True,True,color_change_other;texture_only,not_stated,chemo,['unspecified'],unspecified,,not_stated,True,"Silky smooth, naturally light brown hair",,ongoing,True,True,,my hair is not the silky smooth it used to be before chemo. It’s also definitely like four different colors.,0.99
151l9e8,breastcancer,2023,relevant,self,True,True,color_change_other;thinner,not_stated,AC,"['anthracycline', 'alkylator']",alkylator;anthracycline,breast,breast,True,Normally very thick brows,2.5,ongoing,True,False,,I finished chemo almost 10 weeks ago... scabby eyebrows (boo- I normally have very thick brows) and lots of longish white blonde hairs,0.94
151owr8,cancer,2023,relevant,self,True,True,thinner,not_stated,Adriamycin,['anthracycline'],anthracycline,,not_stated,True,Hadn't had any hair loss before chemotherapy.,,ongoing,False,False,,I'm a year out from my last dose of chemo (Adriamycin) ... the hair at the front of my crown is still thin,0.98
1527uw4,breastcancer,2023,relevant,self,True,True,texture_only,not_stated,chemo,['unspecified'],unspecified,,not_stated,False,,,ongoing,False,False,,I finished chemo back in April. My hair is coming in but the texture is different. It’s like baby hair.,0.98
152yeim,leukemia,2023,relevant,survivor_retrospective,True,True,none,not_stated,Hyper C Vad regiment,['unspecified'],alkylator;anthracycline;antimetabolite;vinca,Leukemia & Lymphoma,leukemia,False,,,unknown,False,True,,I lossy my hair after the very first round of treatment,0.99
152yeym,lymphoma,2023,relevant,self,True,True,,not_stated,Hyper C Vad regiment,"['taxane', 'anthracycline', 'antimetabolite', 'vinca']",anthracycline;antimetabolite;taxane;vinca,Leukemia & Lymphoma,leukemia,False,,,unknown,False,True,,I lossy my hair after the very first round of treatment,0.98
153fteu,lymphoma,2023,relevant,self,True,True,none,not_stated,ABVD and steroids; a couple lupron injections,"['anthracycline', 'vinca', 'alkylator', 'endocrine']",alkylator;anthracycline;endocrine;vinca,lymphoma,lymphoma_nonhodgkin,False,,,unknown,False,True,,I already lost my hair so I’ve been having an identity crisis with that,0.99
1549k2l,breastcancer,2023,relevant,self,True,True,patchy_regrowth;thinner,not_stated,ACT,"['taxane', 'anthracycline', 'alkylator']",alkylator;anthracycline;taxane,breast,breast,False,,-0.5,ongoing,True,False,,The sides and back are dark and filling in nicely but the top is still very thin,0.91
158kfyv,lymphoma,2023,relevant,self,True,True,curlier,more_curl,ABVD,"['anthracycline', 'vinca', 'alkylator']",alkylator;anthracycline;vinca,lymphoma,lymphoma_nonhodgkin,True,"Straight hair entire life; before cancer, could just run a brush through it.",,unknown,False,True,,I've had straight hair my entire life and I just really really really don't like having curls.,0.99
15ar9jx,lymphoma,2023,relevant,self,True,True,thinner,not_stated,ABVD for CHL stage 2b,"['anthracycline', 'vinca', 'alkylator']",alkylator;anthracycline;vinca,Hodgkin lymphoma,lymphoma_hodgkin,True,Hair had not grown this fast before chemo.,,ongoing,True,False,,My hair is growing like a WEED and I’ve honestly never had this fast of hair growth even before chemo.,0.97
15dlv0n,breastcancer,2023,relevant,self,True,True,texture_only,not_stated,chemo,['unspecified'],unspecified,breast,breast,False,,,ongoing,False,True,2019.0,"Now, my eyebrows & lashes never grew back like they were & my hair is all stringy",0.96
15dlx78,cancer,2023,relevant,survivor_retrospective,True,True,texture_only,not_stated,chemo,['unspecified'],unspecified,triple negative breast cancer,breast,False,,,ongoing,False,True,2019.0,"Now, my eyebrows & lashes never grew back like they were & my hair is all stringy",0.98
15j5510,cancer,2023,relevant,survivor_retrospective,True,True,permanent_alopecia;thinner,not_stated,chemo,['unspecified'],unspecified,,not_stated,True,brown curls,,permanent_reported,False,True,,It grew back incredibly thin and whispy... how my brown curls never made a comeback.,0.98
15oqb9y,braincancer,2023,relevant,self,True,True,none,not_stated,radiation treatment and oral chemotherapy called temazolimide,"['alkylator', 'radiotherapy_brain']",alkylator;radiotherapy_brain,DIPG,brain_cns,False,,,unknown,False,False,2019.0,After about 50-60 rounds I lost a tiny bit of hair around my ears.,0.97
15q2itk,breastcancer,2023,relevant,self,True,True,,not_stated,taxol,['taxane'],taxane,breast,breast,True,Hair down to her butt,,ongoing,True,True,,I don’t know when I’ll have hair and how long it will take me to get some length!!,0.88
15r0qsn,cancer,2023,relevant,self,True,True,,not_stated,4 rounds of cranial radio and 8 rounds of whole body/TBI radio,"['radiotherapy_brain', 'unspecified']",radiotherapy_brain,,not_stated,False,,,unknown,False,True,2021.0,"I've lost my hair before, and it didn't grow like this!",0.98
15s32xd,breastcancer,2023,relevant,self,True,True,none,not_stated,chemo,['unspecified'],unspecified,breast,breast,True,Had hair before it began falling out and anticipated becoming bald.,,ongoing,True,True,,It’s been falling out for a few days now... I think it’s just going to have to be head shave day.,0.98
15tak9l,cancer,2023,relevant,self,True,True,patchy_regrowth,not_stated,6 treatments of R-CHOP chemotherapy,"['alkylator', 'anthracycline', 'vinca', 'unspecified']",alkylator;anthracycline;vinca,Hodgkin lymphoma (NLPHL),lymphoma_hodgkin,False,,,ongoing,False,True,,"8 months after my last treatment, it's still really patchy. I have several large spots that are completely smooth.",0.98
15taxr3,lymphoma,2023,relevant,self,True,True,thinner,not_stated,12 infusions of ABVD,"['anthracycline', 'alkylator', 'vinca']",alkylator;anthracycline;vinca,NSCHL,lymphoma_hodgkin,False,,,ongoing,False,True,,"only lost 2/3rds of my hair, ... hair is growing in like a fucking Muppet (4-5"" of growth straight out all over my head, but no chemo curls, wtf)",0.94
15u5dtj,cancer,2023,relevant,self,True,True,permanent_alopecia,not_stated,secdemstat as well as cyclophosphamide/Topotecan,"['alkylator', 'unspecified']",alkylator,Ewing sarcoma,sarcoma,False,,,ongoing,False,True,2020.0,I hate being bald.,0.9
15x9tcl,testicularcancer,2023,relevant,self,True,True,thinner,not_stated,7 cisplatin cycles,['platinum'],platinum,testicular,testicular,False,,,ongoing,True,False,2022.0,The hair on my shins is completely gone... My pubic hair has also really thinned out if not bald in places.,0.99
15yldo5,breastcancer,2023,relevant,self,True,True,grayer;thinner,not_stated,Kadcyla,['targeted_ADC'],targeted_ADC,breast,breast,True,Dirty blonde with no gray,,ongoing,False,True,,"My hair is wonky... No chemo curls, just a gray sand color. I used to be dirty blonde with no gray. It’s thinner",0.98
164l4wo,breastcancer,2023,relevant,self,True,True,thinner,not_stated,chemo,['unspecified'],unspecified,inflammatory breast cancer,breast,True,Had given herself a buzz cut in anticipation of treatment; texture not stated.,0.07,ongoing,False,False,,My hair loss has become crazy aggressive ... in my shower 2 days after treatment 2 I lost about 1/3 of my hair.,0.98
164u3d5,Hair,2023,relevant,self,True,True,patchy_regrowth,not_stated,40 rounds of radiation and 20 weeks of one of the strongest chemo cocktails out there,['unspecified'],unspecified,breast,breast,True,"Constant long locks, at one point past her butt",,ongoing,True,True,,My hair...was gone only to come back in bits and pieces...a hair that makes me look like my whole head is a combover.,0.99
168kaaa,lymphoma,2023,relevant,self,True,True,color_change_other;thinner,not_stated,chemo,['unspecified'],unspecified,lymphoma,lymphoma_nonhodgkin,False,,,ongoing,False,True,,"I’m 1+ year from my last chemo and my hair is so thin, hardly grows, and grew back very light.",0.98
168zmc6,cancer,2023,relevant,self,True,True,thinner,not_stated,BEACOPP,['unspecified'],alkylator;anthracycline;vinca,,not_stated,False,,,ongoing,False,False,,This year in August I started to lose a significant amount of hair.,0.98
1691wuk,leukemia,2023,relevant,survivor_retrospective,True,True,grayer,not_stated,chemo,['unspecified'],unspecified,,not_stated,True,Hair was less gray before treatment; after regrowth it was a bit more gray.,,ongoing,True,False,,"Everything grew back fine, though a bit more gray.",0.98
169cft5,cancer,2023,relevant,self,True,True,thinner,not_stated,oxaliplatin; chemo triplet/doublet,['platinum'],platinum,small intestine adenocarcinoma,gi_other,False,,,ongoing,False,True,2023.0,"No, the types of chemo I’m doing don’t directly attack hair follicles, just thins ‘em. But my beard has thinned 37%. I’m afraid it may soon need to go.",0.99
16cx6u0,testicularcancer,2023,relevant,self,True,True,patchy_regrowth;thinner,not_stated,1 round of BEP,"['platinum', 'unspecified']",platinum,testicular,testicular,True,Normally bearded; sideburns and beard were previously thicker.,5.0,ongoing,False,False,,"Around 5 months post chemo, I realized that I was losing significant hair on both sides of my head and that my sideburns were getting quite thin.",0.99
16gdumk,braincancer,2023,relevant,self,True,True,thinner,not_stated,30 sessions of radiation,['radiotherapy_scalp'],radiotherapy_scalp,,not_stated,True,Hadn't lost any hair before the hair started falling out after radiation.,0.25,ongoing,False,False,,"A week or so after my last treatment, the hair is starting to fall out.",0.97
16gpyhi,FemaleHairLoss,2023,relevant,self,True,True,thinner,not_stated,taxotere,['taxane'],taxane,breast,breast,True,Pre-existing androgenetic alopecia (AGA),,ongoing,False,True,,my hair grew back very thin on the crown after chemotherapy with taxotere five years ago,0.98
16ixfon,lymphoma,2023,relevant,self,True,True,patchy_regrowth;thinner,not_stated,ABVD every other Wednesday for four ounds (or whatever. 8 infusions) as well as 15 days radiation,"['anthracycline', 'alkylator', 'vinca']",alkylator;anthracycline;vinca,Classic Hodgkin lymphoma,lymphoma_hodgkin,False,,,ongoing,True,True,,My hair was gone but slowly coming back in wispy tufts lol.,0.98
16jl6dn,coloncancer,2023,relevant,self,True,True,thinner,not_stated,Keytruda,['ICI'],ICI,colon,colorectal,False,,,unknown,False,False,,I’m on my 6th Keytruda infusion for Stage IV colon cancer and I’ve started noticing my hair thinning.,0.99
16jyto3,braincancer,2023,relevant,self,True,True,permanent_alopecia,not_stated,6 weeks of concurrent tmz and radiation; 12 months of maintenance chemo,"['alkylator', 'radiotherapy_brain']",alkylator;radiotherapy_brain,"anaplastic astrocytoma, grade 3 (AA3), brain",brain_cns,False,,,permanent_reported,True,False,,"the hair on my left frontal lobe has not come back. Fortunately, I have been able to embrace the look.",0.98
16k6r2o,breastcancer,2023,relevant,self,True,True,color_change_other;curlier,not_stated,chemo,['unspecified'],unspecified,breast,breast,False,,5.0,ongoing,False,True,,"I'm 5 months out of chemo... My hair came back a different, lighter color so far, plus starting to curl.",0.98
16n369w,lymphoma,2023,relevant,self,True,True,thinner,not_stated,radiation therapy ... upper chest/neck. 15 rounds.,['unspecified'],unspecified,lymphoma,lymphoma_nonhodgkin,False,,,ongoing,False,False,,"I've noticed thinning hair (it already grew back from treatment this spring but is thinning in a typical ""balding"" location)",0.98
16oj56l,breastcancer,2023,relevant,self,True,True,patchy_regrowth;thinner,not_stated,"twelve weekly infusions of taxol, and HP infusions every three weeks; currently halfway through radiation","['taxane', 'unspecified']",taxane,triple positive breast cancer,breast,False,,1.5,ongoing,False,True,,My hair started to grow back about six weeks after my last chemotherapy infusion... It came back patchy... very thin regrowth,0.98
16pgjd9,cancer,2023,relevant,self,True,True,,not_stated,5th chemo,['unspecified'],unspecified,,not_stated,False,,,ongoing,False,True,,"Now I’m bald, no eyebrows, no eyelashes, pale skin, tired eyes",0.99
16rv7er,malehairadvice,2023,relevant,self,True,True,texture_only;thinner,not_stated,around 700 hours of intense chemo,['unspecified'],unspecified,,not_stated,False,,,ongoing,False,True,,I am 14 months in remission from around 700 hours of intense chemo... my hair is very straight and soft. It’s also very weak,0.92
16u3gwo,curlyhair,2023,relevant,self,True,True,curlier,more_curl,chemo,['unspecified'],unspecified,,not_stated,True,straight as a board,,ongoing,True,False,,Hair was straight as a board before chemo... My chemo curls are just darling!!,0.99
16wlqqx,curlyhair,2023,relevant,self,True,True,curlier,more_curl,chemo,['unspecified'],unspecified,,not_stated,True,straight,,unknown,True,False,,Lost my hair to chemo and it grew back curly. Used to be straight.,0.99
16xrak4,testicularcancer,2023,relevant,self,True,True,thinner,not_stated,21-day BEP regimen; 4xBEP,['platinum'],platinum,mediastinal germ cell tumour (seminoma),testicular,True,Hair before treatment was fuller than the current thin and sparse regrowth; exact baseline texture is unstated.,,ongoing,False,True,,"I lost all of my hair as the first cycle was ending. It seems like the hair has started to grow back. However, it's quite thin and sparse compared to earlier.",0.99
16z3kgu,breastcancer,2023,relevant,self,True,True,curlier,more_curl,chemo,['unspecified'],unspecified,breast,breast,True,So straight,,ongoing,True,False,,"Wow do I have chemo curls! And my before hair was so straight... It’s about 2-3 inches now, and the curl is pretty tight.",0.99
16zx4iy,cancer,2023,relevant,self,True,True,thinner,not_stated,Afatinib oral,['unspecified'],unspecified,metastatic lung cancer,lung,False,,,unknown,False,False,,Hair loss of course.,0.93
170ozr0,curlyhair,2023,relevant,self,True,True,curlier,not_stated,chemo,['unspecified'],unspecified,,not_stated,False,,,ongoing,True,False,,I recently got out of chemo and now I have curly hair.,0.91
170qwr3,cancer,2023,relevant,survivor_retrospective,True,True,none,not_stated,chemo,['unspecified'],unspecified,,not_stated,True,long hair,,partially_reverted,True,True,2022.0,My hair was falling out in clumps ... I'm happy that it's growing back,0.96
173iwda,curlyhair,2023,relevant,self,True,True,texture_only,not_stated,chemotherapy,['unspecified'],unspecified,,not_stated,True,Natural hair is straight.,,ongoing,False,True,,"Instead of my hair falling out, it has caused my hair texture to grow in extremely frizzy and dry.",0.96
173ixto,curlyhair,2023,relevant,self,True,True,curlier;texture_only,more_curl,chemotherapy,['unspecified'],unspecified,,not_stated,True,Natural hair is straight; top part is straight when off chemotherapy.,,ongoing,False,True,,"Instead of my hair falling out, it has caused my hair texture to grow in extremely frizzy and dry.",0.94
173izmu,curlyhair,2023,relevant,self,True,True,texture_only,not_stated,chemotherapy,['unspecified'],unspecified,,not_stated,True,Natural hair is straight when off chemotherapy.,,ongoing,False,True,,It has caused my hair texture to grow in extremely frizzy and dry.,0.95
173j0pf,curlyhair,2023,relevant,self,True,True,texture_only,not_stated,chemotherapy,['unspecified'],unspecified,,not_stated,True,Straight natural hair without the effect from chemotherapy.,,ongoing,False,True,,"Instead of my hair falling out, it has caused my hair texture to grow in extremely frizzy and dry.",0.91
174z0z7,cancer,2023,relevant,self,True,True,thinner,not_stated,ABVD,"['taxane', 'anthracycline', 'alkylator', 'vinca']",alkylator;anthracycline;taxane;vinca,,not_stated,False,,,ongoing,False,False,,I just have very thin fuzzy hair... the rest of my hair starts to come back (which it hasn't done yet).,0.98
175tc2m,testicularcancer,2023,relevant,self,True,True,grayer,not_stated,chemo,['unspecified'],unspecified,testicular,testicular,True,naturally dark brown hair,,ongoing,True,False,,"I have naturally dark brown hair, but have noticed a significant amount of white/grey hairs in my hair and beard since finishing treatment.",0.99
1789va3,cancer,2023,relevant,self,True,True,,not_stated,Paclitaxel and Carboplat,"['taxane', 'platinum']",platinum;taxane,,not_stated,True,Shaved head before chemotherapy; scalp hair grew a little before falling out.,,ongoing,False,True,,"Few days ago, pubic hair and hair from the scalp started falling out but not everything is gone yet.",0.99
179syo0,Hair,2023,relevant,self,True,True,grayer,not_stated,chemo,['unspecified'],unspecified,,not_stated,True,Natural ginger/red hair,,ongoing,False,False,,"after approaching 40 and going through chemo and having more gray than red, I stopped",0.98
17a76vz,breastcancer,2023,relevant,self,True,True,none,not_stated,chemo,['unspecified'],unspecified,breast,breast,True,very thick and curly,,ongoing,True,False,,"I have hair, but it's like a pixie cut, and nowhere near where it used to be before chemo. My hair was very thick and curly.",0.98
17bn9bw,breastcancer,2023,relevant,self,True,True,curlier,not_stated,chemo,['unspecified'],unspecified,,not_stated,False,,,ongoing,True,False,,"My post-chemo hair ... with tight chemo curls in the back, curling up at the sides",0.89
17cu550,cancer,2023,relevant,self,True,True,none,not_stated,6 rounds of chemo,['unspecified'],unspecified,,not_stated,True,,,unknown,True,False,,"I've undergone 6 rounds of chemo so far, and lost the majority of the hair on my body.",0.98
17dlvmr,breastcancer,2023,relevant,self,True,True,thinner,not_stated,TCHP; HP; radiation; Anastrazole,"['taxane', 'platinum', 'endocrine']",endocrine;platinum;taxane,breast,breast,True,Had a ton of hair; hair grew fast enough to require root coloring every 4–6 weeks.,,ongoing,False,True,,In 6 months my hair is barely a third of an inch and my scalp is not even 50% covered.,0.98
17eo4rc,braincancer,2023,relevant,self,True,True,,not_stated,proton radiation April & May; standard of care TMZ,"['radiotherapy_brain', 'alkylator']",alkylator;radiotherapy_brain,"anaplastic astrocytoma, grade 3",brain_cns,True,"Had long hair before treatment, implied by wanting to have long hair again.",,ongoing,False,True,2023.0,Even just having lost hair from radiation the time it’s going to take for me to have long hair again is at least three years.,0.98
17fxozb,lymphoma,2023,relevant,self,True,True,patchy_regrowth;thinner,not_stated,,[],,lymphoma,lymphoma_nonhodgkin,False,,,ongoing,False,True,,My hair is growing in so patchy and thinned and I have these like bald spots.,0.98
17gkjjt,testicularcancer,2023,relevant,self,True,True,thinner,not_stated,3xBEP,['platinum'],platinum,testicular,testicular,False,,4.0,ongoing,False,True,,I’m coming up on 4 months post 3xBEP. I’ve noticed my eyebrows are really starting to thin out again.,0.99
17hl7w1,lymphoma,2023,relevant,self,True,True,texture_only;thinner,not_stated,post-chemo,['unspecified'],unspecified,lymphoma,lymphoma_nonhodgkin,False,,,ongoing,True,False,,my post-chemo hair regrowth looked like baby chick fluff. My hair is finally just long enough to lay down,0.84
17j6mry,curlyhair,2023,relevant,self,True,True,straighter,less_curl,chemo,['unspecified'],unspecified,,not_stated,True,wavy/curly hair,,ongoing,False,True,,I've always had wavy/curly hair. I'm 2 years post chemo and my hair is flat and frizzy. Always.,0.99
17oh1uo,leukemia,2023,relevant,self,True,True,,not_stated,powerful chemo just before the transplant,['unspecified'],unspecified,,not_stated,False,,,ongoing,True,False,,the hair on my head has not fully recovered yet,0.95
17qdqxl,breastcancer,2023,relevant,self,True,True,thinner,not_stated,chemo,['unspecified'],unspecified,,not_stated,False,,,unknown,True,False,,I am enjoying not having my hair shedding everywhere I look like a potato and I’m still in treatment,0.94
17qq4oq,breastcancer,2023,relevant,self,True,True,texture_only;thinner,not_stated,chemo and radiation; letrozole,"['unspecified', 'endocrine']",endocrine,breast IDC,breast,False,,,ongoing,True,True,2015.0,My hair actually came back beautifully and my chemo curls stayed... my ponytail is much much thinner.,0.98
17r8c3b,leukemia,2023,relevant,self,True,True,thinner,not_stated,chemo; irradiated in preparation for my BMT,['unspecified'],unspecified,leukemia,leukemia,True,"Before leukemia, hair was cut every 6-8 weeks; it later grew back after treatment.",8.2,ongoing,True,True,,"it looks like it's grown maybe a week or two since the cut almost three months ago. upon closer inspection, it's falling out",0.97
17tn4ki,braincancer,2023,relevant,self,True,True,,not_stated,proton therapy,['radiotherapy_brain'],radiotherapy_brain,brain cancer,brain_cns,True,Already thinning a bit at the temples,,ongoing,True,False,,"I have lost some hair due to proton therapy, Im not on chemo so its only 1/4 of my hair on my scalp that i have lost",0.98
17tz4jl,breastcancer,2023,relevant,self,True,True,color_change_other,not_stated,TCx4,"['taxane', 'alkylator']",alkylator;taxane,breast,breast,True,"thick, wavy hair",,ongoing,True,False,2023.0,"I had thick, wavy hair pre-chemo... I tried to have it colored last month but the color didn’t take so I’m learning to love grey.",0.9
17uzk9s,cancer,2023,relevant,self,True,True,thinner,not_stated,"6 rounds of Paclitaxel, Carboplatinum and Bevazicubam","['taxane', 'platinum', 'unspecified']",platinum;taxane,cervical and abdominal tumors,gynecologic_other,False,,,unknown,False,False,,"So far I am handling it well and do not feel a lot of symptoms aside from bone pain, tiredness, insomnia, loss of hair",0.97
17v2ics,braincancer,2023,relevant,self,True,True,patchy_regrowth,not_stated,radiation,['radiotherapy_scalp'],radiotherapy_scalp,,not_stated,False,,,ongoing,False,True,,I lost the entire crown of my head to radiation and now the remaining bit that has not grown back is a medium-sized bald patch,0.98
17ylwef,cancer,2023,relevant,self,True,True,thinner,not_stated,keytruda infusions,['ICI'],ICI,melanoma,melanoma,False,,,reverted,False,True,,"i started with low TSH levels, joint pain, hair loss. that’s seemed to work itself out now",0.92
17zqlid,curlyhair,2023,relevant,self,True,True,curlier,not_stated,chemo,['unspecified'],unspecified,,not_stated,False,,,ongoing,True,False,,I am a new curly gal after losing most of my hair to chemo,0.94
186ulxk,glioblastoma,2023,relevant,self,True,True,,not_stated,radiation,['radiotherapy_brain'],radiotherapy_brain,glioblastoma,brain_cns,False,,,unknown,False,True,,I have already lost a large portion of hair in one day it just started to fall out.,0.99
187qzs0,curlyhair,2023,relevant,self,True,True,curlier,more_curl,chemo,['unspecified'],unspecified,,not_stated,True,"“Mixed genre” hair: one piece straight, another wavy, and some ringlets, especially in the back underneath.",,ongoing,True,True,,I used to have what I called “mixed genre” hair... But chemo took all my hair and now that it’s growing back... The back is growing in legit curly.,0.97
188qvdk,malehairadvice,2023,relevant,self,True,True,patchy_regrowth,not_stated,radiation,['radiotherapy_scalp'],radiotherapy_scalp,,not_stated,False,,,ongoing,False,True,,my hair doesn’t grow in properly on my right side due to radiation... revealing the bald spots,0.97
189r00l,lymphoma,2023,relevant,self,True,True,thinner,not_stated,ABVD chemo,"['anthracycline', 'alkylator', 'vinca']",alkylator;anthracycline;vinca,Classic Hodgkin lymphoma,lymphoma_hodgkin,False,,,unknown,True,False,,"my hair didn't really fall out, I mean some of it did but only like 25% of it I'd say",0.98
18auy87,cancer,2023,relevant,self,True,True,,not_stated,TCHP,"['taxane', 'platinum']",platinum;taxane,,not_stated,False,,,unknown,False,False,,Also I'm completely bald save some little fuzzies left.,0.98
18b3p6d,cancer,2023,relevant,self,True,True,thinner,not_stated,chemo,['unspecified'],unspecified,Hodgkin lymphoma,lymphoma_hodgkin,False,,,ongoing,True,True,,wash my hair on my own (not that there is much hair to wash after chemo lol),0.98
18brgrz,testicularcancer,2023,relevant,self,True,True,none,not_stated,3xBEP,"['platinum', 'unspecified']",platinum,testicular,testicular,True,Head hair previously grew at a normal rate; facial hair was consistent.,,ongoing,False,False,,"About a month ago, I noticed that my facial hair was growing much slower after shaving than before.",0.98
18culki,curlyhair,2023,relevant,self,True,True,curlier;grayer;texture_only;thinner,more_curl,chemo; continued treatment (for 2 yrs more years) / hormone blocker (forever),"['unspecified', 'endocrine']",endocrine,,not_stated,True,"Fine textured, thickish, wavy hair that was generally easy to care for.",11.0,ongoing,False,True,,Before treatment I had fine textured thickish ... wavy hair; 11 months into my growth post chemo ... most of it curls but chunks ... stick straight.,0.94
18dsmzu,HeadandNeckCancer,2023,relevant,self,True,True,patchy_regrowth,not_stated,radiation only,['radiotherapy_scalp'],radiotherapy_scalp,,not_stated,False,,,ongoing,False,True,,I have developed a mysterious regrowth of head hair at the base of my skull. It looks almost like I have an undercut.,0.93
18dy6wo,breastcancer,2023,relevant,self,True,True,none,not_stated,keynote 522; AC; radiation,"['anthracycline', 'alkylator', 'ICI']",ICI;alkylator;anthracycline,breast,breast,False,,,unknown,False,True,,on top of being bald... once my hair grows back I should be prepared to feel hotter than I’ve ever felt,0.87
18e0lmg,breastcancer,2023,relevant,self,True,True,patchy_regrowth,not_stated,10 sessions of radiotherapy and a month afterwards a new type of chemo,"['radiotherapy_brain', 'unspecified']",radiotherapy_brain,brain tumors,brain_cns,False,,,unknown,False,False,,"My hair has started to grow, mowhack style, super dense in that area but almost next to none in the sides and front.",0.98
18e7suv,breastcancer,2023,relevant,self,True,True,,not_stated,AC (Doxorubicin and Cyclophosphamide),"['anthracycline', 'alkylator']",alkylator;anthracycline,breast,breast,False,,,unknown,False,True,,I had my first round of AC (Doxorubicin and Cyclophosphamide) on the 15th November. So.. I am nearly fully bald now,0.98
18fabdk,curlyhair,2023,relevant,self,True,True,curlier;straighter,no_curl_change,chemo,['unspecified'],unspecified,blood cancer,leukemia,True,pin straight,,reverted,True,True,,my hair has always been pin straight... my hair started growing in curly... my roots are extremely straight now,0.99
18hko7b,testicularcancer,2023,relevant,self,True,True,curlier,not_stated,2x EP,['platinum'],platinum,testicular,testicular,False,,,ongoing,True,False,,My hair came back (curly!),0.82
18hyzue,breastcancer,2023,relevant,self,True,True,permanent_alopecia,not_stated,radiation,[],,,not_stated,True,underarm hair before radiation,,ongoing,True,False,,"The area that was radiated look like it had a third-degree burn, peeled, healed, but the hair never grew back.",0.94
18icxr6,cancer,2023,relevant,self,True,True,thinner,not_stated,6 weekly chemo (cisplatin) and 33 IMRT radiation treatments,['platinum'],platinum,neck squamous cell carcinoma,head_neck,False,,2.5,ongoing,False,False,,My hair is starting to thin which wasn’t a problem during treatment.,0.98
18ko909,cancer,2023,relevant,self,True,True,color_change_other;grayer;texture_only;thinner,not_stated,chemo(rchop)(2b lymphoma),"['anthracycline', 'alkylator', 'vinca']",alkylator;anthracycline;vinca,lymphoma,lymphoma_nonhodgkin,True,"Previously thicker and darker than the regrown hair, as implied by 'not as thick' and 'much lighter.'",1.0,ongoing,False,True,,"My hair is coming back but it's more coarse and not as thick and of course coming back much lighter, almost grey in most places.",0.99
18litsi,cancer,2023,relevant,self,True,True,thinner,not_stated,intravenous vinblastine and pazopanib pills,"['vinca', 'unspecified']",vinca,,not_stated,False,,,ongoing,False,True,,My hair is so thin and oily every day. I know it's really not an important thing and that it's because of the chemo but it really makes my mental health worse.,0.97
18mk9hx,curlyhair,2023,relevant,self,True,True,thinner,not_stated,radiation,['unspecified'],unspecified,,not_stated,True,"Curly hair is described, but its status specifically before radiation is not stated.",,unknown,False,True,,I lost 1/4 of my hair to radiation just 2 years ago.,0.96
18n6pup,Hair,2023,relevant,self,True,True,thinner,not_stated,chemo,['unspecified'],unspecified,,not_stated,False,,,ongoing,False,True,,I’m currently having a tough time with my hair. I don’t even know where to start but it’s extremely thin.,0.96
18pnudo,lymphoma,2023,relevant,self,True,True,thinner,not_stated,4 months of AVD (no blew) and Nivolumab,"['anthracycline', 'vinca', 'alkylator', 'ICI']",ICI;alkylator;anthracycline;vinca,HL,lymphoma_hodgkin,False,,,ongoing,False,True,2022.0,"My symptoms include: rhinitis, thin hair all over body, dry skin, low libido, fatigue, brain fog, and overall feeling inflamed.",0.98
18ptouj,cancer,2023,relevant,survivor_retrospective,True,True,permanent_alopecia,not_stated,BEACOPP and minor radiation,"['anthracycline', 'alkylator', 'vinca']",alkylator;anthracycline;vinca,Stage 4 Hodgkins Lymphoma,lymphoma_hodgkin,False,,,ongoing,False,False,,I’m now roughly 12-years post BEACOPP and minor radiation ... And aside from being bald and infertile,0.88
18q3vxn,Hair,2023,relevant,self,True,True,curlier,more_curl,chemo,['unspecified'],unspecified,,not_stated,True,PIN STRAIGHT hair whole life,,partially_reverted,True,False,,"I had PIN STRAIGHT hair my whole life, so it was a dream when I finally had curls; now that it’s grown out ... it’s mostly straight.",0.97
18t8gf1,curlyhair,2023,relevant,self,True,True,curlier,more_curl,chemotherapy,['unspecified'],unspecified,,not_stated,True,"Very light waves and thick, coarse hair",,unknown,True,False,,"I used to have very light waves and thick, coarse hair... When my hair grew back after treatment, it was very curly.",0.99
18tvpg9,FemaleHairLoss,2023,relevant,self,True,True,curlier;thinner,not_stated,chemo,['unspecified'],unspecified,,not_stated,False,,,ongoing,True,False,,"The back is beginning to curl again! My sides are filling in. The top front is still thin... less ""chemo.""",0.86
18u9nom,lymphoma,2023,relevant,self,True,True,thinner,not_stated,six cycles of A(B)VD chemo; began my first ABVD cycle in Aug 2023,"['anthracycline', 'alkylator', 'vinca']",alkylator;anthracycline;vinca,classic Hodgkin’s lymphoma,lymphoma_hodgkin,True,long ginger hair,,unknown,False,True,2023.0,"My long ginger hair that became so trivial to my identity was suddenly gone, replaced by a bald egg-head that I no longer recognized.",0.99
18vznfs,cancer,2024,relevant,self,True,True,thinner,not_stated,12 fortnightly rounds of FOLFOX chemo; FOLFIRI (basically swapping a drug called Oxaliplatin ... for a different med called Irinotecan),"['platinum', 'antimetabolite']",antimetabolite;platinum,stomach,gi_other,False,,,ongoing,False,True,,"This has also caused me to start losing my hair, but this is far from my biggest problem.",0.99
18xucc9,curlyhair,2024,relevant,self,True,True,straighter;thinner,less_curl,radiation treatments,['unspecified'],unspecified,thyroid,other,True,"Shirley Temple ringlets; very curly, thick, dry hair",,ongoing,True,False,,"After the removal of my thyroid and radiation treatments, I lost about 1/3 of my hair and then it went wavy for a year before going totally straight. It’s now very fine.",0.99
18y0y5g,breastcancer,2024,relevant,self,True,True,patchy_regrowth;thinner,not_stated,chemo,['unspecified'],unspecified,breast,breast,True,thick full hair,1.0,ongoing,True,True,,It’s been 4 weeks since my last chemo treatment but I am anxious to have my thick full hair come back.,0.97
18yqksq,cancer,2024,relevant,self,True,True,curlier;thinner,more_curl,ABVD cycles,"['anthracycline', 'alkylator', 'vinca']",alkylator;anthracycline;vinca,Hodgkin lymphoma,lymphoma_hodgkin,True,Thick hair with no signs of hair loss,3.0,ongoing,False,True,,About 3 months later my hair all but grew in. It was definitely thinner and curlier,0.98
18yqqdc,lymphoma,2024,relevant,self,True,True,curlier;patchy_regrowth;thinner,more_curl,ABVD cycles,"['anthracycline', 'alkylator', 'vinca']",alkylator;anthracycline;vinca,Hodgkins Lymphoma,lymphoma_hodgkin,True,Thick hair with no signs of hair loss or male pattern baldness.,6.0,ongoing,False,True,,"About 3 months later my hair all but grew in. It was definitely thinner and curlier, but otherwise covered my entire scalp.",0.98
19239qh,testicularcancer,2024,relevant,self,True,True,patchy_regrowth,not_stated,3xBEP,['platinum'],platinum,"testicular embryonal carcinoma, non-seminoma",testicular,False,,,ongoing,False,False,,"Around October / November, I shaved my cheeks and my beard hasn’t grown back the same since. It’s patchy and bare in spots.",0.96
192fjv9,leukemia,2024,relevant,self,True,True,thinner,not_stated,Hyper CVAD chemo; blinatumomab immunotherapy,"['alkylator', 'anthracycline', 'vinca', 'unspecified']",alkylator;anthracycline;vinca,B-cell ALL,leukemia,False,,,unknown,False,True,2023.0,the psychological struggles from loosing my hair again,0.78
194k1iy,cancer,2024,relevant,self,True,True,thinner,not_stated,TC chemo; Zoladex; Anastrozole,"['unspecified', 'endocrine']",endocrine,,not_stated,False,,,ongoing,False,False,,"I cold capped during but lost 85% of my hair. Hair growth has been pretty steady since finishing chemo but today I have lost a lot of hair, more than usual.",0.98
194lrri,cancer,2024,relevant,self,True,True,,not_stated,Vincristine only; Cisplatin + Vincristine; Vincristine only; Vincristine + cyclophosphamide; radiotherapy,"['vinca', 'platinum', 'alkylator', 'radiotherapy_brain']",alkylator;platinum;radiotherapy_brain;vinca,medulloblastoma,brain_cns,False,,,unknown,False,False,,"Vincristine wasn't that big of a deal for my body luckily, i only lost hair",0.98
194om37,leukemia,2024,relevant,self,True,True,none,not_stated,doxorubicin and vincristine; ara-c; cyclophos-something; IT chemo,"['anthracycline', 'vinca', 'antimetabolite', 'alkylator', 'unspecified']",alkylator;anthracycline;antimetabolite;vinca,leukemia,leukemia,False,,,unknown,False,False,,I remember my hair really coming out in induction when taking doxo at a higher dose,0.99
195b7dt,cancer,2024,relevant,self,True,True,,not_stated,"chemo meds; first one stopped working, so had to change",['unspecified'],unspecified,,not_stated,False,,,unknown,False,True,,"this one is making my hair fall out, and now my head is so sensitive and feels sore to the touch",0.98
195bkj9,cancer,2024,relevant,self,True,True,texture_only;thinner,not_stated,R-CHOP,"['anthracycline', 'alkylator', 'vinca']",alkylator;anthracycline;vinca,,not_stated,True,Kept her lashes throughout chemo; still has some length before the post-chemo change.,1.0,ongoing,False,True,,Post-chemo they have taken a toll for the worse... I still have some length (volume is lacking) and they now react weird with mascara!,0.96
198ndsx,braincancer,2024,relevant,self,True,True,color_change_other,not_stated,radiation,['radiotherapy_brain'],radiotherapy_brain,brain cancer,brain_cns,True,normal hair color,,unknown,False,False,,I have a bald spot but around my bald spot is white hair now,0.93
199im71,lymphoma,2024,relevant,self,True,True,texture_only;thinner,not_stated,6 months of monthly chemo,['unspecified'],unspecified,anaplastic large T-cell non-Hodgkin lymphoma,lymphoma_nonhodgkin,True,long hair,,ongoing,False,False,,"Its been 2 years since my last chemo session. My long hair grew back, thinner and super curly.",0.96
19b568m,breastcancer,2024,relevant,self,True,True,none,not_stated,"neoadjuvant TCHP (docetaxol, carboplatin, herceptin, perjeta)","['taxane', 'platinum']",platinum;taxane,breast,breast,True,black hair texture,,ongoing,True,False,,"I tried paxman scalp cooling also, stopped after round 1, it didn't work for me (black hair texture...) ... I began embracing my bald head a little more.",0.98
19bjln9,FemaleHairLoss,2024,relevant,self,True,True,thicker;thinner,not_stated,luperon and letrozole; chemo,"['endocrine', 'unspecified']",endocrine,breast,breast,False,,,ongoing,False,True,,"My hair has grown back pretty fast. Seems fuller, thicker on the rest of my head... towards the front of my head... might seem worse actually.",0.97
19bqufe,HairLoss,2024,relevant,self,True,True,thinner,not_stated,chemotherapy,['unspecified'],unspecified,,not_stated,False,,,ongoing,False,False,,My hair grew back thinner but changes in texture and thickness are expected.,0.98
19bxpbw,cancer,2024,relevant,self,True,True,thinner,not_stated,Cyclophosphamide and Doxorubcin before switching to Paclitaxel,"['alkylator', 'anthracycline', 'taxane']",alkylator;anthracycline;taxane,,not_stated,False,,,unknown,False,False,,"So far my side effects have been minor -- tiredness, loss of most, but not all, of my hair",0.98
19cefs7,cancer,2024,relevant,self,True,True,texture_only,not_stated,chemo,['unspecified'],unspecified,,not_stated,False,,,ongoing,True,False,,The hair is growing back! What products did you use to tame the curls.,0.87
19d5cbs,testicularcancer,2024,relevant,self,True,True,patchy_regrowth;thinner,not_stated,x3 BEP,['platinum'],platinum,testicular,testicular,False,,6.0,ongoing,False,True,,"After the chemo, it came out really strong, but now my beard is kind of patchy and body hair has been reduced significantly",0.97
19dr90t,breastcancer,2024,relevant,self,True,True,straighter,less_curl,chemo,['unspecified'],unspecified,breast,breast,True,tight curls,,ongoing,True,False,,I had tight curls prior to chemo and now they are much looser. Love both texture but I really love how bouncy my new texture is,0.99
19e54q6,breastcancer,2024,relevant,self,True,True,curlier,not_stated,treatment,['unspecified'],unspecified,breast,breast,False,,,ongoing,True,False,,I am embracing my chemo curls!...curls like this are definitely new to me!,0.96
19ebltc,breastcancer,2024,relevant,self,True,True,patchy_regrowth;texture_only;thinner,not_stated,AC-T Chemo; Lynparza (Olaparib); Lupron; Anastrozole,"['taxane', 'anthracycline', 'alkylator', 'endocrine', 'unspecified']",alkylator;anthracycline;endocrine;taxane,breast,breast,True,"Very thick, straight, heavy hair",12.0,ongoing,False,True,,"After a year of growing, my hair is extremely fine, like baby hair, and fluffy/poofy. It’s also growing back very sparsely.",0.98
1abo14p,HairLoss,2024,relevant,self,True,True,patchy_regrowth;thinner,not_stated,conditioning chemo for bone marrow transplantation,['unspecified'],unspecified,leukemia,leukemia,False,,,ongoing,True,True,,ever since the day I shaved my head for the last time almost 2.5 years ago it hasn’t grown back. right now I have very little thin patchy hair.,0.99
1abqeu5,breastcancer,2024,relevant,self,True,True,patchy_regrowth;thinner,not_stated,"taxol, carbo, followed by A/C. Keytruda throughout, and continuing for another couple of months. I did about a month of daily radiation after surgery.","['taxane', 'platinum', 'anthracycline', 'alkylator', 'ICI']",ICI;alkylator;anthracycline;platinum;taxane,breast (TNBC),breast,False,,3.0,ongoing,False,True,,I am about 3 months post chemo... my hair regrowth has left me impatient. It’s coming in thin and patchy.,0.99
1acp6wn,FemaleHairLoss,2024,relevant,self,True,True,thinner,not_stated,"chemo, surgery, radiation and immunotherapy infusions; hormone blockers","['endocrine', 'unspecified']",endocrine,breast,breast,False,,,ongoing,True,True,2021.0,"After chemo, surgery, radiation and immunotherapy infusions, I was put on hormone blockers... this caused female pattern hair loss that has gotten worse this past year.",0.98
1adh45z,braincancer,2024,relevant,self,True,True,,not_stated,"proton beam therapy (PBT); Vincristine, Lomunstine, Cisplatin or Vincristine and Cyclophosphamide","['vinca', 'platinum', 'alkylator', 'radiotherapy_brain']",alkylator;platinum;radiotherapy_brain;vinca,medulloblastoma,brain_cns,False,,,unknown,False,False,2024.0,During PBT I was tired so often slept through sessions and suffered alopecia and nausea as other side effects.,0.97
1aefhdt,breastcancer,2024,relevant,self,True,True,thinner,no_curl_change,chemo,['unspecified'],unspecified,breast,breast,True,Black hair with curls,,ongoing,True,True,,"Unfortunately a LOT of my black hair seems to have taken an early retirement, but so far my curls seem to be intact",0.96
1aejmye,cancer,2024,relevant,self,True,True,patchy_regrowth,not_stated,chemo,['unspecified'],unspecified,,not_stated,True,Trichotillomania with hair pulling since middle school and some bald spots hidden with headbands and hats.,,ongoing,False,True,,"Even after chemo, my hair on the scalp did not grow, but I do have some on the back.",0.98
1ahbm76,leukemia,2024,relevant,self,True,True,,not_stated,"2 cycles of Hyper - CVAD chemo which included cyclophosphamide, vincristine, doxorubicin, and dexamethasone chemos with rituximab immunotherapy; 4 cycles of immunotherapy with blinatumomab and periodic rituximab/inotuzumab infusions","['alkylator', 'vinca', 'anthracycline', 'targeted_ADC']",alkylator;anthracycline;targeted_ADC;vinca,"B-cell ALL, Ph-negative",leukemia,False,,,ongoing,False,False,2023.0,My hair fell out and I went fully bald end of July 2023. I had the tiniest bit of hair start to grow back end of August 2023.,0.98
1ai1xwu,breastcancer,2024,relevant,self,True,True,curlier,more_curl,chemo; anastrozole and verzino,"['unspecified', 'endocrine', 'CDK4_6i']",CDK4_6i;endocrine,breast,breast,True,long black/grey bone straight hair,,ongoing,False,True,,Before chemo I had long black/grey bone straight hair. I’m tired of having to explain that I did not perm my hair.,0.99
1ak6dze,lymphoma,2024,relevant,self,True,True,texture_only;thicker;thinner,not_stated,ABVD and escaBEACOPP,"['anthracycline', 'alkylator', 'vinca']",alkylator;anthracycline;vinca,CHL,lymphoma_hodgkin,True,Hair was less dense before treatment than the initial regrowth.,,ongoing,False,True,,"after a few months it came back even more dense than it was, but the parts of it were soft. That lasted about two months, then I noticed that my hair on the sides started falling off",0.98
1anz352,lymphoma,2024,relevant,self,True,True,permanent_alopecia,not_stated,more chemo and Stem Cell Transplant,['unspecified'],unspecified,lymphoma,lymphoma_nonhodgkin,False,,,ongoing,False,True,,"my hair hasn't grown AT ALL, and I'm still bald",0.85
1aqfkqr,curlyhair,2024,relevant,self,True,True,curlier,more_curl,chemo,['unspecified'],unspecified,,not_stated,True,pin straight hair,,unknown,False,True,,my pin straight hair all fell out and now I've got 2 inches of CURLY hair!,0.99
1artg2r,cancer,2024,relevant,self,True,True,thinner,not_stated,doxorubicin; 25 radiation treatments,['anthracycline'],anthracycline,myxoid liposarcoma,sarcoma,False,,,ongoing,True,True,,I lost most of my hair at the end of my first cycle. Lucky me.,0.99
1asaout,braincancer,2024,relevant,self,True,True,permanent_alopecia,not_stated,radiation,['radiotherapy_brain'],radiotherapy_brain,brain cancer,brain_cns,False,,,ongoing,False,True,,I also lost some hair since radiation that doesn’t really wanna come back,0.98
1au8pug,breastcancer,2024,relevant,self,True,True,curlier,more_curl,chemo; radiotherapy,['unspecified'],unspecified,breast,breast,True,straight hair,,ongoing,True,False,,I lost my straight hair during chemo... my hair started growing back! & curly!!!!!,0.99
1avejkl,lymphoma,2024,relevant,self,True,True,none,not_stated,BEACOPP; ABVD,"['alkylator', 'anthracycline']",alkylator;anthracycline,HL,lymphoma_hodgkin,False,,,partially_reverted,False,False,,Almost all my hair(except brows) fell out in November two weeks after starting BEACOPP... then hair just started to sprout everywhere.,0.98
1axacau,testicularcancer,2024,relevant,self,True,True,thinner,not_stated,4 cycles of EP (etoposide and cisplatin),"['platinum', 'unspecified']",platinum,testicular (seminoma),testicular,False,,,ongoing,False,False,2022.0,"Besides that, i experienced thrombosis as a side effect of frequent insertion of cannula... Other side effects I experienced were hair loss (since then my hair has become thinner and i’m almost bald)",0.99
1axis0l,cancer,2024,relevant,self,True,True,permanent_alopecia,not_stated,Doxorubicin and ifosfamide,"['anthracycline', 'alkylator']",alkylator;anthracycline,spindle cell sarcoma,sarcoma,True,Had hair long enough to pull back before treatment.,,ongoing,True,True,,"I was terrified of chemo and losing my hair... During the recovery, walking around with my bald head",0.96
1b0lako,cancer,2024,relevant,self,True,True,,not_stated,doxorubicin,['anthracycline'],anthracycline,myxoid liposarcoma,sarcoma,False,,,unknown,False,True,,"I’ve had 3 cycles of doxorubicin... Yeah, I’m bald and that sucks",0.96
1b1pa9m,cancer,2024,relevant,self,True,True,thinner,not_stated,chemo,['unspecified'],unspecified,,not_stated,False,,,ongoing,True,False,,"I lost probably 80% of my hair. I still have a decent head of hair, but it’s definitely thin and there are bald spots.",0.99
1b4a7n4,braincancer,2024,relevant,self,True,True,,not_stated,radiation followed by a 12 cycle chemo; Temozolomide,"['radiotherapy_brain', 'alkylator']",alkylator;radiotherapy_brain,anaplastic astrocytoma,brain_cns,False,,,ongoing,True,True,2023.0,Hair still hasn’t grown back yet.,0.98
1b8rut6,breastcancer,2024,relevant,self,True,True,,not_stated,chemo treatment,['unspecified'],unspecified,,not_stated,False,,,unknown,False,False,,Ive already lost my hair.,0.99
1bcih88,cancer,2024,relevant,self,True,True,texture_only,not_stated,ABVD,"['anthracycline', 'alkylator', 'vinca']",alkylator;anthracycline;vinca,lymphoma,lymphoma_nonhodgkin,False,,,ongoing,False,False,,my hair looks extremely rough/frizzy and almost unhealthy,0.91
1bcmks7,curlyhair,2024,relevant,self,True,True,texture_only,not_stated,chemo,['unspecified'],unspecified,,not_stated,True,straight silky hair,,ongoing,False,False,,"I had straight silky hair before chemo... The new hair seems extremely dry, rough, frizzy and pointing in all directions.",0.98
1beyrgw,lymphoma,2024,relevant,self,True,True,thinner,not_stated,"2 cycles of ABVD chemotherapy, 2 cycles of AVD chemotherapy and 21 days of radiation to the mediastinal area","['anthracycline', 'alkylator', 'vinca']",alkylator;anthracycline;vinca,Hodgkin lymphoma,lymphoma_hodgkin,True,Hair was thicker before treatment,,ongoing,True,False,,my hair has grown back but wayyyy thinner than before,0.99
1bfqqes,lymphoma,2024,relevant,survivor_retrospective,True,True,curlier;straighter,not_stated,8 rounds of abvd,"['anthracycline', 'vinca', 'alkylator', 'unspecified']",alkylator;anthracycline;vinca,HL,lymphoma_hodgkin,False,,,reverted,True,False,,"i cut my chemo curls off bc my hair is straight as a board now 😭 it was fun while it lasted tho, i always wanted curly hair.",0.93
1bhka2c,cancer,2024,relevant,self,True,True,none,not_stated,"Radiation five days a week and two heavy doses of chemotherapy, with one more to follow.",['unspecified'],unspecified,p16+ oropharyngeal squamous cell carcinoma of the neck,head_neck,False,,,ongoing,False,False,,loss of most of my facial hair,0.98
1biwubh,curlyhair,2024,relevant,survivor_retrospective,True,True,curlier,more_curl,chemo,['unspecified'],unspecified,,not_stated,True,straight as a board,,reverted,True,True,,my hair has always been straight as a board. i enjoyed my beautiful curls while they lasted.,0.98
1bjf2jl,breastcancer,2024,relevant,self,True,True,thinner,not_stated,chemo; AI’s,"['endocrine', 'unspecified']",endocrine,breast,breast,False,,,ongoing,False,True,,"I am post chemo by over a year... My hair just never returned all the way (it’s thinner and if I don’t brush it over on top, you can see my scalp).",0.98
1bkairf,testicularcancer,2024,relevant,self,True,True,thinner,not_stated,BEPx3,['platinum'],platinum,testicular seminoma,testicular,False,,7.0,ongoing,False,False,,I am currently 7 months out post chemo... Parts of my body and head hair are thinning,0.98
1bknok6,breastcancer,2024,relevant,self,True,True,permanent_alopecia;thinner,not_stated,,[],,breast,breast,False,,,permanent_reported,False,True,,eyebrows are forever gone... I'm mad at my oncologist for not telling me that chances of permanent alopecia is more like 20%,0.99
1bm5r92,lymphoma,2024,relevant,self,True,True,,not_stated,chemo,['unspecified'],unspecified,lymphoma,lymphoma_nonhodgkin,False,,,ongoing,False,True,,The hair growth has been weird... it doesn't feel like me anymore.,0.89
1bn7uxe,testicularcancer,2024,relevant,self,True,True,grayer,not_stated,1xBEP,['platinum'],platinum,testicular,testicular,True,Some grey at the temples and a sprinkle of salt throughout.,2.0,ongoing,False,True,,I had some grey in there before chemo... Now it seems like the majority of my hair could be grey!,0.99
1bng7ar,breastcancer,2024,relevant,self,True,True,curlier;permanent_alopecia;thinner,more_curl,chemotherapy regimen included docetaxel,['taxane'],taxane,breast,breast,True,thick luscious wavy hair,,permanent_reported,False,True,,I had really thin and fine chemo curls. So different from my normal stranded thick luscious wavy hair.,0.99
1bnicp9,cancer,2024,relevant,self,True,True,thinner,not_stated,strong chemo; full body radiation and head radiation,"['radiotherapy_scalp', 'radiotherapy_brain', 'unspecified']",radiotherapy_brain;radiotherapy_scalp,AML,leukemia,True,nice thick wavy hair,,ongoing,False,True,,I used to have nice thick wavy hair. Now it’s thin... some really thin parts on my head... where you can see my scalp.,0.98
1bo5vy8,HairLoss,2024,relevant,survivor_retrospective,True,True,thinner,not_stated,brain radiation,['radiotherapy_brain'],radiotherapy_brain,astrocytoma,brain_cns,False,,,ongoing,False,False,,Most of my hair loss occurred when I received brain radiation for my astrocytoma and what grew back is in the picture,0.98
1boxo3o,curlyhair,2024,relevant,self,True,True,curlier,more_curl,chemo,['unspecified'],unspecified,,not_stated,True,wavy/straight hair initially,,unknown,False,False,,"I had wavy/straight hair initially, it's a pretty wild change!",0.98
1bq6jy5,breastcancer,2024,relevant,self,True,True,thinner,not_stated,Paclitaxel (Taxol); EC,['taxane'],taxane,breast,breast,True,"Fine and light hair, previously armpit-length; normally shed hair when brushing.",1.5,ongoing,True,False,,<5% head hair loss... I do have what looks like a small area of thinning on top of my head,0.98
1bs9j7f,breastcancer,2024,relevant,self,True,True,texture_only,not_stated,Taxol,['taxane'],taxane,breast,breast,False,,3.0,ongoing,False,True,,"3 months post chemo, my prev bald head has full coverage... It’s sort of foofy curls all over.",0.91
1bsko6x,cancer,2024,relevant,self,True,True,thinner,not_stated,radiation and chemo; full body radiation and a little bit head radiation during BMT transplant,"['radiotherapy_scalp', 'unspecified']",radiotherapy_scalp,leukemia,leukemia,False,,,ongoing,True,False,,Thankfully the only thing I see different is it’s a little thinner. The sides are growing faster then the top.,0.98
1bt5i35,cancer,2024,relevant,self,True,True,none,not_stated,two different kinds of major chemotherapy; Herceptin IV and Verzenio tablets,"['unspecified', 'CDK4_6i']",CDK4_6i,breast,breast,False,,,unknown,False,False,,"I had two different kinds of major chemotherapy, lost my hair and all that",0.96
1bu6e5y,breastcancer,2024,relevant,self,True,True,color_change_other,no_curl_change,Kadcyla infusions,['targeted_ADC'],targeted_ADC,breast,breast,True,"long, curly, dark brown hair",,ongoing,False,False,2023.0,"Before chemo, I had long, curly, dark brown hair. I'm getting my curls back, but my hair is darker now!",0.98
1bv1xmc,lymphoma,2024,relevant,self,True,True,thinner,not_stated,6 months of ABVD; autologus stem cell transplant,"['anthracycline', 'vinca', 'alkylator', 'unspecified']",alkylator;anthracycline;vinca,cHL,lymphoma_hodgkin,True,Normally a hairy guy,,unknown,False,True,,I lost every bit of hair on my body and I’m normally a hairy guy.,0.96
1bwyx8h,breastcancer,2024,relevant,self,True,True,color_change_other;grayer,not_stated,"4 dose dense AC infusions followed by 4 dose dense Taxols (really 1 Taxol, 3 Abraxanes); 7 months of Xeloda","['taxane', 'anthracycline', 'alkylator', 'antimetabolite']",alkylator;anthracycline;antimetabolite;taxane,breast,breast,True,Dyed hair before treatment; currently non-dyed gray hair.,,ongoing,False,True,2022.0,"By all accounts I am back to the old me, just with non-dyed gray hair (ugh).",0.98
1byk8o8,Hair,2024,relevant,self,True,True,,not_stated,chemo,['unspecified'],unspecified,,not_stated,False,,3.0,ongoing,False,True,,My hair fell out during chemo... It's been 3 months since my last chemo treatment. My hair is growing back,0.9
1c0sh44,malehairadvice,2024,relevant,self,True,True,thinner,not_stated,radiation therapy,['unspecified'],unspecified,,not_stated,True,,,unknown,False,False,,I lost some of my hair due to radiation therapy for my tumor,0.98
1c0tfyv,cancer,2024,relevant,self,True,True,none,not_stated,chemo; maintenance therapy,['unspecified'],unspecified,,not_stated,False,,,unknown,True,False,,"My hair should start growing back, my EYEBROWSS. Oh how I miss them.",0.89
1c1lzmi,cancer,2024,relevant,self,True,True,permanent_alopecia,not_stated,6 months' worth of Chemo with the strongest medications; Radiation; hormone blocker,"['unspecified', 'endocrine']",endocrine,breast,breast,True,long gorgeous curly hair,,unknown,False,True,,"6 months' worth of Chemo with the strongest medications, resulting in the loss of all my long gorgeous curly hair",0.97
1c342f5,breastcancer,2024,relevant,self,True,True,thinner,not_stated,Penguin through 4 rounds of TC chemo; Taxotere/Docetaxel,"['taxane', 'alkylator']",alkylator;taxane,breast,breast,True,"Insanely thick, curly, and probably 3x the normal amount of hair",0.5,ongoing,True,True,,I've done 2 rounds and started shedding right at the 14 day point. ... I've got maybe 15-20% of my hair left.,0.98
1c4s1wg,lymphoma,2024,relevant,self,True,True,thinner,not_stated,2 cycles of ABVD and 2 cycles of Beacopp,"['anthracycline', 'alkylator', 'antimetabolite', 'vinca']",alkylator;anthracycline;antimetabolite;vinca,lymphoma,lymphoma_nonhodgkin,True,"Very thick, dark East Asian hair; hair was as long and thick as before treatment after regrowth.",,ongoing,False,True,2022.0,I am noticing now 12-14 months later that my hair seems to be thinning all over fairly rapidly.,0.98
1c5o9f1,cancer,2024,relevant,self,True,True,,not_stated,Taxol,['taxane'],taxane,metastatic breast cancer,breast,False,,,unknown,False,False,,"I had 2 weekly chemo Taxol infusions before moving. Just enough to cause me to lose my hair, lol.",0.99
1c5vy33,FemaleHairLoss,2024,relevant,self,True,True,permanent_alopecia,not_stated,brain radiation,['radiotherapy_brain'],radiotherapy_brain,brain tumor,brain_cns,False,,,permanent_reported,False,True,,20 years with this bald spot (brain radiation-no more tumour!). I've never worn wigs.,0.97
1c6dgra,cancer,2024,relevant,self,True,True,none,not_stated,last chemo infusion; last Lupron shot,"['unspecified', 'endocrine']",endocrine,,not_stated,False,,,ongoing,False,True,,Going out all bald and dolled up and shit. I know my hair will grow back.,0.97
1c7dini,curlyhair,2024,relevant,survivor_retrospective,True,True,curlier,more_curl,chemotherapy,['unspecified'],unspecified,,not_stated,True,It had never been curly before; hair was medium to long.,,ongoing,True,True,,"I’m in remission, but my hair grew back CURLY! It’s never been curly before",0.99
1c7dryq,curlyhair,2024,relevant,self,True,True,curlier,more_curl,chemo,['unspecified'],unspecified,,not_stated,True,2B,,ongoing,True,False,,used to be 2B but I'm rocking some chemo curls with about 6-7 inches of growth,0.99
1c7k1o1,cancer,2024,relevant,self,True,True,patchy_regrowth,not_stated,radiation,['radiotherapy_scalp'],radiotherapy_scalp,follicular lymphoma,lymphoma_nonhodgkin,False,,,ongoing,True,True,,Last year the radiation took out patches of hair in the front... Hair is slowly growing back which is a blessing.,0.98
1c8gxek,cancer,2024,relevant,self,True,True,patchy_regrowth;thinner,not_stated,chemo,['unspecified'],unspecified,,not_stated,True,Used to have curls; hair was buzzed before chemo.,,unknown,False,True,,I used to have curls but my hair is growing back in very very thin and not full at all especially on the top of my head.,0.98
1c9j8rk,breastcancer,2024,relevant,self,True,True,curlier,not_stated,chemo,['unspecified'],unspecified,breast,breast,False,,,ongoing,True,True,,What I got is Mama's Family ... old-lady set curl type nonsense. ... My curls are insanely bouncy and stick straight out and look CRAZY.,0.94
1c9orzr,breastcancer,2024,relevant,self,True,True,thinner,not_stated,TCP; TCHP; Kadcyla; Herceptin; Perjeta; Anastrozole; photon radiation,"['taxane', 'platinum', 'targeted_ADC', 'endocrine']",endocrine;platinum;targeted_ADC;taxane,breast,breast,False,,,unknown,True,False,2022.0,In the end I kept about 80% of my hair which I am very thankful for (and honestly the 20% I lost was not noticeable to anyone but me),0.98
1cc0rnl,cancer,2024,relevant,self,True,True,color_change_other,not_stated,chemo,['unspecified'],unspecified,,not_stated,False,,,ongoing,False,True,,I've been done with chemo for about a year ... I have a huge white patch ... that refuses to change colors,0.96
1cc736h,cancer,2024,relevant,self,True,True,,not_stated,chemo,['unspecified'],unspecified,breast,breast,False,,,unknown,False,True,,look at me bald ... during chemo,0.98
1cc7fle,cancer,2024,relevant,survivor_retrospective,True,True,,not_stated,chemo,['unspecified'],unspecified,breast,breast,False,,,unknown,False,True,,look at me bald... during chemo,0.93
1cesjpe,breastcancer,2024,relevant,self,True,True,thinner,not_stated,chemo,['unspecified'],unspecified,breast,breast,False,,,unknown,False,False,,I’m three sessions in and my hair is just starting to fall out.,0.98
1cexjko,cancer,2024,relevant,self,True,True,none,not_stated,chemo,['unspecified'],unspecified,Hodgkin lymphoma,lymphoma_hodgkin,True,Hair was important to her appearance; no texture or curl pattern stated.,,ongoing,True,True,,"At first, the thought of losing my hair worried me, but once it started falling out, I didn’t care anymore.",0.98
1cfuc0m,Hair,2024,relevant,self,True,True,texture_only;thinner,not_stated,chemotherapy,['unspecified'],unspecified,,not_stated,False,,,ongoing,False,False,,It has started to grow back but its very thin in texture (more like peach fuzz but on your head).,0.97
1chkbag,curlyhair,2024,relevant,self,True,True,straighter;thinner,less_curl,chemo,['unspecified'],unspecified,breast,breast,True,"Wavy, medium thickness, shiny hair",,permanent_reported,False,False,,"i originally had wavy, med thickness, shiny ... after chemo ... it never did. so was left w/ super fine, flyway straight-ish hair",0.98
1cigsq3,lymphoma,2024,relevant,self,True,True,thinner,not_stated,6 months aavd; a month of radiation chest,"['taxane', 'anthracycline', 'alkylator', 'vinca', 'targeted_ADC']",alkylator;anthracycline;targeted_ADC;taxane;vinca,lymphoma,lymphoma_nonhodgkin,False,,,ongoing,False,True,2023.0,my hair is quite thin and even almost bald on the top back of my head.. just wondering why it’s taking so long :///,0.98
1cizak4,cancer,2024,relevant,self,True,True,thinner,not_stated,3 rounds of BEP chemo,['platinum'],platinum,ovarian,ovarian,False,,,ongoing,False,True,,Some of my hair has grown but it is very thin and my scalp is still very visible,0.98
1cj0kxu,braincancer,2024,relevant,self,True,True,permanent_alopecia,not_stated,33 rounds of radiation with tmz,"['radiotherapy_brain', 'alkylator']",alkylator;radiotherapy_brain,"anaplastic astrocytoma, grade 3",brain_cns,True,The most beautiful head of jet black hair.,,unknown,False,True,,I used to have the most beautiful head of jet black hair... Now it’s gone and I’m wearing hats all the time. I miss having hair.,0.98
1cjtdkc,braincancer,2024,relevant,self,True,True,thinner,not_stated,targeted radiation,['radiotherapy_brain'],radiotherapy_brain,low grade glioma,brain_cns,False,,,ongoing,False,True,,"When I started to brush my hair afterwards, clumps of my hair from all over my head were falling out.",0.99
1ck5eyf,lymphoma,2024,relevant,self,True,True,thinner,not_stated,ABVD,"['anthracycline', 'alkylator', 'vinca']",alkylator;anthracycline;vinca,lymphoma,lymphoma_nonhodgkin,False,,0.0,ongoing,False,True,,"Had my second dose ABVD yesterday, and today hair is starting to fall.",0.98
1ckugla,curlyhair,2024,relevant,self,True,True,curlier,more_curl,chemo,['unspecified'],unspecified,,not_stated,True,super straight,,ongoing,False,False,,It used to be super straight. So I am stilll learning about my new hair type (I don’t know what type of curls).,0.99
1cl3dso,lymphoma,2024,relevant,self,True,True,patchy_regrowth;thinner,not_stated,chemo,['unspecified'],unspecified,lymphoma,lymphoma_nonhodgkin,True,obnoxiously think [sic] hair,,ongoing,False,True,,I had obnoxiously think hair before and now it is very patchy and very thin on top.,0.99
1cl8lry,breastcancer,2024,relevant,self,True,True,thinner,not_stated,chemo,['unspecified'],unspecified,breast,breast,False,,,ongoing,False,True,2021.0,my last round in Nov 2021 but the top of my head still has had poor hair growth. There’s a lot of visible scalp,0.98
1clqma7,HeadandNeckCancer,2024,relevant,self,True,True,,not_stated,"radiation in my neck and mouth; low dose Cisplatin, only once per week",['platinum'],platinum,,not_stated,False,,,unknown,False,False,,"Last week, I lost chunks of hair off of my neck and today right before radiation, even more.",0.98
1cnhvwe,curlyhair,2024,relevant,self,True,True,curlier;thinner,more_curl,chemo,['unspecified'],unspecified,,not_stated,True,wavy,,ongoing,False,True,,"I went through chemo, my hair was wavy before, now its very curly. The only thing is, it's short (like a bob right now) and on the thinner side.",0.99
1cpovmu,cancer,2024,relevant,self,True,True,,not_stated,3 brutal rounds of chemo,['unspecified'],unspecified,testicular cancer,testicular,True,long curly hair,,unknown,False,True,,Now flash forward 9 months later and I have lost all my long curly hair,0.98
1cr1o17,lymphoma,2024,relevant,self,True,True,none,not_stated,6 rounds of da-R-EPOCH,"['anthracycline', 'alkylator', 'vinca']",alkylator;anthracycline;vinca,PMBCL,lymphoma_nonhodgkin,False,,,unknown,True,False,,"I completed 6 rounds of da-R-EPOCH for PMBCL and lost all of my hair, eyelashes, and most of my eyebrows.",0.98
1cs21i1,curlyhair,2024,relevant,self,True,True,curlier,not_stated,chemo,['unspecified'],unspecified,,not_stated,False,,,ongoing,False,True,,I’ve been adjusting to having curl in my hair since I finished chemo a couple of years ago.,0.96
1cs2tin,glioblastoma,2024,relevant,self,True,True,none,not_stated,TMZ; radiation/chemo,"['alkylator', 'radiotherapy_brain']",alkylator;radiotherapy_brain,GBM,brain_cns,False,,,unknown,False,False,,I didn’t have any side effects from the radiation/chemo aside from hair loss around the targeted area,0.98
1cs2wrq,braincancer,2024,relevant,self,True,True,permanent_alopecia,not_stated,TMZ and radiation,"['alkylator', 'radiotherapy_brain']",alkylator;radiotherapy_brain,grade 4 astrocytoma,brain_cns,False,,,unknown,False,False,,I didn’t have any side effects from the radiation/chemo aside from hair loss around the targeted area,0.91
1cs8kqn,breastcancer,2024,relevant,self,True,True,curlier,more_curl,chemo,['unspecified'],unspecified,breast,breast,True,shoulder length straight blonde hair,14.0,ongoing,True,False,,"I had shoulder length straight blonde hair before, and now (14 months after the last chemo) I have bouncy curls",0.99
1ctdxpt,FemaleHairLoss,2024,relevant,self,True,True,thinner,not_stated,chemo,['unspecified'],unspecified,,not_stated,True,thick wavy hair,,ongoing,False,False,,"Before this, I had thick wavy hair... as I lose more its getting harder to cover/style over the thinning/balding spots.",0.99
1cuxnzo,breastcancer,2024,relevant,self,True,True,color_change_other;texture_only,not_stated,chemo,['unspecified'],unspecified,breast,breast,True,Natural medium brown hair,,ongoing,True,False,,I’m a natural medium brown but my hair is a lighter brown/blondish/grayish color now.,0.91
1cw6exq,testicularcancer,2024,relevant,self,True,True,thinner,not_stated,4 rounds of BEP,"['platinum', 'unspecified']",platinum,testicular,testicular,True,old hair,,ongoing,False,True,2022.0,"Hair came back but it's still pretty thin, I miss the old hair",0.99
1cw6frg,testicularcancer,2024,relevant,self,True,True,thinner,not_stated,4 rounds of BEP,"['platinum', 'unspecified']",platinum,testicular,testicular,True,Old hair was fuller/thicker than the hair that regrew,,ongoing,False,True,2022.0,"Hair came back but it's still pretty thin, I miss the old hair",0.98
1cx4d41,lymphoma,2024,relevant,self,True,True,thinner,not_stated,ABV-R,['unspecified'],anthracycline;vinca,lymphoma,lymphoma_nonhodgkin,True,very thick hair,,ongoing,False,True,,I used to have very thick hair and it was a big part of my identity and i'm kinda freaking out right now.,0.96
1cxbxxr,breastcancer,2024,relevant,self,True,True,thinner,not_stated,"six rounds of docetaxel and carboplatin; seven Phesgo shots; Kadcyla, Zoladex and Anastrozole; radiation","['taxane', 'platinum', 'targeted_ADC', 'endocrine', 'radiotherapy_scalp', 'unspecified']",endocrine;platinum;radiotherapy_scalp;targeted_ADC;taxane,breast,breast,False,,,ongoing,False,True,,I'm also devastated about not getting my hair back. Having my hair grow back was the one thing I was really looking forward to.,0.95
1cxdt46,braincancer,2024,relevant,self,True,True,none,not_stated,SRS,['radiotherapy_brain'],radiotherapy_brain,"brain tumour, most likely meningioma",brain_cns,False,,,unknown,False,False,,I lost too much hair because of my two surgeries and I’m thinking to start minoxidil,0.92
1cybmpp,breastcancer,2024,relevant,self,True,True,texture_only;thinner,not_stated,2 years of hormone suppression,['endocrine'],endocrine,breast,breast,True,"Somewhat nice, long hair for her whole life",,ongoing,False,True,,"So after 2 years of hormone suppression I’m really struggling with dull, dry, thin hair.",0.98
1cyicsb,curlyhair,2024,relevant,self,True,True,none,not_stated,cancer/chemo,['unspecified'],unspecified,,not_stated,True,"Hair was pin straight until adolescence, then recognized as curly; had super long hair before cancer/chemo.",,unknown,True,True,,I had super long hair for 14 years ... and lost all of it to cancer/chemo ... it's finally grown out enough now that it can be styled,0.93
1d0gaw3,leukemia,2024,relevant,self,True,True,,not_stated,radiation + transplant,"['radiotherapy_scalp', 'unspecified']",radiotherapy_scalp,leukemia,leukemia,False,,,ongoing,False,False,,"I have bald patches on my arms, legs, face, and chest. My scalp seems to be fine however.",0.98
1d0rrdi,cancer,2024,relevant,self,True,True,none,not_stated,Taxol weekly; Dose Dense AC,"['taxane', 'anthracycline']",anthracycline;taxane,inflammatory breast cancer,breast,True,Had hair before treatment; no texture or curl description.,,unknown,False,True,,I miss my hair. I miss my fingernails. I miss my eyelashes. I miss my eyebrows.,0.98
1d19wk3,lymphoma,2024,relevant,self,True,True,thinner,not_stated,chemo,['unspecified'],unspecified,lymphoma,lymphoma_nonhodgkin,False,,8.0,ongoing,False,False,,my hair is growing but very thin and can kinda even see my scalp,0.98
1d2el11,breastcancer,2024,relevant,self,True,True,thinner,not_stated,12 Paclitaxel; AC,"['taxane', 'anthracycline']",anthracycline;taxane,breast,breast,False,,,ongoing,False,True,,I’d say I’ve lost 50% of my hair - really thinning on top,0.99
1d3f64f,curlyhair,2024,relevant,self,True,True,curlier;straighter,not_stated,chemo,['unspecified'],unspecified,,not_stated,False,,,ongoing,False,True,,I have been growing these chemo curls out and it’s sad to see the hair in the front falling flat and straight.,0.93
1d3fmb9,cancer,2024,relevant,self,True,True,none,not_stated,dox and fofs,"['anthracycline', 'alkylator']",alkylator;anthracycline,synovial sarcoma,sarcoma,False,,,reverted,True,True,,My hair has grown back to a cute short length ... I don’t want to lose my hair again,0.91
1d4md1c,curlyhair,2024,relevant,self,True,True,curlier;thinner,more_curl,chemo,['unspecified'],unspecified,,not_stated,True,"thick, coarse, slightly wavy hair",,ongoing,False,True,,"my thick, coarse, slightly wavy hair came back very curly and finer after chemo",0.99
1d5wl7o,Hair,2024,relevant,self,True,True,patchy_regrowth;texture_only,not_stated,chemo,['unspecified'],unspecified,,not_stated,False,,,ongoing,False,True,,3 years post chemo hair looks like this... The hair is very wirey and doesn't seem to want to grow,0.93
1d74zj9,breastcancer,2024,relevant,self,True,True,color_change_other;grayer,not_stated,30 radiation treatments; Verzenio,['CDK4_6i'],CDK4_6i,breast,breast,True,Original hair color before cancer; exact color unstated.,,ongoing,False,True,,My hair grew back salt and pepper dirty gray ... Back to my original color before cancer,0.99
1d7bped,braincancer,2024,relevant,self,True,True,thinner,not_stated,proton radiation therapy,['radiotherapy_brain'],radiotherapy_brain,medulloblastoma,brain_cns,False,,,ongoing,False,True,,I’ve lost basically my entire head of hair and my eyebrows are thinning.,0.98
1d7yk1q,thyroidcancer,2024,relevant,self,True,True,thinner,not_stated,,['unspecified'],unspecified,thyroid,other,False,,,ongoing,True,True,,"I knew I gained weight, I knew my skin wasn't great and my hair was thinning... hair is starting to grow back",0.98
1d87diu,lymphoma,2024,relevant,self,True,True,none,not_stated,R-CHOP,"['anthracycline', 'alkylator', 'vinca']",alkylator;anthracycline;vinca,lymphoma,lymphoma_nonhodgkin,False,,,unknown,True,True,,People say I look great and they can’t believe I just finished chemo (only lost five pounds and all of my hair),0.98
1d9h8gq,breastcancer,2024,relevant,self,True,True,thinner,not_stated,taxotere and cyclophosphamide x4 chemo,"['taxane', 'alkylator']",alkylator;taxane,breast,breast,False,,0.6,unknown,False,True,,currently a day before my second infusion (day 20) ... shedding a lot the last 2-3 days,0.98
1d9h9dv,breastcancer,2024,relevant,self,True,True,thinner,not_stated,taxotere and cyclophosphamide x4 chemo,"['taxane', 'alkylator']",alkylator;taxane,breast,breast,False,,0.67,ongoing,False,True,,currently a day before my second infusion (day 20) and shedding a lot the last 2-3 days,0.98
1d9zg7g,FemaleHairLoss,2024,relevant,self,True,True,thinner,not_stated,ABVD chemo,"['anthracycline', 'alkylator', 'vinca', 'unspecified']",alkylator;anthracycline;vinca,,not_stated,False,,,ongoing,False,False,,Lost my hair from ABVD chemo... all the hair I’ve grown is now falling out.,0.98
1dbnsnu,cancer,2024,relevant,survivor_retrospective,True,True,permanent_alopecia,not_stated,etoposide and ifosfamide; different drugs,"['alkylator', 'unspecified']",alkylator,Ewing sarcoma,sarcoma,False,,,ongoing,False,True,2019.0,My hair wasn't growing back after the chemo... my hair hadn't grown back properly. I hate the fact that I can't walk around in public without a hat.,0.96
1dbtwd7,cancer,2024,relevant,self,True,True,thinner,not_stated,"follox and folfiri; targeted therapy, Enhertu",['targeted_ADC'],targeted_ADC,gastric,gi_other,False,,,unknown,False,True,,"i recently started targeted therapy, Enhertu, and now i’m noticing my hair falling out in clumps",0.99
1dbyody,braincancer,2024,relevant,self,True,True,patchy_regrowth,not_stated,radiation; TMZ,"['radiotherapy_brain', 'alkylator']",alkylator;radiotherapy_brain,brain cancer,brain_cns,True,Long-ish side-swept bangs and a side part; the top section was longer before radiation.,,ongoing,False,False,,"I lost more hair, especially on the sides(temporal frontal) from radiation than I ever did from tmz. ... I am back to an inch or so of hair",0.98
1dcqsvp,testicularcancer,2024,relevant,survivor_retrospective,True,True,straighter;thinner,not_stated,4xBEP,['platinum'],platinum,testicular,testicular,False,,,ongoing,False,False,,"When it came back in, it was super thick and wavy. Now it’s straight and about half as thick as it used to be.",0.96
1deddky,lymphoma,2024,relevant,self,True,True,thinner,not_stated,ABVD chemotherapy,"['anthracycline', 'alkylator', 'vinca']",alkylator;anthracycline;vinca,Hodgkin lymphoma,lymphoma_hodgkin,True,Had a beard since high school; had shaved his head bald in the past.,,unknown,True,False,,After 6 months of treatment my hair thinned but never completely fell out and I maintained my beard,0.99
1dee21n,testicularcancer,2024,relevant,self,True,True,thinner,not_stated,4xEP,['platinum'],platinum,testicular,testicular,False,,6.0,ongoing,False,False,,Facial hair stopped growing... body hair... is way rarer and grows pretty slow. Head hair hasn't been affected.,0.98
1deff21,curlyhair,2024,relevant,self,True,True,thinner,not_stated,radiation; chemo,"['radiotherapy_scalp', 'unspecified']",radiotherapy_scalp,,not_stated,False,,,unknown,True,False,,there was very prominent thinning from the chemo all over,0.93
1dg0ivc,testicularcancer,2024,relevant,self,True,True,none,not_stated,4xBEP,['platinum'],platinum,testicular,testicular,False,,,unknown,True,False,,Lost my hair two weeks in.,0.99
1dgzh97,testicularcancer,2024,relevant,self,True,True,none,not_stated,1xBEP,['platinum'],platinum,testicular,testicular,False,,,unknown,True,True,,I didn't lose my hair until friday it fell off in the shower haha.,0.99
1dgzj9o,breastcancer,2024,relevant,self,True,True,none,not_stated,"chemo, radiation, hormone blockers","['endocrine', 'unspecified']",endocrine,breast,breast,True,"long, curly red hair",,unknown,False,True,,"Started with chemo, lost my long, curly red hair that I felt was my most attractive trait.",0.98
1dhm3i8,cancer,2024,relevant,self,True,True,none,not_stated,chemo or treatment; radiation,"['radiotherapy_scalp', 'unspecified']",radiotherapy_scalp,,not_stated,False,,,ongoing,False,True,,It's finally coming out but nobody told me my scalp was going to be doused in lighter fluid and lit up.,0.93
1dizd0f,lymphoma,2024,relevant,self,True,True,,not_stated,six rounds of chemo and 21 days of radiation to my right hip,['unspecified'],unspecified,lymphoma,lymphoma_nonhodgkin,False,,,unknown,True,False,,"I gained a lot of weight and look like a totally different person between that, the hair loss, and aging on my face from the stress.",0.96
1djm4fu,cancer,2024,relevant,self,True,True,curlier;thicker;thinner,more_curl,chemo therapy,['unspecified'],unspecified,testicular,testicular,True,Hair was thinner than the regrown hair; baseline curl pattern is not explicitly described.,7.0,ongoing,False,False,2023.0,My hair grew back and appeared to be thicker than before with some curls on the back. Now 7 months later... facial hair... is starting to thin and fall out.,0.96
1dk04l9,breastcancer,2024,relevant,self,True,True,texture_only,not_stated,chemo; tam down,"['unspecified', 'endocrine']",endocrine,,not_stated,True,Had long hair most of her life and usually wore it up; baseline curl pattern not stated.,,ongoing,True,False,,for the first time I straightened the curls as much as I could,0.9
1dkdhgg,Hair,2024,relevant,self,True,True,,not_stated,The Red Devil chemo,['anthracycline'],anthracycline,,not_stated,False,,,ongoing,True,False,,"I cold capped (using paxman) but still went bald after The Red Devil chemo. BUT, at least my follicles were protected and I’m already seeing growth",0.98
1dkygag,lymphoma,2024,relevant,self,True,True,color_change_other;patchy_regrowth;thinner,not_stated,"AAVD (6 months, every 2 weeks)","['targeted_ADC', 'anthracycline', 'vinca', 'alkylator']",alkylator;anthracycline;targeted_ADC;vinca,Stage 4 Hodgkin lymphoma,lymphoma_hodgkin,True,Very thick curly head hair; naturally brunette.,,ongoing,True,True,,"Prior to treatment i had very thick curly hair. Now, I have very very very thin hair.",0.99
1dlbj91,Hair,2024,relevant,survivor_retrospective,True,True,curlier;thicker,more_curl,chemo,['unspecified'],unspecified,,not_stated,True,Less thick and less curly than the post-treatment regrowth (implied by 'grew back thicker and more curly').,,ongoing,False,True,,It's been almost 10 years since my hair grew back from chemo and I still just can't style it. It grew back thicker and more curly,0.98
1dmfqwl,cancer,2024,relevant,self,True,True,patchy_regrowth;thicker,not_stated,"Taxol, Carbo and Keytruda","['taxane', 'platinum', 'ICI']",ICI;platinum;taxane,breast (stage 4 TNBC),breast,False,,,ongoing,True,False,,It started growing a little faster and is now very thick but still short and patchy.,0.96
1dmzyhw,lymphoma,2024,relevant,self,True,True,thinner,not_stated,R-CVP; CHOP,"['alkylator', 'anthracycline', 'vinca']",alkylator;anthracycline;vinca,NLPHL,lymphoma_hodgkin,False,,,unknown,False,True,,especially with losing my hair in the middle of college,0.94
1doaatf,cancer,2024,relevant,self,True,True,thinner,not_stated,chemo,['unspecified'],unspecified,lymphoma,lymphoma_nonhodgkin,False,,,ongoing,True,False,,My hair had some thinning at the scalp and hairline but luckily managed to keep a full head of hair.,0.98
1dpbgfd,Hair,2024,relevant,self,True,True,color_change_other,not_stated,Chemo,['unspecified'],unspecified,,not_stated,True,Copper penny to mahogany to blond,,ongoing,True,False,,now natural brown after Chemo grow back,0.84
1dqle46,braincancer,2024,relevant,survivor_retrospective,True,True,thinner,not_stated,30 IMRT treatments,['radiotherapy_brain'],radiotherapy_brain,anaplastic astrocytoma,brain_cns,False,,,unknown,False,True,2007.0,I went back in June and had 30 IMRT treatments and returned home with only half a head of hair.,0.98
1dqocyv,breastcancer,2024,relevant,self,True,True,thinner,not_stated,chemo and radiation therapy; tamoxiphen,"['endocrine', 'unspecified']",endocrine,breast,breast,False,,,ongoing,False,False,,Around that time my eyebrow grew back. But I started to lose my eyebrow hair again earlier this month. I think I probably lost about 45% of my eyebrow.,0.98
1dri9ha,curlyhair,2024,relevant,self,True,True,texture_only,not_stated,chemo,['unspecified'],unspecified,,not_stated,True,old hair; prior texture not stated,,ongoing,True,True,,I have these chemo curls and they feel fine compared to my old hair.,0.88
1dtr0td,cancer,2024,relevant,self,True,True,,not_stated,"FOLFOX, FOLFIRI, Enhertu","['platinum', 'antimetabolite', 'targeted_ADC']",antimetabolite;platinum;targeted_ADC,gastric,gi_other,False,,,unknown,False,True,,"Enhertu caused completed hair loss, and I am so damn nauseous and tired.",0.99
1dw6lk7,lymphoma,2024,relevant,self,True,True,thinner,not_stated,R-CHOP,"['anthracycline', 'alkylator', 'vinca']",alkylator;anthracycline;vinca,lymphoma,lymphoma_nonhodgkin,False,,0.5,unknown,False,False,,"Exactly 16 days after my first chemo infusion, I noticed some hair on my pillow. The hair comes out almost in tufts.",0.99
1dw99b0,breastcancer,2024,relevant,self,True,True,texture_only;thinner,not_stated,chemo,['unspecified'],unspecified,breast,breast,False,,,ongoing,False,True,,My hair has been growing back terribly and very fine. When I wash my hair you can see my scalp and I have no volume. Part of it it’s curly and part straight.,0.98
1dwh6fq,breastcancer,2024,relevant,self,True,True,none,not_stated,Taxol and AC,"['taxane', 'anthracycline', 'alkylator']",alkylator;anthracycline;taxane,breast,breast,True,"very light, fine hair",,ongoing,False,True,,"I’ve acquired a little mustache and chin hairs, and also longer hair on my face in general.",0.98
1dwy1c2,breastcancer,2024,relevant,self,True,True,color_change_other;straighter,less_curl,chemo,['unspecified'],unspecified,,not_stated,True,Pubic hair was a darker strawberry blonde and curly.,3.0,ongoing,False,False,,Previously they were a darker strawberry blonde and curly. Now they are JET BLACK and completely straight.,0.99
1dx2r2s,breastcancer,2024,relevant,self,True,True,curlier;thinner,more_curl,Anastrozole and Zoladex; one round of Docetaxel,"['taxane', 'endocrine']",endocrine;taxane,breast,breast,True,Had never had curls before; ponytail was previously about twice the size of one pigtail.,,ongoing,False,True,2020.0,"I didn't really want to cut it because my ends are curly from chemo, and i have never had curls before!",0.98
1dy0asr,cancer,2024,relevant,self,True,True,none,not_stated,doxorubicin and methotrexate,"['anthracycline', 'antimetabolite']",anthracycline;antimetabolite,,not_stated,False,,,unknown,False,False,,"Earlier in my treatment, my hair would grow back a little bit during those three weeks... absolutely zero hair has grown back.",0.91
1dy8qu2,curlyhair,2024,relevant,self,True,True,color_change_other,no_curl_change,chemo,['unspecified'],unspecified,,not_stated,True,"3C, fine, high porosity curls; mid-back length",,ongoing,False,True,,"My hair is growing back in now, and although the color is way more red than it used to be, it seems the texture was unaffected by chemo.",0.99
1dyd5bq,testicularcancer,2024,relevant,self,True,True,color_change_other;permanent_alopecia;texture_only;thinner,not_stated,3 cycles of BEP,['platinum'],platinum,testicular,testicular,False,,,ongoing,False,True,,"Had a minor texture and color change... my hair is falling out everywhere, and to add on, it seems like it's not growing either.",0.97
1dyjbeh,cancer,2024,relevant,self,True,True,curlier,more_curl,chemo,['unspecified'],unspecified,,not_stated,True,completely straight,,ongoing,False,False,2020.0,I had my chemo in jan 2020 and still have chemo curls! My hair was completely straight,0.99
1e05xq9,curlyhair,2024,relevant,self,True,True,texture_only,not_stated,chemo,['unspecified'],unspecified,,not_stated,False,,,ongoing,False,True,,"it's been close to a year since my hair started growing back, and it's a different texture",0.98
1e0y2ax,cancer,2024,relevant,self,True,True,thinner,not_stated,chemo,['unspecified'],unspecified,,not_stated,False,,,unknown,False,True,,I managed to keep a full head of hair but have had thinning at my hairline.,0.98
1e3zf4q,cancer,2024,relevant,self,True,True,thinner,not_stated,chemo,['unspecified'],unspecified,,not_stated,True,Long hair; she noticed losing much more hair when brushing than before chemo.,,ongoing,True,False,,After the second round of chemo I noticed that I lost at least double the amount of hair when I brushed it compared to before chemo.,0.99
1e44rag,breastcancer,2024,relevant,self,True,True,thinner,not_stated,Red Devil (Doxorubicin) and Neulasta (Pegfilgrastim); Paclitaxal; Phesgo (Herceptin and Perjeta),"['anthracycline', 'taxane']",anthracycline;taxane,inflammatory breast cancer,breast,False,,,ongoing,False,True,2024.0,When I was losing my hair I was devastated.,0.98
1e4ypxm,breastcancer,2024,relevant,self,True,True,patchy_regrowth,not_stated,chemo,['unspecified'],unspecified,breast,breast,False,,3.0,ongoing,True,False,,I am now about 3 months post-chemo and my hair has started coming in nicely. The back of my head is growing faster than the top/front,0.96
1e5lwrw,breastcancer,2024,relevant,self,True,True,texture_only;thinner,not_stated,Taxol; Abraxane; Herceptin,['taxane'],taxane,breast,breast,False,,,ongoing,False,False,2024.0,"My hair came out with Taxol but with Abraxane, it has just become thin and brittle.",0.99
1e72w0s,thyroidcancer,2024,relevant,self,True,True,thinner,not_stated,full thyroid gland removed; levothyroxine 125-150mcg,['endocrine'],endocrine,thyroid (PTC),other,True,Thick hair all his life,6.0,ongoing,True,True,,All my life I had thick hair but now its falling.,0.98
1e83pms,cancer,2024,relevant,self,True,True,thinner,not_stated,one high dose of radiation to the spots on my brain; dual immunotherapy,"['radiotherapy_brain', 'ICI']",ICI;radiotherapy_brain,melanoma,melanoma,True,naturally curly hair,,unknown,False,True,,i opened my camera app and took a video to see what the weird thing is. it is a bald spot. like completely bald.,0.99
1e8p1bn,cancer,2024,relevant,self,True,True,straighter,less_curl,chemo,['unspecified'],unspecified,,not_stated,True,super curly,,unknown,False,True,,"My hair before chemo was super curly, but has now grown back pin straight which I don’t like.",0.99
1e8vdql,braincancer,2024,relevant,self,True,True,thinner,not_stated,full brain radiation,['radiotherapy_brain'],radiotherapy_brain,ALK+ mNSCLC with brain and bone metastases,lung,False,,,unknown,False,True,,After having two brain surgeries and full brain radiation my hair is just destroyed. ... the top of my head now resembles a balding man.,0.98
1eajwj7,cancer,2024,relevant,self,True,True,none,not_stated,"chemo, and radiation",['unspecified'],unspecified,breast,breast,False,,,reverted,True,True,,I felt so hopeless being bald with treatment to cancer. But.. I've been growing my hair out since then,0.95
1eau48n,cancer,2024,relevant,self,True,True,thinner,not_stated,a really light dose of chemo; proton radiation,['unspecified'],unspecified,neuroblastoma,other,True,already-short hair,,ongoing,False,True,,Tonight I started pulling hair out of my already-short hair.,0.98
1eba74z,breastcancer,2024,relevant,self,True,True,color_change_other;texture_only,not_stated,6 months of chemo ... an extra few months of Keytruda,"['ICI', 'unspecified']",ICI,breast,breast,False,,,ongoing,True,False,,"my hair has grown long enough to stay in a ponytail (but dark and curly now, go figure)",0.96
1ecgasx,Hair,2024,relevant,self,True,True,none,not_stated,radiation and chemo,"['radiotherapy_scalp', 'unspecified']",radiotherapy_scalp,,not_stated,False,,,unknown,False,False,,Anybody got any tips on how to get this hair back after radiation and chemo?,0.72
1eewoav,cancer,2024,relevant,self,True,True,thinner,not_stated,chemotherapy; radiation therapy,"['radiotherapy_scalp', 'unspecified']",radiotherapy_scalp,,not_stated,False,,,ongoing,False,True,,I've also been growing my hair out... radiation therapy can also make your hair shed and I literally have a bald spot on the back side of my head.,0.98
1egzh6z,curlyhair,2024,relevant,self,True,True,curlier,not_stated,chemo,['unspecified'],unspecified,,not_stated,False,,,ongoing,False,False,,I am fairly new to having curly hair post chemo,0.9
1ejygkn,testicularcancer,2024,relevant,self,True,True,thinner,not_stated,3 rounds about two years ago,['unspecified'],unspecified,testicular,testicular,False,,24.0,ongoing,False,False,,I did 3 rounds about two years ago and now i see my hair thinning.,0.98
1ekmk1f,cancer,2024,relevant,survivor_retrospective,True,True,texture_only,not_stated,chemo pump every other week; daily radiation treatments,['unspecified'],unspecified,gastric/stomach,gi_other,False,,,ongoing,False,True,2017.0,My hair never fully recovered. It grew back dull and weak...,0.98
1eo77ga,cancer,2024,relevant,self,True,True,,not_stated,6 rounds of Carbo and Taxol,"['taxane', 'platinum']",platinum;taxane,ovarian,ovarian,False,,,unknown,False,True,,"I did cold capping and kept quite a bit of my head hair, I lost my eyebrows.",0.99
1epjn3h,braincancer,2024,relevant,self,True,True,,not_stated,30 sessions of radiotherapy followed by TMZ (6th round),"['radiotherapy_brain', 'alkylator']",alkylator;radiotherapy_brain,astrocytoma,brain_cns,False,,,reverted,True,False,,"Radiotherapy ... made me ... lose my hair in the area of radiation. ... Nevertheless, my hair has grown back",0.98
1eqlrr0,lymphoma,2024,relevant,self,True,True,none,not_stated,R-CHOP and CAR-T cell therapy,"['anthracycline', 'alkylator', 'vinca', 'unspecified']",alkylator;anthracycline;vinca,DLBCL,lymphoma_nonhodgkin,True,Full head of black hair,12.0,ongoing,True,True,,"During the course of R-CHOP and CAR-T cell therapy, I lost all of my hair... Now, a year out from CAR-T treatment, my hair is growing back",0.98
1ergkqb,cancer,2024,relevant,self,True,True,thinner,not_stated,BV-CHP,"['targeted_ADC', 'alkylator', 'anthracycline']",alkylator;anthracycline;targeted_ADC,,not_stated,True,"Long, beautiful mane",0.46,ongoing,True,True,,"Long locks of hair came dislodged this morning as I brushed it, I had a good fistful by the end.",0.99
1erj5u8,breastcancer,2024,relevant,self,True,True,none,not_stated,12 rounds of weekly Taxol and 4 rounds of every-2-weeks AC,"['taxane', 'anthracycline']",anthracycline;taxane,breast,breast,False,,,unknown,True,False,,"Throughout the Taxol, my side effects were hair loss... During AC, the hair that was starting to grow back fell out again",0.99
1es8l2m,curlyhair,2024,relevant,self,True,True,grayer,not_stated,chemo,['unspecified'],unspecified,,not_stated,False,,,unknown,False,True,,I’m way too young for that mess and unfortunately chemo didn’t give me much choice about the color.,0.96
1esf9st,leukemia,2024,relevant,self,True,True,color_change_other;straighter;thinner,less_curl,,[],,leukemia,leukemia,True,"Dark, thick, beach waves.",,unknown,True,False,,"I had dark, thick, beach waves and when my hair started coming back, it was a way lighter brown, straight and a lot thinner.",0.98
1eswwx8,cancer,2024,relevant,self,True,True,none,not_stated,the red devil and ifosfamide,"['anthracycline', 'alkylator']",alkylator;anthracycline,,not_stated,True,,,partially_reverted,False,True,,"I lost all my hair from December to March with the red devil and ifosfamide, it’s just growing back",0.96
1et5ql9,Hair,2024,relevant,self,True,True,color_change_other;permanent_alopecia,not_stated,30 days of radiation treatment on the top of my head,['radiotherapy_scalp'],radiotherapy_scalp,,not_stated,True,dishwater blonde,0.0,permanent_reported,False,False,,"My hair went from a dishwater blonde to a really muddy, darker color. I also cannot grow hair at the very top of my head due to a skin graft.",0.99
1etvkr1,curlyhair,2024,relevant,self,True,True,straighter;texture_only,less_curl,chemo,['unspecified'],unspecified,,not_stated,True,curly hair,,unknown,False,False,,I used to have curly hair but chemo made it bone straight,0.99
1eu1pml,breastcancer,2024,relevant,self,True,True,thinner,not_stated,exemestane; all three AIs and tamoxifen,['endocrine'],endocrine,breast,breast,False,,,ongoing,False,False,,I'm at about month five and I feel like some of the side effects are increasing a bit - hair loss,0.95
1ewxrrg,testicularcancer,2024,relevant,self,True,True,curlier;texture_only;thinner,not_stated,BEP chemo,['platinum'],platinum,testicular,testicular,False,,,ongoing,False,False,,my hair grew back (kinda). they’re super soft and kinda curly but moderately scarce,0.93
1f0a1xo,cancer,2024,relevant,self,True,True,permanent_alopecia;thinner,not_stated,chemo,['unspecified'],unspecified,,not_stated,True,Thick and curly,,ongoing,False,True,,"My hair used to be thick and curly but grew back thin with a receded hairline after chemo. 7 months later, all my hair fell out",0.98
1f0a3my,HairLoss,2024,relevant,self,True,True,permanent_alopecia;thinner,not_stated,chemo,['unspecified'],unspecified,,not_stated,True,thick and curly,7.0,ongoing,False,True,,"My hair used to be thick and curly but grew back thin with a receded hairline after chemo. 7 months later, all my hair fell out",0.98
1f0iynv,breastcancer,2024,relevant,self,True,True,patchy_regrowth;thinner,not_stated,TCH,"['taxane', 'platinum']",platinum;taxane,breast,breast,True,"Pre-chemo hair is mentioned, but its texture or curl pattern is not described.",3.0,ongoing,False,False,,I’m three months post chemo (TCH) and I only have a light covering of fuzz growing in at the moment. It’s still incredibly patchy,0.94
1f0yxjl,cancer,2024,relevant,self,True,True,thicker;thinner,not_stated,chemo,['unspecified'],unspecified,,not_stated,False,,,ongoing,False,True,,It’s like the head hair got thinner and the body hair got thicker... What have you done to stop your curly leg hair from getting ingrown?,0.98
1f3a9fu,breastcancer,2024,relevant,self,True,True,curlier,more_curl,chemo,['unspecified'],unspecified,breast,breast,True,stick straight hair,,unknown,True,True,,My entire life I've had stick straight hair. Now it is CURLY. Like 3b/3c level curls.,0.99
1f4fdmh,malehairadvice,2024,relevant,self,True,True,curlier;thicker;thinner,not_stated,chemotherapy treatment,['unspecified'],unspecified,leukemia,leukemia,True,Very slight widow's peak since birth; pre-treatment hair texture not stated.,,ongoing,False,False,,lost it all then grew it back at around 10 it grew back a bit thicker but very curly,0.95
1f56i1y,lymphoma,2024,relevant,self,True,True,none,not_stated,chemo,['unspecified'],unspecified,lymphoma,lymphoma_nonhodgkin,False,,,ongoing,False,True,,losing my hair ... my dad constantly makes comments about how weird my hair looks,0.97
1f5gq7c,breastcancer,2024,relevant,self,True,True,color_change_other;texture_only,not_stated,Taxol; Carbo,"['taxane', 'platinum']",platinum;taxane,breast,breast,False,,,ongoing,False,True,,I also have this weird patch of white hair (left overs from my chemo hair) the chemo hair was all white and string like.,0.97
1f5vk8h,curlyhair,2024,relevant,self,True,True,curlier;texture_only,more_curl,chemo,['unspecified'],unspecified,breast,breast,True,"Very straight, smooth, fine hair; thick only because she had a lot of it.",,ongoing,False,False,,"I have always had very straight, smooth, fine hair... after chemo it has grown back very curly, and much more coarse.",0.99
1f5yxb7,curlyhair,2024,relevant,self,True,True,curlier,more_curl,chemo,['unspecified'],unspecified,,not_stated,True,pin straight,,ongoing,False,True,,I have almost shoulder length 3c hair 15 months after finishing chemo. It was previously pin straight.,0.99
1f6hdwk,cancer,2024,relevant,self,True,True,thinner,not_stated,14 rounds of chemo,['unspecified'],unspecified,breast,breast,False,,,ongoing,False,True,,I’m worried about not having hair though... all the hair loss is really throwing me off,0.98
1f7hppo,breastcancer,2024,relevant,self,True,True,thinner,not_stated,chemo,['unspecified'],unspecified,breast,breast,True,"Long, dark, thick, curly hair",,ongoing,False,True,,"I’ve had long, dark and thick curly hair my whole life... my hair was falling out pretty dramatically... sparse, patchy bits of short hair",0.99
1f7ptqh,testicularcancer,2024,relevant,self,True,True,grayer;texture_only;thicker;thinner,not_stated,Three rounds of BEP,"['platinum', 'unspecified']",platinum,testicular,testicular,False,,12.0,ongoing,True,False,,"My hair came back in beautifully! Nice and thick, a little more grey... A year ago... the whole crown of my head went about 50% thinner and is thin and crispy.",0.98
1f9712f,cancer,2024,relevant,self,True,True,none,not_stated,chemo,['unspecified'],unspecified,lymphoma,lymphoma_nonhodgkin,False,,,unknown,False,True,,I’ve gotten chemo like everyone else... lost my hair like everyone else,0.98
1fbb8z4,cancer,2024,relevant,self,True,True,permanent_alopecia;texture_only,not_stated,8 months inpatient alternating between 3 days therapy > 2 weeks rest > 5 days therapy > 2 weeks rest > alternating for 8 months,['unspecified'],unspecified,skin,melanoma,False,,12.0,ongoing,False,False,2013.0,my hair did not come back as strong and I even started balding in high school 1 year after chemotherapy,0.9
1fc6zkc,leukemia,2024,relevant,self,True,True,curlier,more_curl,chemo,['unspecified'],unspecified,leukemia,leukemia,True,pin straight hair,,ongoing,True,False,,I had pin straight hair before chemo and now I have some cute curls,0.99
1fcd3mh,breastcancer,2024,relevant,self,True,True,none,not_stated,AC and now TC,"['anthracycline', 'alkylator', 'taxane']",alkylator;anthracycline;taxane,breast (TNBC),breast,False,,,ongoing,False,True,,I had AC and now TC... complete hair loss,0.98
1fcp29c,braincancer,2024,relevant,self,True,True,none,not_stated,proton radiation; TMZ after a 1 month rest period,['radiotherapy_brain'],radiotherapy_brain,brain cancer,brain_cns,True,Hair was in a pixie cut; hair is fine and gets oily easily.,0.5,ongoing,True,True,,Hair loss started week 2-3 for me. I am only losing hair in the spot that they're doing proton.,0.98
1fcx22z,breastcancer,2024,relevant,self,True,True,thinner,not_stated,chemo,['unspecified'],unspecified,breast,breast,False,,24.0,ongoing,False,False,,My hair has grown back fine but it feels like it's getting less full now.,0.95
1ff4c6i,cancer,2024,relevant,self,True,True,patchy_regrowth;thinner,not_stated,chemo and radiation treatments,['unspecified'],unspecified,AML; ovarian cancer,leukemia,True,Used to have a very thick single braid; now hair is extremely short and much less dense.,,ongoing,False,False,,It’s about 35%-40% now of what I initially used to have... I used to have a single braid as thick as those ropes they use at gyms.,0.98
1fg4je6,FemaleHairLoss,2024,relevant,self,True,True,texture_only;thinner,not_stated,chemo,['unspecified'],unspecified,,not_stated,False,,,ongoing,False,True,,"Fast forward to today and I’m dealing with post chemo, post color nightmare low density high porosity wavy hair.",0.91
1fgay1q,breastcancer,2024,relevant,self,True,True,thinner,not_stated,"radiation, unexpected chemo",['unspecified'],unspecified,breast,breast,True,hair was long and full,,ongoing,True,True,,I look back at photos and videos of myself before dx and I can't believe how beautiful I looked. I was in great shape and my hair was long and full. Now I'm clawing my way back to that.,0.94
1fgtsf1,cancer,2024,relevant,self,True,True,none,not_stated,radiation,['unspecified'],unspecified,,not_stated,False,,,unknown,True,False,,even where I lost hair.,0.97
1fgyur1,cancer,2024,relevant,self,True,True,permanent_alopecia,not_stated,chemo,['unspecified'],unspecified,Hodgkin lymphoma,lymphoma_hodgkin,True,hair I had pre-chemo,,ongoing,False,True,,my hair for that matter haven't returned to their previous glory... I'll have to have a hair transplant,0.84
1fh4ghi,HeadandNeckCancer,2024,relevant,self,True,True,,not_stated,55gy radiation of my left tonsil for 33 treatments; low dose cisplatin for 6 treatments,"['radiotherapy_scalp', 'platinum']",platinum;radiotherapy_scalp,HPV-positive squamous cell carcinoma of the left tonsil,head_neck,False,,,ongoing,False,True,,im noticing my hair falling out of my beard. I knew it was coming but im totally bummed still.,0.98
1fipyg4,lymphoma,2024,relevant,self,True,True,thinner,not_stated,intensive BEACOPP escalated dose,['unspecified'],alkylator;anthracycline;vinca,nsCHL,lymphoma_hodgkin,False,,,unknown,False,False,,I never full lost all my head hair and have most of my body hair bar a minor amount of thinning.,0.92
1fitav3,cancer,2024,relevant,survivor_retrospective,True,True,permanent_alopecia,not_stated,BEP chemo and VIP chemo,"['platinum', 'alkylator']",alkylator;platinum,testicular,testicular,True,thick hair prior,,permanent_reported,False,False,,"the hair on the TOP of my head never really came back... had thick hair prior that just never came back, especially on the top.",0.99
1fk0ucr,Hair,2024,relevant,self,True,True,curlier;texture_only;thinner,more_curl,chemo,['unspecified'],unspecified,,not_stated,True,Had more than twice the amount of hair before treatment; prior curl pattern not stated.,,ongoing,False,True,,"As it’s been growing back, I’m noticing a lot of curl that I didnt have before. ... It thinned SO MUCH.",0.99
1fk4a60,Hair,2024,relevant,self,True,True,curlier;thinner,more_curl,chemo,['unspecified'],unspecified,,not_stated,True,Had more than twice the amount of hair; did not previously have the curl now observed.,,ongoing,True,True,,"As it’s been growing back, I’m noticing a lot of curl that I didnt have before. ... It thinned SO MUCH.",0.99
1fkafxy,curlyhair,2024,relevant,self,True,True,curlier;thinner,more_curl,chemo,['unspecified'],unspecified,,not_stated,True,Had substantially more hair before treatment and did not have the curl that developed during regrowth.,,ongoing,True,True,,"As it’s been growing back, I’m noticing a lot of curl that I didnt have before. The curl is inconsistent and kind of frizzy.",0.99
1fksgdw,cancer,2024,relevant,self,True,True,thinner,not_stated,fludarabine and cyclophosphamide,"['alkylator', 'antimetabolite']",alkylator;antimetabolite,,not_stated,False,,0.13,ongoing,False,False,,"My hair is significantly thinner, but I still have a lot of it.",0.99
1fl23aq,curlyhair,2024,relevant,self,True,True,straighter,less_curl,chemo,['unspecified'],unspecified,,not_stated,True,"Fine, wavy/curly hair that could keep a nice curl for 24 hours with spray assistance.",,permanent_reported,True,True,,I had chemo two years ago... it grew back with a lot less curl (sob!),0.99
1fledsd,lymphoma,2024,relevant,self,True,True,thinner,not_stated,chemo,['unspecified'],unspecified,,not_stated,True,Kept hair as it was; no specific texture or curl description.,0.53,ongoing,False,True,,Im now on day 16 post chemo; and my hair wants to go. ... a bunch of strands come out.,0.98
1fm4hyx,FemaleHairLoss,2024,relevant,self,True,True,thinner,not_stated,chemo,['unspecified'],unspecified,breast,breast,True,Curly or wavy hair with very very loose waves; she had trained it to maintain waves/curls.,,ongoing,False,True,,Three years later I started my treatment for breast cancer and it’s never been the same since.,0.91
1fmqier,lymphoma,2024,relevant,self,True,True,,not_stated,Stem Cells; chemo,['unspecified'],unspecified,lymphoma,lymphoma_nonhodgkin,False,,0.75,unknown,False,False,,"3 weeks after, my hair fell out (completely) again. 1y ago, Chemo curls",0.94
1fookk1,curlyhair,2024,relevant,self,True,True,straighter,less_curl,chemo,['unspecified'],unspecified,,not_stated,True,"Lovely wavy/curly, fine hair that could keep a nice curl for 24 hours with spray assistance.",,permanent_reported,True,True,,"While it has grown back healthier than it was pre-chemo, it grew back with a lot less curl (sob!).",0.99
1fotexp,leukemia,2024,relevant,self,True,True,patchy_regrowth,not_stated,busulfan as pre-BMT conditioning,['alkylator'],alkylator,leukemia,leukemia,False,,,ongoing,False,True,,"Currently 4 months post transplant and hair grows back as patches, am worried about it.",0.98
1fp4ns4,lymphoma,2024,relevant,self,True,True,none,not_stated,r cvp; ritux,"['alkylator', 'vinca']",alkylator;vinca,extranodal marginal zone lymphoma,lymphoma_nonhodgkin,False,,0.0,unknown,False,True,,i had a whole breakdown in the shower because my hair was coming out,0.99
1fpblmy,breastcancer,2024,relevant,self,True,True,texture_only,not_stated,"five-year Tamoxifen regimen; 10mg a day; lumpectomy, radiation, and the Tamoxifen",['endocrine'],endocrine,breast,breast,False,,,ongoing,False,False,,I really haven't had many side effects since then other than brittle hair and nails.,0.98
1fsdd4e,cancer,2024,relevant,self,True,True,,not_stated,first round of chemo,['unspecified'],unspecified,AML,leukemia,False,,0.25,unknown,False,True,,I finished my first round of chemo 1 week ago and my hair is already falling out in chunks.,0.99
1fthfrw,breastcancer,2024,relevant,self,True,True,thinner,not_stated,14 rounds of chemotherapy 12 taxol& carb now recently I’ve been on doxorubicin; Lupron,"['taxane', 'platinum', 'anthracycline', 'endocrine']",anthracycline;endocrine;platinum;taxane,breast,breast,False,,,ongoing,True,True,,Since my past 2 doses of doxorubicin I’ve lost 60% of my hair. Starting to look a little scraggly.,0.99
1ftjvbp,breastcancer,2024,relevant,self,True,True,thinner,not_stated,12 rounds of weekly Taxol/Carbo with keytruda every 3 weeks; AC,"['taxane', 'platinum', 'ICI', 'anthracycline']",ICI;anthracycline;platinum;taxane,breast,breast,False,,,ongoing,False,False,,I sailed through TC just some issues digestive system wise and losing a good lot of hair wise,0.98
1ftv39d,coloncancer,2024,relevant,self,True,True,thinner,not_stated,FOLFIRI; FOLFOX; follow-up radiation,"['antimetabolite', 'platinum']",antimetabolite;platinum,colorectal,colorectal,False,,,ongoing,False,False,2024.0,"I just completed round 2 of FOLFIRI with minimal side effects - minor fatigue, very manageable diarrhea, a little bit of hair thinning, etc.",0.99
1ftv4ap,coloncancer,2024,relevant,self,True,True,thinner,not_stated,FOLFIRI; FOLFOX,"['platinum', 'antimetabolite']",antimetabolite;platinum,colon,colorectal,False,,,ongoing,False,False,2024.0,"I just completed round 2 of FOLFIRI with minimal side effects - minor fatigue, very manageable diarrhea, a little bit of hair thinning, etc.",0.99
1fuv0it,breastcancer,2024,relevant,self,True,True,thinner,no_curl_change,TC,"['taxane', 'alkylator']",alkylator;taxane,breast,breast,True,Extremely curly and a few inches past her shoulders.,,ongoing,False,True,,I recently completed round 2 of TC and so far I still have about 95% of my hair. My hair is definitely shedding more.,0.96
1fv4fp1,braincancer,2024,relevant,survivor_retrospective,True,True,thinner,not_stated,33 sessions of proton radiation,['radiotherapy_brain'],radiotherapy_brain,neuroepithelial tumor with HGNET and PATZ1 gene fusion,brain_cns,False,,,unknown,False,False,2024.0,I lost quite a bit of hair... my last day of treatment was August 28th!,0.99
1fv8tqc,cancer,2024,relevant,self,True,True,,not_stated,cyclophosphamide & vinorelbine,"['alkylator', 'vinca']",alkylator;vinca,,not_stated,False,,,ongoing,False,False,,"complete loss of hair for months, now being moved onto maintenance (cyclophosphamide & vinorelbine) any chance it'll grow back?",0.96
1fwmnf0,cancer,2024,relevant,self,True,True,permanent_alopecia,not_stated,"prednisone, doxorubicin, Brentuximab, Lupron injection","['anthracycline', 'targeted_ADC', 'endocrine']",anthracycline;endocrine;targeted_ADC,,not_stated,False,,,ongoing,False,True,,All day I am mopping my bald head with towels and handkerchiefs.,0.93
1fwta3d,breastcancer,2024,relevant,self,True,True,thinner,not_stated,4 dose dense rounds of AC (adriamycin and cyclophosphamide) followed by 12 rounds of Taxol,"['anthracycline', 'alkylator', 'taxane']",alkylator;anthracycline;taxane,breast (TNBC),breast,False,,,ongoing,False,False,,I never completely lost my hair. I lost a good bit though and even fed up shaving it again during Taxol,0.99
1fwvvj6,curlyhair,2024,relevant,self,True,True,texture_only;thinner,not_stated,chemo,['unspecified'],unspecified,,not_stated,True,"Very thick hair, including both strands and density.",,ongoing,False,False,,"My hair used to be very thick, but now is much less so (both strands and density).",0.98
1fz9kbp,cancer,2024,relevant,self,True,True,thinner,not_stated,12 radiation treatments to the brain/upper spine; chemo injections for 5 days every 6 weeks,"['radiotherapy_brain', 'unspecified']",radiotherapy_brain,,not_stated,True,Had most of his hair before radiation; previously experienced chemotherapy-related baldness and regrowth.,,ongoing,False,True,,Days after my last treatment I ended up with lines that looked like I shaved down the edges of my scalp. ... So far I haven't noticed any hair regrowth.,0.98
1g03a7u,leukemia,2024,relevant,self,True,True,,not_stated,chemo,['unspecified'],unspecified,,not_stated,False,,,unknown,False,True,,having no hair is also just fucking with me. chemos not easy but I just want to look like me again,0.98
1g1424z,lymphoma,2024,relevant,self,True,True,curlier;texture_only,more_curl,EPOCH,"['anthracycline', 'alkylator', 'vinca']",alkylator;anthracycline;vinca,lymphoma,lymphoma_nonhodgkin,True,Wavy,,ongoing,True,False,,My hair was wavy before but now there’s so much more texture. Loving these chemo curls!,0.98
1g382i4,breastcancer,2024,relevant,self,True,True,none,not_stated,chemo therapy,['unspecified'],unspecified,breast,breast,True,"Long, thick, black, curly hair; had it since age 10.",,unknown,False,True,,I will for sure won't have the long hair I had since age 10. I will make a wig of it as I can not see it shedding.,0.94
1g4jrcj,lymphoma,2024,relevant,self,True,True,texture_only,not_stated,6 cycles of RCHOP chemo,"['anthracycline', 'alkylator', 'vinca']",alkylator;anthracycline;vinca,DLBCL,lymphoma_nonhodgkin,True,Hair down past her butt,1.5,ongoing,False,True,,Before this I had hair down past my butt... 1.5 months post my final chemo... My head is now fuzzy,0.97
1g4q5ed,lymphoma,2024,relevant,self,True,True,grayer,not_stated,2 cycles of escalated beacopp and 2 of ABVD,"['alkylator', 'anthracycline', 'vinca']",alkylator;anthracycline;vinca,classical Hodgkin lymphoma,lymphoma_hodgkin,False,,,ongoing,True,True,,But my issue is its now white/grey and I have fuzz down the both sides of my face,0.98
1g6xv3j,cancer,2024,relevant,self,True,True,thinner,not_stated,chemo,['unspecified'],unspecified,Hodgkins Lymphoma,lymphoma_hodgkin,False,,,ongoing,False,True,,I feel like my body recovered (my hair never came back fully but it’s still there!),0.95
1g79dy5,lymphoma,2024,relevant,self,True,True,thinner,not_stated,4/4 RCHOP; radiotherapy,"['alkylator', 'anthracycline', 'vinca']",alkylator;anthracycline;vinca,DLBCL,lymphoma_nonhodgkin,True,50-year-old normal hair; normally had decent facial-hair growth.,,ongoing,False,True,,Head hair is super thinned. Facial hair is gone. I normally have decent growth so it’s a bit of a shock... Patchy on my body in places.,0.99
1g7ku1j,cancer,2024,relevant,self,True,True,thinner,not_stated,chemo,['unspecified'],unspecified,lymphoma,lymphoma_nonhodgkin,False,,,ongoing,False,True,,my hair is still falling out ... I still get bits of shedding hair coming out when I brush it or style it,0.98
1g9k281,testicularcancer,2024,relevant,self,True,True,,not_stated,3xBEP (5-day in-patient regimen),['platinum'],platinum,testicular,testicular,False,,,unknown,False,False,,"Had to shave my head one day before next hospital stay, because I was shedding hair like crazy.",0.98
1gb5865,lymphoma,2024,relevant,self,True,True,none,not_stated,DA-EPOCH,"['taxane', 'anthracycline', 'alkylator', 'vinca']",alkylator;anthracycline;taxane;vinca,primary mediastinal large B-cell lymphoma (PMBL),lymphoma_nonhodgkin,False,,,unknown,False,False,,"After getting my first of six cycles, my hair started falling out on day 14 of the first cycle.",0.98
1gbosiw,lymphoma,2024,relevant,self,True,True,thicker,not_stated,six rounds of chemotherapy (ABVD); dropped the Bleomycin after interim scan,"['anthracycline', 'vinca', 'alkylator']",alkylator;anthracycline;vinca,Nodular Sclerosis Hodgkin Lymphoma,lymphoma_hodgkin,False,,8.5,ongoing,True,False,,I’ve been out of chemo for eight and a half months... my hair is growing thicker.,0.98
1gc2ur8,lymphoma,2024,relevant,self,True,True,color_change_other;curlier,more_curl,chemo,['unspecified'],unspecified,lymphoma,lymphoma_nonhodgkin,True,dark and naturally straight,,ongoing,True,False,,I can’t believe how dark and naturally straight my hair was! I’m embracing it though,0.97
1gdl3oc,cancer,2024,relevant,self,True,True,none,not_stated,"25 rounds of “prophylactic radiation”; 4 rounds of doxorubicin, then two more",['anthracycline'],anthracycline,myxoid liposarcoma,sarcoma,False,,,unknown,False,True,,"Prior to my second surgery, I had 4 rounds of doxorubicin, then two more to bat cleanup... Lost all my hair",0.98
1gds42u,HeadandNeckCancer,2024,relevant,self,True,True,,not_stated,5 of 7 Chemo treatments done 21 of 35 Radiation treatments done,['unspecified'],unspecified,"stage 2 SCC of left tonsil with lymph node involvement, HPV+",head_neck,False,,,ongoing,False,False,,Facial hair is just about gone on a large patch of skin on my neck.,0.98
1ge8ddu,lymphoma,2024,relevant,self,True,True,,not_stated,six rounds of outpatient DA R-EPOCH,['unspecified'],alkylator;anthracycline;antimetabolite;vinca,PMBCL,lymphoma_nonhodgkin,True,long hair,,unknown,False,True,,"I left society healthy, petite with long hair and popped back up a bit scarred, bloated and bald! I'm mourning my hair for sure!",0.99
1ge91ui,lymphoma,2024,relevant,self,True,True,none,not_stated,six rounds of outpatient DA R-EPOCH,"['taxane', 'anthracycline', 'alkylator', 'vinca', 'unspecified']",alkylator;anthracycline;taxane;vinca,PMBCL,lymphoma_nonhodgkin,True,long hair,,unknown,False,True,,"I left society healthy, petite with long hair and popped back up a bit scarred, bloated and bald!",0.99
1gf9qrl,breastcancer,2024,relevant,self,True,True,texture_only,not_stated,8 cycles of dose dense AC-T,"['taxane', 'anthracycline', 'alkylator']",alkylator;anthracycline;taxane,breast,breast,True,"Whole life had abnormally fast-growing hair, approaching an inch a month.",,ongoing,False,True,,Now it’s almost November and I still just have a short pixie cut (the texture is also fucking atrocious).,0.93
1gfm3v5,breastcancer,2024,relevant,self,True,True,thinner,not_stated,chemo,['unspecified'],unspecified,breast,breast,True,"Long 22-inch hair, baby fine in texture, dense, and prone to major tangles.",,ongoing,True,True,,After my second chemo... already loosing a grocery story bag amount of hair... the clippers came out because there was really nothing that could be done.,0.98
1ghhrev,breastcancer,2024,relevant,self,True,True,none,not_stated,TC chemo (Docetaxel and Cyclophosphamide),"['taxane', 'alkylator']",alkylator;taxane,breast,breast,False,,,ongoing,False,False,,I am 7 weeks out from finishing TC chemo (Docetaxel and Cyclophosphamide) and still mostly bald.,0.96
1glh0cd,cancer,2024,relevant,self,True,True,texture_only;thinner,not_stated,chemo,['unspecified'],unspecified,,not_stated,True,wavy hair,,ongoing,False,True,,My hair is already so frizzy and damaged from chemo and I've lost about ⅓ or ½ of my hair so far.,0.98
1gmpbsz,breastcancer,2024,relevant,self,True,True,texture_only,not_stated,Letrozole; radiation,['endocrine'],endocrine,breast,breast,False,,,ongoing,False,False,,"Everything is dry from the Letrozole. My eyes, my mouth, my skin, my hair.",0.96
1gmuunh,breastcancer,2024,relevant,self,True,True,none,not_stated,TCHP,"['taxane', 'platinum']",platinum;taxane,breast,breast,False,,,unknown,True,True,,"TCHP killed off my hair, my nails, my libido, my energy",0.98
1gq9h4e,breastcancer,2024,relevant,self,True,True,thinner,not_stated,4 rounds of biweekly doxorubicin; 12 weekly rounds of paclitaxel,"['anthracycline', 'taxane']",anthracycline;taxane,breast,breast,False,,,unknown,False,True,,I've lost my hair,0.98
1gr1r0v,breastcancer,2024,relevant,self,True,True,thinner,not_stated,chemo,['unspecified'],unspecified,breast,breast,True,Eyebrows and lashes were fuller before treatment; exact baseline not described.,,unknown,False,False,,I finished chemo about 4 and a half months ago. My eyebrows and lashes are very sparse.,0.97
1grhuv2,breastcancer,2024,relevant,self,True,True,color_change_other;texture_only,not_stated,AC-T chemo; taxol,"['taxane', 'anthracycline', 'alkylator']",alkylator;anthracycline;taxane,,not_stated,True,Golden blonde hair with auburn lowlights,2.5,ongoing,False,True,,"Now I have 3/4” of brown and grey hair, not a hint of blonde or auburn... the back is incredibly curly, but the sides and top are straight as a pin.",0.96
1grmugy,breastcancer,2024,relevant,self,True,True,grayer;thinner,not_stated,chemo,['unspecified'],unspecified,breast,breast,True,Medium brown with salt and pepper gray and super thick,0.5,unknown,False,False,,starting to get some sparse white peach fuzz on my head. My hair was medium brown with salt and pepper gray and super thick before,0.98
1gsrmur,breastcancer,2024,relevant,survivor_retrospective,True,True,patchy_regrowth,not_stated,chemo; herceptin,['unspecified'],unspecified,breast,breast,False,,,ongoing,True,True,,"My hair is at awkward stage, can't tie it and i have bald spots.",0.94
1gsw0ex,cancer,2024,relevant,self,True,True,texture_only;thinner,not_stated,chemo,['unspecified'],unspecified,,not_stated,True,normal texture,,ongoing,False,False,,"I finished chemo 7 years ago, and even after all that time my hair is still really wispy and sticks everywhere.",0.94
1gt6yko,breastcancer,2024,relevant,self,True,True,curlier;grayer,not_stated,chemo,['unspecified'],unspecified,breast,breast,True,Long hair down to the middle of the back; dirty blonde/ash brown with about 3 gray hairs.,,ongoing,True,False,,In some spots it’s starting to curl at the ends... anyone else notice more gray hairs than before?,0.98
1gtxn7r,lymphoma,2024,relevant,self,True,True,,not_stated,BEACOPP,['unspecified'],alkylator;anthracycline;vinca,lymphoma,lymphoma_nonhodgkin,False,,1.0,ongoing,False,False,,my eyebrows are now falling out. They’re almost completely gone. ... almost four weeks after my last dose they start to fall out.,0.99
1guoc1x,HeadandNeckCancer,2024,relevant,self,True,True,patchy_regrowth,not_stated,round 35 of radiation,['unspecified'],unspecified,HPV-negative SCC of the tongue,head_neck,False,,,ongoing,False,False,,I have found that Magic brand razorless shave cream really helps to even out uneven facial hair growth,0.78
1guznjr,breastcancer,2024,relevant,self,True,True,patchy_regrowth;thinner,not_stated,Taxol and AC,"['taxane', 'anthracycline']",anthracycline;taxane,breast,breast,True,Usually wore hair long; natural color dirty blonde; had shoulder-length hair before a pre-chemo haircut.,3.0,ongoing,False,True,,3 months or so after finishing chemo it’s finally stopped shedding ... the little patch on top of my head ... has started to grow back.,0.98
1guzzxc,curlyhair,2024,relevant,self,True,True,texture_only,not_stated,chemo,['unspecified'],unspecified,,not_stated,False,,,unknown,False,False,,I’m new to curly hair (hair texture changed after chemo),0.98
1gvik47,cancer,2024,relevant,self,True,True,,not_stated,"Doxorubicin, Vincristine, Cyclophosphamide, etoposide, ifosfamide; radiation therapy","['anthracycline', 'vinca', 'alkylator', 'radiotherapy_scalp']",alkylator;anthracycline;radiotherapy_scalp;vinca,,not_stated,False,,,unknown,False,True,,"my hair, eyebrows started falling out",0.98
1gvmisk,curlyhair,2024,relevant,self,True,True,curlier,more_curl,chemo,['unspecified'],unspecified,,not_stated,True,Just slightly wavy,,ongoing,False,False,2023.0,"I lost all my hair June 2023 due to chemo, and it all grew back curly! My hair before was just slightly wavy",0.99
1gw31pb,testicularcancer,2024,relevant,self,True,True,color_change_other;patchy_regrowth;thicker;thinner,not_stated,chemo,['unspecified'],unspecified,testicular,testicular,True,Normally light brown hair; moustache normally? stated as getting lighter/almost ginger after treatment; beard baseline not described.,,ongoing,False,False,,My normally light brown hair came back jet black while my moustache got even lighter and almost ginger and my beard grew in thick to begin with but now has a very thin patch on my chin.,0.98
1gx16fv,cancer,2024,relevant,self,True,True,,not_stated,6 week proton radiation on left side of my face; 60gy,['unspecified'],unspecified,,not_stated,True,Facial hair was present before treatment; it was lost on the left side.,,unknown,False,False,,I lost all my facial hair on left side so wondering if anyone had any experience with this,0.98
1gxpv06,breastcancer,2024,relevant,self,True,True,thinner,not_stated,TCHP,"['taxane', 'platinum']",platinum;taxane,breast,breast,True,Always had long hair; described having a ton of hair.,,ongoing,True,True,,"After one shower where I lost significantly more than I normally do, I had my husband grab the scissors and clippers.",0.98
1gy1zfh,lymphoma,2024,relevant,self,True,True,texture_only,not_stated,chemo,['unspecified'],unspecified,lymphoma,lymphoma_nonhodgkin,False,,,unknown,True,False,,Any other females dealing with their curls knotting?,0.82
1gz3myy,braincancer,2024,relevant,self,True,True,thinner,not_stated,cyber knife radiation,['radiotherapy_brain'],radiotherapy_brain,brain cancer,brain_cns,False,,,ongoing,False,True,,I’m almost 2 months post treatment and have very little growth... you can see my bald spots.,0.98
1h0fd2g,lymphoma,2024,relevant,survivor_retrospective,True,True,,not_stated,4 cycles ABVD,"['taxane', 'anthracycline', 'alkylator', 'vinca']",alkylator;anthracycline;taxane;vinca,classical Hodgkin lymphoma,lymphoma_hodgkin,False,,,ongoing,True,False,2024.0,Probably about 90% of my hair fell out starting the day after my second dose... now my hair looks longer than it is now that it all is growing.,0.98
1h0s5pc,braincancer,2024,relevant,self,True,True,thinner,not_stated,Radiation/Chemo,['unspecified'],unspecified,,not_stated,False,,,ongoing,False,True,,I went through treatment 10 years ago and have struggled with my hair ever since,0.91
1h0s741,cancer,2024,relevant,self,True,True,permanent_alopecia,not_stated,Radiation/Chemo,['unspecified'],unspecified,brain tumor,brain_cns,False,,,ongoing,False,True,,I went through treatment for a brain tumor 10 years ago and have struggled with my hair ever since,0.88
1h12o03,cancer,2024,relevant,self,True,True,none,not_stated,a lot of Chemo (mostly Taxane) and Immuno Therapy (Keytruda),"['taxane', 'ICI']",ICI;taxane,breast,breast,True,hip length hair,,unknown,False,False,,I lost my hip length hair...,0.98
1h1cp04,breastcancer,2024,relevant,self,True,True,grayer;thinner,not_stated,chemo,['unspecified'],unspecified,breast,breast,True,Very dark brown/black hair with maybe 2 grey hairs,0.6,ongoing,False,True,,"As my hair is coming in, not only is it now extremely fine, but I’m seeing a bunch of silver hair all over my head.",0.98
1h3m1qm,breastcancer,2024,relevant,self,True,True,texture_only;thinner,not_stated,TC infusion,"['taxane', 'alkylator']",alkylator;taxane,breast,breast,True,Curly hair that was always soft and never tangled.,,ongoing,False,True,,It's turned brittle and dry and matted when it was always soft before and never tangled.,0.98
1h49tbp,breastcancer,2024,relevant,self,True,True,texture_only;thinner,not_stated,4 rounds of TC chemo,"['taxane', 'alkylator']",alkylator;taxane,breast,breast,False,,,ongoing,False,False,,"Now that my hair is growing back, the hair cleanser keeps it clean and is also gentle on my ultra-fine post-chemo hair.",0.95
1h57m1p,breastcancer,2024,relevant,self,True,True,thinner,not_stated,six rounds of TCHP and then HP; Tamoxifen and monthly Lupron shots,"['taxane', 'platinum', 'endocrine', 'unspecified']",endocrine;platinum;taxane,breast,breast,False,,,unknown,False,True,2022.0,I ended up not doing the full cool-capping that day. (I think this is why I lost 50% of my hair).,0.98
1h5b4up,breastcancer,2024,relevant,self,True,True,patchy_regrowth,not_stated,TC,"['taxane', 'alkylator']",alkylator;taxane,breast,breast,False,,1.75,unknown,False,False,,"I have a patchy buzzcut now, but the bottom third of the back of my head has nothing growing.",0.98
1h5snl1,breastcancer,2024,relevant,self,True,True,patchy_regrowth;thinner,not_stated,THCP chemo; Kadcyla; Zoladex; Letrozole; Neratinib,"['targeted_ADC', 'endocrine', 'unspecified']",endocrine;targeted_ADC,breast,breast,True,"Curly, fine-stranded, incredibly dense.",,ongoing,False,True,2023.0,"The back and sides of my head are even, but incredibly thin with a lot of scalp showing through. The top of my head is a patchy mess.",0.98
1h6garn,breastcancer,2024,relevant,self,True,True,thinner,not_stated,TC chemo,['unspecified'],alkylator;taxane,breast,breast,True,long thick curly hair,0.75,ongoing,False,True,,Sadly have lost almost ALL my long thick curly hair -- over 80%. Just bare scalp and whisps left.,0.99
1h7o9xo,lymphoma,2024,relevant,self,True,True,straighter,less_curl,chemo,['unspecified'],unspecified,lymphoma,lymphoma_nonhodgkin,True,a little wavy,,ongoing,False,False,,"Doesn't seem to be growing back curly for me, dead straight so far when it was a little wavy before!",0.99
1h7q6dm,HeadandNeckCancer,2024,relevant,self,True,True,none,not_stated,28 rounds of proton radiation to my sinus area and neck,['unspecified'],unspecified,rhabdomyosarcoma,sarcoma,True,Very short hair,0.5,unknown,False,False,,"It completely fried off any hair in the radiation field including my eyebrows, eyelashes, and some of my (very short!) hair.",0.98
1h9h57t,cancer,2024,relevant,self,True,True,thinner,not_stated,ABVD-> AVD; Bv-Nivo,"['anthracycline', 'alkylator', 'vinca', 'targeted_ADC', 'ICI']",ICI;alkylator;anthracycline;targeted_ADC;vinca,classical Hodgkin lymphoma,lymphoma_hodgkin,False,,,ongoing,False,True,,My hair loss is starting to become noticeable... I’m positive that I will lose all my hair by the end of my treatment.,0.99
1h9okj5,lymphoma,2024,relevant,self,True,True,thinner,not_stated,Chemo (ABVD-> AVD) and Immunotherapy (Bv-Nivo),"['anthracycline', 'alkylator', 'vinca', 'targeted_ADC', 'ICI']",ICI;alkylator;anthracycline;targeted_ADC;vinca,Classical Hodgkin’s Lymphoma,lymphoma_hodgkin,False,,,unknown,False,True,,My hair loss is starting to become noticeable... I’m positive that I will lose all my hair by the end of my treatment.,0.99
1h9vuar,Hair,2024,relevant,self,True,True,none,not_stated,chemo/radiation/BMT,['unspecified'],unspecified,,not_stated,False,,,unknown,False,False,,My hair fell out twice. My new hair is about 3 inches long.,0.98
1h9ylxf,leukemia,2024,relevant,self,True,True,thinner,not_stated,BMT transplant,['unspecified'],unspecified,AML,leukemia,False,,,ongoing,True,False,,I’m about 7 months after my transplant and my hair is still quite thin and slow growing,0.98
1ha0ra3,lymphoma,2024,relevant,self,True,True,thinner,not_stated,2 rounds of ABVD chemo; radiation,"['anthracycline', 'alkylator', 'vinca']",alkylator;anthracycline;vinca,lymphoma,lymphoma_nonhodgkin,True,Fabulous eyebrows; no scalp-hair baseline description.,,ongoing,False,True,,It got so thin... I did just shave it. ... now [my eyelashes and eyebrows are] falling out!! Over a month after finishing treatment.,0.98
1hbaexg,curlyhair,2024,relevant,self,True,True,curlier;thinner,more_curl,chemo,['unspecified'],unspecified,,not_stated,True,Less curly than current hair,,ongoing,True,False,,"I have very, very thin and fine hair coming back ... but it’s way curlier than it was before I had cancer.",0.99
1hbo3p8,cancer,2024,relevant,self,True,True,curlier,not_stated,"chemotherapy, radiation, surgery, more chemo, and now immunotherapy",['unspecified'],ICI,,not_stated,False,,,ongoing,True,False,,my cowboy hat that covers my new short chemo curls,0.93
1hdo5ov,cancer,2024,relevant,self,True,True,none,not_stated,course of radiation,['unspecified'],unspecified,,not_stated,False,,,ongoing,False,True,,I've finished my course of radiation and my hair's started falling out. It's patchy,0.98
1hdox0d,testicularcancer,2024,relevant,self,True,True,,not_stated,"3xBEP (bleomycin, etoposide, cisplatin)","['platinum', 'unspecified']",platinum,"testicular, non-seminoma",testicular,False,,,unknown,False,False,,My hair also started to fall out towards the end of the second week so I got it shaved off instead.,0.98
1hgljpf,curlyhair,2024,relevant,self,True,True,color_change_other;curlier,more_curl,current chemo,['unspecified'],unspecified,,not_stated,False,,,ongoing,True,True,,It's come back and it's curly! Also darker. It was definitely a curve of getting to like my hair again.,0.97
1hh7tus,testicularcancer,2024,relevant,self,True,True,texture_only;thinner,not_stated,"3x BEP; 4x GAMEC (GCSF, antinomycin, methotrexate, etoposide, cisplatin); high-dose carboplatin plus thiotepa, following irinotecan, paclitaxel and oxaliplatin","['taxane', 'platinum', 'alkylator', 'antimetabolite', 'unspecified']",alkylator;antimetabolite;platinum;taxane,testicular,testicular,True,thick shiny blond hair that flopped down over my forehead,,ongoing,False,True,2022.0,I used to have thick shiny blond hair that flopped down over my forehead. Hair has grown back but it is not the same. It is thin and fluffy.,0.99
1hiljix,breastcancer,2024,relevant,self,True,True,color_change_other;patchy_regrowth;thinner,not_stated,chemo,['unspecified'],unspecified,breast,breast,True,,,ongoing,True,True,,"Initially it grew in very different from before chemo. It was jet black and straight. But in the ensuing months, almost all of that has fallen out.",0.96
1hiop0p,breastcancer,2024,relevant,self,True,True,patchy_regrowth;thinner,not_stated,THCP chemo; Kadcyla; Zoladex; Letrozole; Neratinib,"['unspecified', 'targeted_ADC', 'endocrine']",endocrine;targeted_ADC,breast,breast,False,,,ongoing,False,True,2023.0,"The back and sides of my head are even, but incredibly thin with a lot of scalp showing through. The top of my head is a patchy mess",0.99
1hj91vy,testicularcancer,2024,relevant,self,True,True,color_change_other;thinner,not_stated,1xBEP,['platinum'],platinum,testicular,testicular,True,Full/thick beard; beard and moustache barely changed colour in the sun before BEP.,6.0,ongoing,False,False,2023.0,"6 months after the treatment... it started thinning out... When i’m in the sun, both my beard and stache go orange/almost blond-ish too",0.99
1hkqbr9,breastcancer,2024,relevant,self,True,True,straighter,less_curl,BC treatment; chemo,['unspecified'],unspecified,breast,breast,True,Always had wavy hair,,ongoing,False,False,,"When it came back, my whole head has poker straight hair. I’ve always had wavy hair",0.99
1hlrht6,testicularcancer,2024,relevant,self,True,True,thinner,not_stated,4xBEP; radiation,['platinum'],platinum,testicular,testicular,False,,,ongoing,False,False,,"My hair mostly fell out. Facial hair first, then on my head. I still have some hair on my head but it's thin.",0.99
1hnttde,testicularcancer,2024,relevant,self,True,True,thinner,not_stated,"cisplatin and iirc, etoposide",['platinum'],platinum,testicular,testicular,True,"Pretty long, curly, and dense hair; grown past the shoulders.",0.4,ongoing,False,True,,I finished cycle 1 around a week and a half ago and my hair started coming out in the shower yesterday.,0.99
1hnz4ac,FemaleHairLoss,2024,relevant,self,True,True,thinner,not_stated,chemo,['unspecified'],unspecified,,not_stated,False,,,ongoing,False,True,,"I’m 21F, 2 years post-chemo... my hair has been noticeably thinning",0.94
1hogw29,breastcancer,2024,relevant,self,True,True,thinner,not_stated,Keynote 522,['ICI'],ICI,TNBC,breast,True,"Hair was ok - not great, not terrible.",,ongoing,False,True,,Then my fucking hair fell out. I’m down to duck fuzz.,0.99
1hosupg,breastcancer,2024,relevant,self,True,True,thinner,not_stated,chemo,['unspecified'],unspecified,breast,breast,False,,,ongoing,False,True,,"Three months later, where I was shaved for it is still bald. ... Hair on top of my head thinned",0.98
1hp4n67,breastcancer,2024,relevant,self,True,True,none,not_stated,"16 rounds of chemo (12 TC, 4 AC); Xeloda; Trodelvy","['taxane', 'anthracycline', 'alkylator', 'antimetabolite', 'targeted_ADC']",alkylator;anthracycline;antimetabolite;targeted_ADC;taxane,breast,breast,False,,,ongoing,False,True,,I will lose my hair (again- it’s just starting to come back).,0.98
1hpcw6a,breastcancer,2024,relevant,self,True,True,,not_stated,6 rounds of chemo; immunotherapy; radiation,['unspecified'],ICI,breast,breast,True,long blonde hair,4.0,ongoing,True,True,,my hair is finally growing back four months post-chemo,0.98
1hqaf78,breastcancer,2024,relevant,self,True,True,curlier;thicker,not_stated,"3 rounds of AC chemo while pregnant, then taxol and Herceptin for 12 weeks, followed by another 9 months of Herceptin only","['anthracycline', 'taxane', 'unspecified']",anthracycline;taxane,breast,breast,False,,,ongoing,True,True,2021.0,"My hair is back, thicker than ever, it’s curly now.",0.98
1hqv1ls,breastcancer,2025,relevant,self,True,True,none,not_stated,TCHP chemo,"['taxane', 'platinum']",platinum;taxane,breast,breast,False,,,ongoing,True,True,2024.0,I lost my hair... My hair’s growing back,0.98
1hrkqyn,lymphoma,2025,relevant,self,True,True,thinner,not_stated,,['unspecified'],unspecified,lymphoma,lymphoma_nonhodgkin,True,Very long hair,,unknown,False,True,,Handfuls were coming out and it was extremely distressing to watch.,0.9
1hrzs0k,leukemia,2025,relevant,self,True,True,none,not_stated,2 rounds of HiDAC and 2 rounds of consolidation chemo,"['antimetabolite', 'unspecified']",antimetabolite,AML,leukemia,False,,,unknown,False,True,,"I am so nervous, my self confidence is at an all time low with the short hair and all... natural post chemo hair",0.86
1hs7aw4,breastcancer,2025,relevant,self,True,True,thinner,not_stated,TC chemo,['unspecified'],alkylator;taxane,breast,breast,False,,,ongoing,False,True,,"I'm at TC infusion #3 (out of 4) tomorrow, I still have my eyebrows. I think they've thinned a bit but not much.",0.98
1hse2z4,breastcancer,2025,relevant,self,True,True,thinner,not_stated,TCHP,"['taxane', 'platinum']",platinum;taxane,breast,breast,False,,,ongoing,False,False,,"I've lost about 80% of my hair. Some of it is still actively trying to grow, while others are falling out.",0.99
1hu75yp,Hair,2025,relevant,self,True,True,,not_stated,radiation treatments,['unspecified'],unspecified,,not_stated,False,,,unknown,False,False,,I lost a large portion of my hair due to radiation treatments,0.98
1hw03xb,coloncancer,2025,relevant,self,True,True,thinner,not_stated,FOLFOX,"['platinum', 'antimetabolite']",antimetabolite;platinum,colon,colorectal,True,Used to have a full head of hair.,,ongoing,False,True,,I used to have a full head of hair now I’m down to what feels like three strands.,0.99
1hw94ee,leukemia,2025,relevant,self,True,True,thinner,not_stated,intensive chemo,['unspecified'],unspecified,leukemia,leukemia,True,thick and long,,ongoing,False,True,,I can’t run my hand through my hair without getting a fist full of hair and it’s alarming.,0.98
1hx1nne,HeadandNeckCancer,2025,relevant,self,True,True,none,not_stated,"3 rounds of chemo, 4 rounds of a vaccine",['unspecified'],unspecified,HPV+ SCC oropharyngeal tonsil cancer,head_neck,False,,,ongoing,True,False,,"And of course, my hair fell out, but that’s growing back now too.",0.98
1hxfexd,breastcancer,2025,relevant,self,True,True,thinner,not_stated,enhertu,['targeted_ADC'],targeted_ADC,breast,breast,False,,,ongoing,False,False,,I just finished my second cycle and the only side effect so far other than some fatigue is hair loss.,0.99
1hxwef9,FemaleHairLoss,2025,relevant,self,True,True,patchy_regrowth,not_stated,proton radiation therapy,['radiotherapy_scalp'],radiotherapy_scalp,skin cancer,melanoma,True,Hair was present in the treated section before it fell out.,,ongoing,False,False,2018.0,"Hair in the treated section fell out ... most has since regrown, but I have a very stubborn bald patch the size of a silver dollar",0.99
1hy4iyn,leukemia,2025,relevant,self,True,True,thinner,not_stated,3 years of chemotherapy,['unspecified'],unspecified,ALL,leukemia,False,,,ongoing,False,False,,My hair is still really thin and receded.,0.98
1hy8a3b,Hair,2025,relevant,survivor_retrospective,True,True,color_change_other,not_stated,chemo,['unspecified'],unspecified,breast,breast,False,,,ongoing,False,True,,"since i finished chemo and my hair grew back after breast cancer, my hair is different, it has more of a red undertone",0.99
1hybbix,breastcancer,2025,relevant,self,True,True,permanent_alopecia;straighter;texture_only;thinner,not_stated,chemo,['unspecified'],unspecified,breast,breast,False,,,ongoing,False,True,,"At first the hair was curly but now it's growing straight and as it's growing longer, it's looking worse.",0.98
1hytzbl,leukemia,2025,relevant,self,True,True,,not_stated,chemotherapy,['unspecified'],unspecified,leukemia,leukemia,True,Hair before treatment was described only as being more perfect than after regrowth.,,ongoing,True,False,,"Now, here I am, three years later. My hair has grown back—not as perfect as before, but it’s there.",0.87
1hz06d3,braincancer,2025,relevant,self,True,True,,not_stated,radiation (34 rounds); Temodar,"['radiotherapy_brain', 'alkylator']",alkylator;radiotherapy_brain,brain tumor,brain_cns,False,,,unknown,False,False,2024.0,During radiation I lost most of my hair at the front of my scalp.,0.98
1i07twt,cancer,2025,relevant,self,True,True,thinner,not_stated,chemo,['unspecified'],unspecified,Hodgkin lymphoma,lymphoma_hodgkin,True,"very thick and full hair, with a good hair line",,ongoing,False,True,,My hair is also very thin now and pretty sparse so you can see my scalp through my hair.,0.98
1i0q3uv,cancer,2025,relevant,self,True,True,thinner,not_stated,chemo and surgery; now on tamoxifen (estrogen blocker),"['endocrine', 'unspecified']",endocrine,breast,breast,True,Hair was thicker before treatment,,ongoing,False,True,,My hair is much thinner than before and my sex drive and well-being is all messed up. I'm just really frustrated.,0.99
1i192s1,HeadandNeckCancer,2025,relevant,self,True,True,,not_stated,25 sessions with 50Gy; Proton radiation treatment,['unspecified'],unspecified,"tonsil squamous cell carcinoma, HPV+",head_neck,True,Usually kept a full beard and was not the type of guy that keeps a shaved face.,,ongoing,True,True,,"Also, no facial hair on one side looks very strange, especially since I’m not the type of guy that keeps a shaved face.",0.94
1i1r95t,Hair,2025,relevant,self,True,True,color_change_other,not_stated,chemo,['unspecified'],unspecified,,not_stated,False,,,ongoing,True,False,,It has grown back almost an iridescent shade of brown. ... these platinum blonde strands are very evenly dispersed,0.98
1i33pex,curlyhair,2025,relevant,self,True,True,texture_only,not_stated,chemotherapy,['unspecified'],unspecified,,not_stated,True,"Hair texture present from birth and after cutting it, before chemotherapy.",,ongoing,False,False,,then now my hair 2 years after chemotherapy,0.77
1i3exo5,leukemia,2025,relevant,self,True,True,color_change_other;thicker,not_stated,SCT,['unspecified'],unspecified,leukemia,leukemia,True,Light/blond body hair; light brown eyebrows; not a hairy person.,5.0,unknown,False,True,,Im 5 months post SCT... I have more hair and it's dark. Even my light brown eyebrows are almost black.,0.99
1i40f8j,Hair,2025,relevant,survivor_retrospective,True,True,curlier,more_curl,chemo treatments,['unspecified'],unspecified,,not_stated,True,wavy,,reverted,True,True,,"When it grew back, I had the most beautiful curls. I loved them, and then they faded and my hair went back to wavy.",0.98
1i4ah5v,ovariancancer,2025,relevant,self,True,True,none,not_stated,paclitaxel,['taxane'],taxane,ovarian,ovarian,True,Had hair before treatment; lost about 75-80% during treatment.,,ongoing,False,False,,"I used a cold cap during my treatments, but still lost most of my hair (about 75-80%). Now that I'm 3 weeks out from last treatment, I'm still losing some",0.98
1i5h65v,lymphoma,2025,relevant,self,True,True,curlier;texture_only,more_curl,chemo & transplant,['unspecified'],unspecified,lymphoma,lymphoma_nonhodgkin,True,Quite straight/very slightly wavy; described as 2A or less.,,ongoing,False,True,,I had quite straight/ very slightly wavy hair... after transplant... it’s come extremely curly. And it’s very very dry. I hate it.,0.99
1i6rk5x,coloncancer,2025,relevant,self,True,True,thinner,not_stated,Folfox; Oxaliplatin,"['platinum', 'antimetabolite']",antimetabolite;platinum,colorectal,colorectal,False,,,ongoing,True,False,,"I have however, noticed hair thinning, Not too bad.",0.99
1i76u8l,lymphoma,2025,relevant,self,True,True,thinner,not_stated,ABVD chemotherapy and radiation; doxorubicin,"['anthracycline', 'unspecified']",anthracycline,Hodgkin lymphoma (Stage 1 CHL),lymphoma_hodgkin,True,Had grown out his beard; hair and facial hair were present before treatment.,,partially_reverted,True,False,,Hair also started thinning about 2 days before my second session... my hair and facial hair fell out... I’ve lost a bit of hair around my neck due to the radiation.,0.99
1i76v8w,lymphoma,2025,relevant,self,True,True,thinner,not_stated,"ABVD chemotherapy; 30 Gy over 15 radiation sessions; doxorubicin (""red Devil"")","['anthracycline', 'vinca', 'alkylator', 'unspecified']",alkylator;anthracycline;vinca,Stage 1 classical Hodgkin lymphoma,lymphoma_hodgkin,True,Had grown out his beard; hair and facial hair were present before treatment.,,ongoing,True,False,,Hair also started thinning about 2 days before my second session... my hair and facial hair fell out... I’ve lost a bit of hair around my neck due to the radiation,0.98
1i7dlt6,lymphoma,2025,relevant,self,True,True,thinner,not_stated,12 infusions,['unspecified'],unspecified,lymphoma,lymphoma_nonhodgkin,True,"a lot of hair to start with, thick, curly",,ongoing,False,False,,"I had a lot to start with, thick, curly. Of course they thinned and last week I got a pixie, as babyhairs started to grow visibly in December.",0.96
1i7zuqw,lymphoma,2025,relevant,survivor_retrospective,True,True,thinner,not_stated,REPOCH chemo,"['taxane', 'anthracycline', 'alkylator', 'vinca']",alkylator;anthracycline;taxane;vinca,lymphoma,lymphoma_nonhodgkin,False,,,ongoing,False,True,,My hair grew back but falling out in major clumps again because of my hormones and lack of nutrition.,0.97
1i8k2nk,breastcancer,2025,relevant,self,True,True,thinner,not_stated,TC chemo with DigniCap cold capping,['unspecified'],alkylator;taxane,breast,breast,False,,,unknown,False,False,,I still lost a lot of hair at the top (my hair is now very very sparse at the whole crown area).,0.98
1i8m8lq,thyroidcancer,2025,relevant,self,True,True,thinner,not_stated,total thyroidectomy in july; 200mcg of levo,['endocrine'],endocrine,thyroid,other,False,,,ongoing,False,True,,"i’m still feeling the same fatigue, hair loss and weight gain as i did when my tsh was in the 30s",0.89
1i8rb8s,cancer,2025,relevant,self,True,True,permanent_alopecia,not_stated,chemo and radiation to the forehead,"['radiotherapy_scalp', 'unspecified']",radiotherapy_scalp,,not_stated,False,,,permanent_reported,False,True,,I received chemo and radiation to the forehead almost 4 years ago and most of my eyebrow hair has not come back.,0.99
1ia2tmi,curlyhair,2025,relevant,self,True,True,straighter,less_curl,Chemo,['unspecified'],unspecified,Hodgkins Lymphoma,lymphoma_hodgkin,True,Had curls,,unknown,True,False,,my curls have ended I don’t see any curls coming in,0.94
1ibe8vf,breastcancer,2025,relevant,self,True,True,thinner,not_stated,Keynote; taxol; AC; keytruda; 3 weeks radiation,"['taxane', 'anthracycline', 'ICI']",ICI;anthracycline;taxane,"breast, TNBC",breast,False,,,unknown,True,False,2024.0,Kept my hair cold capping with Dignicap. Lost a lot but it still looks great. Hair I lost is growing in beautifully.,0.94
1ibg7m3,FemaleHairLoss,2025,relevant,self,True,True,patchy_regrowth;permanent_alopecia,not_stated,radiation and chemo,"['radiotherapy_brain', 'unspecified']",radiotherapy_brain,brain cancer,brain_cns,False,,,permanent_reported,False,True,,"A majority of it grew back, but there is a section where the hair follicles are completely dead.",0.99
1ic722s,breastcancer,2025,relevant,self,True,True,texture_only,not_stated,"chemo, AIs and lupron","['endocrine', 'unspecified']",endocrine,breast,breast,False,,,ongoing,False,True,,Lately my curly hair and the fact that my eyebrows and eyelashes are refusing to grow back makes me not recognize the person in the mirror.,0.84
1ieah2p,testicularcancer,2025,relevant,self,True,True,permanent_alopecia,not_stated,1XBEP chemo,['platinum'],platinum,testicular,testicular,True,Androgen alopecia for around 10 or more years; hair was pretty thin and noticeable.,,ongoing,False,True,,I have androgen alopecia for around 10 and so years and my hair was pretty thin... My hair has fallen out and now I am completely bald,0.98
1ifhu1x,cancer,2025,relevant,self,True,True,thinner,not_stated,Cisplatin/Keytruda regimen,"['platinum', 'ICI']",ICI;platinum,esophageal cancer,gi_other,False,,,ongoing,False,False,,"Not only is my hair continuing to fall out and the diarrhea hasn't gone away, I am afraid I am going blind.",0.98
1ige9xz,breastcancer,2025,relevant,self,True,True,none,not_stated,taxotere and herceptin,['taxane'],taxane,breast,breast,False,,,unknown,False,False,,"The side effects I'm experiencing are hair-loss (of course), fatigue, chemical taste, and diarrhea.",0.98
1igeeyx,malehairadvice,2025,relevant,self,True,True,texture_only,not_stated,chemo,['unspecified'],unspecified,,not_stated,False,,,ongoing,True,True,,I enjoyed a curly period after chemo but now it's much more frizzy/puffy,0.9
1ihmarx,curlyhair,2025,relevant,self,True,True,curlier,not_stated,chemo,['unspecified'],unspecified,,not_stated,False,,,unknown,False,False,2023.0,"In case anyone is interested in what chemo curls look like! I had my last treatment August 3, 2023",0.86
1ii0mq5,lymphoma,2025,relevant,self,True,True,grayer;texture_only;thinner,not_stated,ABVD chemo,"['taxane', 'anthracycline', 'alkylator', 'vinca']",alkylator;anthracycline;taxane;vinca,lymphoma,lymphoma_nonhodgkin,False,,,ongoing,True,False,,Hair is growing back softer and of course some white hair on the side,0.97
1iiexs0,cancer,2025,relevant,self,True,True,,not_stated,radiation for H&N cancer,['radiotherapy_scalp'],radiotherapy_scalp,H&N cancer,head_neck,True,Beloved beard and hair on top of the head before treatment; no texture or curl description.,,unknown,False,False,,Loss of hair (and facial hair) is starting to show on the beam entry spots... a spot of hair falling out.,0.98
1ij74vq,cancer,2025,relevant,self,True,True,none,not_stated,six weeks of proton radiation; six months of chemotherapy; vorasidenib; temozolomide; lomustine,"['radiotherapy_brain', 'unspecified']",radiotherapy_brain,brain tumor,brain_cns,False,,,unknown,True,True,2020.0,"Alongside six weeks of proton radiation, subsequent hair loss, and six months of chemotherapy",0.98
1ikbjfp,curlyhair,2025,relevant,self,True,True,thinner,not_stated,radiation for a brain tumor,['radiotherapy_brain'],radiotherapy_brain,brain tumor,brain_cns,False,,,ongoing,False,True,,I had radiation for a brain tumor late last year and did lose a good bit of hair,0.98
1iku7mg,breastcancer,2025,relevant,self,True,True,patchy_regrowth;thinner,not_stated,chemo,['unspecified'],unspecified,breast,breast,True,thick hair; thicker hair density,,ongoing,True,False,,"I have about 50% of my hair, with some intense baby hairs growing along my hairline",0.98
1ilwq6m,Hair,2025,relevant,self,True,True,curlier,more_curl,chemo,['unspecified'],unspecified,,not_stated,True,"Almost straight, at most 2A",,unknown,True,False,,pre-chemo was almost straight at 2A at most. I have different curls of varying curliness across my hair.,0.98
1im0ugu,breastcancer,2025,relevant,self,True,True,grayer;thinner,not_stated,chemo,['unspecified'],unspecified,breast,breast,False,,1.0,ongoing,True,False,,I finished my chemo almost a month ago... they seem to be all gray and very sparse.,0.98
1im6wlk,malehairadvice,2025,relevant,survivor_retrospective,True,True,texture_only,not_stated,chemo,['unspecified'],unspecified,,not_stated,True,,,ongoing,False,False,,I also went through chemo/lost all hair within the last few years and once it grew back my hair was a completely different texture.,0.98
1imdtyz,testicularcancer,2025,relevant,self,True,True,patchy_regrowth;texture_only;thinner,not_stated,BEP regimen,"['platinum', 'unspecified']",platinum,testicular germ cell tumor,testicular,True,Hair was less brittle and could stand on its own before treatment; he hopes to return to how it used to be.,,ongoing,True,True,2023.0,My crown area is very thin... My front hairline is also very thin and receding... My hair is also very brittle compared to before.,0.99
1imthe0,thyroidcancer,2025,relevant,self,True,True,thinner,not_stated,radiation,['unspecified'],unspecified,thyroid,other,False,,6.0,ongoing,False,False,,"I had radiation about six months ago, since then ... This brand has caused me ... more hair loss",0.96
1in4yvk,breastcancer,2025,relevant,self,True,True,thinner,not_stated,"4 rounds of TC chemo, 5 weeks of rads, Lupron, Zoladex, anastrozole","['taxane', 'alkylator', 'endocrine', 'CDK4_6i']",CDK4_6i;alkylator;endocrine;taxane,breast (ILC),breast,True,Thicker before chemotherapy,,ongoing,False,True,2024.0,My hair is much thinner after chemo and being in medical menopause; so I'm really not liking that one,0.98
1ipbaeg,breastcancer,2025,relevant,self,True,True,thinner,not_stated,TCHP,"['taxane', 'platinum']",platinum;taxane,breast,breast,True,Head of hair pre-treatment wasn't much of anything at all; wore a long bob.,,ongoing,False,True,,My hair loss began a few days ago... seeing all the strands of hair in the comb.,0.98
1ipdjlo,breastcancer,2025,relevant,self,True,True,thinner,not_stated,Enhertu+Rilvegostomig,"['targeted_ADC', 'ICI']",ICI;targeted_ADC,breast,breast,False,,,unknown,True,False,,"I experience manageable nausea over the first 1.5 weeks after the infusion; I'm a bit more tired than usual, have decreased appetite and lost hair, but that's basically it.",0.97
1iq705u,breastcancer,2025,relevant,self,True,True,color_change_other;curlier;thicker,more_curl,chemo,['unspecified'],unspecified,breast,breast,True,"long, thin, straight blond hair",,ongoing,True,False,,"I had long, thin, straight blond hair... now kind of a WAVY, CURLY, THICKER, DARKER kind of 90s Billy Crystal puff.",0.99
1iqmatj,breastcancer,2025,relevant,self,True,True,permanent_alopecia,not_stated,"lupron, chemo","['endocrine', 'unspecified']",endocrine,breast,breast,True,long black curly hair,,unknown,False,True,,I miss having my long black curly hair around me.,0.9
1irbe8u,cancer,2025,relevant,self,True,True,,not_stated,doxorubicin,['anthracycline'],anthracycline,,not_stated,False,,,ongoing,False,False,,"It's happening, but they said it's going to take 2-3 weeks for it to fall out completely.",0.99
1irq4ex,breastcancer,2025,relevant,self,True,True,thinner,not_stated,Enhertu + Rilvegostamig; Taxol; AC,"['targeted_ADC', 'ICI', 'taxane', 'anthracycline', 'alkylator']",ICI;alkylator;anthracycline;targeted_ADC;taxane,breast,breast,False,,,unknown,False,True,,"I went through 8 Fucking months of chemotherapy … lose my hair, feel like shit",0.98
1is0qrv,lymphoma,2025,relevant,self,True,True,curlier,more_curl,chemo,['unspecified'],unspecified,lymphoma,lymphoma_nonhodgkin,True,stick straight long hair,,ongoing,True,True,2024.0,I’m also super happy to have curls as I’ve always had stick straight long hair.,0.99
1is6nie,Hair,2025,relevant,self,True,True,texture_only;thinner,not_stated,chemo,['unspecified'],unspecified,,not_stated,True,Used to not have to brush hair ever; hair was less prone to tangling.,,ongoing,False,False,,My hair is 7 years post chemo regrowth... since chemo it gets so tangled. I used to not have to brush my hair ever but now by mid-day it's a tangled mess,0.96
1itf324,lymphoma,2025,relevant,self,True,True,texture_only,not_stated,chemo,['unspecified'],unspecified,lymphoma,lymphoma_nonhodgkin,False,,,ongoing,True,True,,Had some beautiful chemo curls coming in & I ruined them with clip on extensions.,0.88
1itruu4,cancer,2025,relevant,self,True,True,,not_stated,radiation; chemo,"['radiotherapy_brain', 'unspecified']",radiotherapy_brain,brain tumor,brain_cns,False,,,unknown,False,False,2023.0,"From Aug-Oct 23, I went through radiation, where I lost the hair on the left side of my head.",0.99
1iu1wtp,breastcancer,2025,relevant,self,True,True,curlier;grayer,more_curl,TCHP infusion,"['taxane', 'platinum']",platinum;taxane,,not_stated,False,,,ongoing,True,True,2023.0,"Hair started growing back in April 2024, and by July I had a head full of hair that was much grayer, and WAY curlier.",0.99
1iux5lo,breastcancer,2025,relevant,self,True,True,thinner,not_stated,neoadjuvant TCx4 chemo; Docetaxel,"['taxane', 'alkylator']",alkylator;taxane,breast,breast,False,,,ongoing,False,True,,"I kept about 25% of my hair, and although I did have to buzz it off due to the pain",0.99
1iv2xwf,braincancer,2025,relevant,self,True,True,,not_stated,radiation and TMZ,"['radiotherapy_brain', 'alkylator']",alkylator;radiotherapy_brain,brain,brain_cns,False,,,unknown,False,True,,"I'm 3 weeks in to a 6 week course of radiation and TMZ, I lost a big patch of hair and it's very itchy and hot",0.98
1ivdj0j,HeadandNeckCancer,2025,relevant,self,True,True,none,not_stated,radiation post surgery,['radiotherapy_scalp'],radiotherapy_scalp,head and neck cancer (tonsil),head_neck,False,,,unknown,False,True,,"Now I got no hair on my left neck and face, including over my left thyroid. It burnt to a crisp and itches like hell!",0.98
1iwgiin,breastcancer,2025,relevant,self,True,True,none,not_stated,TCHP chemo; Taxotere,"['taxane', 'platinum']",platinum;taxane,breast,breast,False,,,unknown,True,False,,I did keep about half my hair!,0.94
1iwny9j,breastcancer,2025,relevant,self,True,True,,not_stated,four rounds of AC (doxorubicin and cyclophosphamide) every two weeks; four rounds of dose-dense Taxol (Paclitaxel and then nab-paclitaxel) with Herceptin every three weeks,"['taxane', 'anthracycline', 'alkylator']",alkylator;anthracycline;taxane,breast,breast,True,pixie cut,,unknown,False,True,,My hair started falling out after my second round of chemo. My husband buzzed it to a ¼ length... So then we buzzed it all off.,0.99
1ix2dy0,cancer,2025,relevant,self,True,True,thinner,not_stated,prednisone and doxorubicin,['anthracycline'],anthracycline,ALL,leukemia,False,,,partially_reverted,False,True,,"During my first round of chemo I was on the steroid prednisone... This, along with losing my hair, absolutely destroyed my self-esteem. Plus, my hair is getting thick again",0.98
1ix2f1c,leukemia,2025,relevant,self,True,True,thinner,not_stated,prednisone and doxorubicin,"['anthracycline', 'unspecified']",anthracycline,ALL,leukemia,False,,,partially_reverted,False,True,,During my first round of chemo I was on the steroid prednisone... losing my hair... my hair is getting thick again,0.98
1ix3e1v,lymphoma,2025,relevant,survivor_retrospective,True,True,color_change_other;thinner,not_stated,RCHOP; radiotherapy,"['taxane', 'anthracycline', 'alkylator', 'vinca']",alkylator;anthracycline;taxane;vinca,DLBCL,lymphoma_nonhodgkin,False,,,partially_reverted,True,False,,"Hair is a lot back. It went scrawny, disappeared from my face and came back white. Now dark again.",0.97
1ixi5de,ovariancancer,2025,relevant,self,True,True,thinner,not_stated,letrozole,['endocrine'],endocrine,ovarian,ovarian,True,Hair was thicker before taking letrozole.,,ongoing,False,False,,I notice my hair is a lot thinner since before taking letrozole.,0.98
1ixxb0i,testicularcancer,2025,relevant,self,True,True,patchy_regrowth;thicker,not_stated,3x BEP,['platinum'],platinum,testicular,testicular,True,Regrown hair is described as thicker than before treatment.,0.5,ongoing,False,True,,It grew back thicker than before. Now about 4 months out of treatment my hair is growing in super weird,0.98
1iymkfz,cancer,2025,relevant,self,True,True,texture_only,not_stated,ABVD chemotherapy,"['anthracycline', 'alkylator', 'vinca']",alkylator;anthracycline;vinca,stage 4 Hodgkin lymphoma,lymphoma_hodgkin,False,,4.0,ongoing,True,False,,after stopping it my hair seemed to be regrowing although in different texture ... after like 4 months and now it’s shedding from the middle,0.96
1iz325c,cancer,2025,relevant,self,True,True,thinner,not_stated,chemo,['unspecified'],unspecified,Burkitt lymphoma,lymphoma_nonhodgkin,True,"Hair before treatment, referenced as the amount/length it was before chemotherapy.",,ongoing,False,True,,"After a year I’d be able to recognize myself again and now that I’m at that point, realizing that I still don’t feel or look like me",0.97
1iz60nf,lymphoma,2025,relevant,self,True,True,color_change_other;curlier,more_curl,ABVD chemo,"['anthracycline', 'alkylator', 'vinca']",alkylator;anthracycline;vinca,Hodgkin lymphoma,lymphoma_hodgkin,True,"long, strawberry blonde, wavy hair",,ongoing,True,False,,"I went into treatment with long, strawberry blonde, wavy hair. I now look like I have a perm, and my hair is dark brown with grey highlights.",0.99
1izomnl,breastcancer,2025,relevant,self,True,True,texture_only,not_stated,radiation for breast cancer,['unspecified'],unspecified,breast,breast,False,,,ongoing,False,True,,I'm convinced my hair hasn't even grown in 16 months it only breaks or has split ends. It's dry and frizzy all the time.,0.96
1j0msao,cancer,2025,relevant,self,True,True,thinner,not_stated,head and neck radiation,['unspecified'],unspecified,,not_stated,True,normal thickness,7.0,ongoing,False,False,,I’m almost seven months out and only get this thin baby hair growth.,0.95
1j2wscx,breastcancer,2025,relevant,self,True,True,thinner,not_stated,chemo,['unspecified'],unspecified,triple-negative breast cancer,breast,False,,,ongoing,True,True,,I’m 29 and currently going through chemo for triple-negative breast cancer. Losing my hair was tough,0.98
1j4mdj3,cancer,2025,relevant,survivor_retrospective,True,True,curlier,more_curl,chemo,['unspecified'],unspecified,childhood cancer,other,True,"Dead straight hair, two layers flat against my back",,ongoing,False,True,,I had dead straight hair like two layers flat against my back and after chemo i developed type 4B hair.,0.99
1j4mhiw,cancer,2025,relevant,survivor_retrospective,True,True,curlier,more_curl,chemo,['unspecified'],unspecified,,not_stated,True,super straight hair,,ongoing,False,True,,I miss my super straight hair ... the curls are still tight as ever,0.99
1j74yre,breastcancer,2025,relevant,self,True,True,texture_only,not_stated,,[],,breast,breast,False,,,ongoing,True,True,,My hair grew back (which I'm grateful for) but it never grew back the same.,0.98
1j7pjo2,curlyhair,2025,relevant,self,True,True,texture_only,not_stated,chemo,['unspecified'],unspecified,,not_stated,False,,,ongoing,False,True,,ive got maybe 3C-4A type hair ( chemo curls),0.86
1j7qy8h,lymphoma,2025,relevant,self,True,True,none,not_stated,chemo,['unspecified'],unspecified,lymphoma,lymphoma_nonhodgkin,True,Had 20 inches of scalp hair before cutting it off; remaining hair was buzzed.,,unknown,True,True,,not even three days after the chop the buzzed hair I was left with is now shedding like a damn dog,0.98
1j89q9i,lymphoma,2025,relevant,self,True,True,patchy_regrowth;thinner,not_stated,6 cycles of ABVD/AVD,"['anthracycline', 'alkylator', 'vinca']",alkylator;anthracycline;vinca,NScHL,lymphoma_hodgkin,True,Hair used to be more plentiful and looked as it used to before chemo.,5.0,ongoing,False,True,,five months after 6 cycles of ABVD/AVD...the hair on my head is very spotty / not growing as plentiful as it used to,0.98
1j8d2b6,curlyhair,2025,relevant,self,True,True,curlier,more_curl,,[],,,not_stated,True,Wavy hair,,ongoing,False,False,,"I grew up with wavy hair, had cancer at 18, and when my hair grew back it was curly.",0.99
1j8eljm,breastcancer,2025,relevant,self,True,True,thinner,not_stated,docetaxel and cyclophosphamide,"['taxane', 'alkylator']",alkylator;taxane,breast,breast,True,Head hair was thick; pubic hairs were not normally easy to pull out.,0.5,ongoing,True,False,,"Today I noticed my, well, pubic hairs starting to pull out a little easier than normal",0.96
1j8ooam,HeadandNeckCancer,2025,relevant,self,True,True,patchy_regrowth,not_stated,"33 proton radiation, 5 cisplatin","['radiotherapy_scalp', 'platinum']",platinum;radiotherapy_scalp,oropharyngeal squamous cell carcinoma,head_neck,False,,,ongoing,True,False,,Some hair on the back of my head [returned]... I still struggle with... patchy hair,0.94
1j9n4yp,cancer,2025,relevant,self,True,True,curlier,more_curl,chemotherapy,['unspecified'],unspecified,,not_stated,True,Straight hair their whole life,,ongoing,True,False,,I am not sure exactly the length because its now curly and I have always had straight hair my whole life.,0.99
1j9zzrt,testicularcancer,2025,relevant,self,True,True,patchy_regrowth,not_stated,3x BEP,['platinum'],platinum,testicular,testicular,True,Mustache came in solid as it was before chemo; a clear circle of alopecia had always been present.,3.0,ongoing,False,False,,"After my haircut in January, a mid skin fade, the hair never grew back. Now when it comes in it looks like a haircut was started but never finished.",0.98
1jaau27,breastcancer,2025,relevant,survivor_retrospective,True,True,permanent_alopecia,not_stated,"Fertility, chemo, DMX and radiation",['unspecified'],radiotherapy_brain,breast,breast,False,,,permanent_reported,False,True,,Lost my hair (never fully grew back).,0.99
1jacebe,HeadandNeckCancer,2025,relevant,survivor_retrospective,True,True,thinner,not_stated,"chemotherapy; 32, 16 minute long sessions under the radiation beam",['unspecified'],unspecified,,not_stated,False,,,unknown,False,True,,I could handle the nausea. And the exhaustion. And my hair growing weak and thin. Those things came immediately after my first treatment.,0.98
1jbapz3,testicularcancer,2025,relevant,self,True,True,thinner,not_stated,4xBEP,['platinum'],platinum,testicular,testicular,True,very thick and full,,ongoing,False,False,2024.0,I've noticed an increase in my hair falling out for a few months now. It's getting to a point where I can see my scalp easily.,0.98
1jcrlng,cancer,2025,relevant,self,True,True,patchy_regrowth;thinner,not_stated,steroids; 3-weekly EC; 12 weekly paclitaxel infusions,"['taxane', 'anthracycline', 'alkylator']",alkylator;anthracycline;taxane,,not_stated,False,,,ongoing,False,False,,"i’ve been cold capping so haven’t lost my head hair, it’s just thinned with a few patches being bald - the patches are growing back soft baby hairs",0.98
1jcwuvj,curlyhair,2025,relevant,self,True,True,color_change_other;curlier;texture_only,more_curl,chemo,['unspecified'],unspecified,leukemia,leukemia,True,"loosely wavy, blond hair",,ongoing,False,True,,"I had loosely wavy, blond hair prior to leukemia, and it’s come back dark with much more texture. I get spirals",0.99
1jd55ks,breastcancer,2025,relevant,self,True,True,curlier,more_curl,chemo,['unspecified'],unspecified,breast,breast,True,straight hair normally,,ongoing,True,False,2024.0,I have straight hair normally but I swear one of the tufts on top is growing into a curl.,0.99
1jdulvz,lymphoma,2025,relevant,self,True,True,thinner,not_stated,chemo,['unspecified'],unspecified,lymphoma,lymphoma_nonhodgkin,True,Thicker than current hair,8.0,unknown,False,False,,I’m about 8 months post treatment... it seems to be much thinner than it was previously... might be balding on the back of my head.,0.96
1je8u1j,ovariancancer,2025,relevant,self,True,True,none,not_stated,six rounds of chemo; fifteen months of targeted VEGF treatment (Avastin),['unspecified'],unspecified,ovarian,ovarian,False,,,unknown,True,True,2021.0,"I almost refused chemo because I knew what it would do to me. And yes, I have lost so much more than just my hair.",0.98
1jevyhe,curlyhair,2025,relevant,self,True,True,thinner,no_curl_change,chemo,['unspecified'],unspecified,,not_stated,True,Thickest curly hair; now describes having fine hair and missing how full it used to be.,,ongoing,True,True,,Got cancer. Did a big chop for chemo. It grew back thinner... I have fine hair and truly miss how full it used to be growing up.,0.98
1jf9sah,breastcancer,2025,relevant,self,True,True,color_change_other;curlier;grayer;texture_only,more_curl,chemo,['unspecified'],unspecified,breast,breast,True,Thick long hair; in its natural state it had very few random waves and was permanently straightened.,0.92,ongoing,True,False,,I have three totally different textures in my hair!! ... The back ... super super tight ethnic looking curls.,0.99
1jg2gem,breastcancer,2025,relevant,self,True,True,grayer;thinner,not_stated,chemo,['unspecified'],unspecified,breast,breast,True,shiny black hair,,ongoing,False,True,,"thinned eyelashes and eyebrow, bald hair patches, thinned hair having 60% of my shiny black hair turned to white color",0.99
1jhd7mx,breastcancer,2025,relevant,self,True,True,thinner,not_stated,TC chemo,"['taxane', 'alkylator']",alkylator;taxane,breast,breast,False,,,ongoing,False,True,,I lost about 50% of my hair (mostly the top of my head) cold capping... they're thin,0.96
1jhpcdr,braincancer,2025,relevant,self,True,True,texture_only;thinner,not_stated,radiation,['radiotherapy_brain'],radiotherapy_brain,brain cancer,brain_cns,True,Green hair; pre-treatment curl pattern not stated.,,ongoing,True,False,,Finally came back in the super fine little ringlets at the bottom way.,0.88
1ji9jq3,lymphoma,2025,relevant,self,True,True,thinner,not_stated,chemo,['unspecified'],unspecified,lymphoma,lymphoma_nonhodgkin,False,,6.0,ongoing,False,False,,I’m now almost 6 months post chemo and I’m finding my body hair is falling out again.,0.99
1jiiejg,cancer,2025,relevant,self,True,True,thinner,not_stated,"chemotherapy; 32, 16 minute long sessions under the radiation beam",['unspecified'],unspecified,head and neck,head_neck,False,,,unknown,False,True,,I could handle the nausea. And the exhaustion. And my hair growing weak and thin. Those things came immediately after my first treatment.,0.98
1jio18t,breastcancer,2025,relevant,self,True,True,,not_stated,Abraxane,['taxane'],taxane,breast,breast,False,,,unknown,True,False,,i just lost my eyebrows and lashes on Abraxane,0.98
1jj90qt,cancer,2025,relevant,self,True,True,none,not_stated,chemo,['unspecified'],unspecified,lung NET,lung,False,,,unknown,False,True,,"For example we tried ? rounds of chemo... I lost all my hair, I lost all my muscle, it cooked my confidence.",0.99
1jjwold,breastcancer,2025,relevant,self,True,True,thinner,not_stated,AC,"['anthracycline', 'alkylator']",alkylator;anthracycline,breast,breast,True,"Hair had been extra healthy lately, perhaps due to pregnancy hormones.",0.43,ongoing,False,True,,Today marks day 13 since my first dose of AC... saw it coming out in chunks now and just broke down crying.,0.98
1jk33ks,thyroidcancer,2025,relevant,self,True,True,thinner,not_stated,hemithyroidectomy,['unspecified'],unspecified,thyroid (PTC),other,False,,,unknown,False,False,,My hair is falling out in chunks is this thyroid related or stress and something else?,0.98
1jm0ir1,curlyhair,2025,relevant,self,True,True,curlier;texture_only,not_stated,chemo,['unspecified'],unspecified,,not_stated,False,,,ongoing,True,False,,"I have chemo curls that are 3A mostly, some 2C. I have no clue how to take care of them and as my hair has grown out my hair looks frizzy and wavy.",0.86
1jm6r71,lymphoma,2025,relevant,self,True,True,grayer;texture_only;thicker;thinner,not_stated,,[],,lymphoma,lymphoma_nonhodgkin,False,,,ongoing,True,True,,"My armpits grew back in very thin, white whispy and curly but ... they came back super thick and dark.",0.88
1jn6uw6,cancer,2025,relevant,self,True,True,thinner,not_stated,chemotherapy,['unspecified'],unspecified,non-Hodgkin lymphoma,lymphoma_nonhodgkin,False,,,ongoing,False,True,,My health is so poor right now my hair falls out in large clumps,0.98
1jnpyzm,cancer,2025,relevant,self,True,True,thinner,not_stated,BV-CHP,"['targeted_ADC', 'anthracycline', 'alkylator']",alkylator;anthracycline;targeted_ADC,,not_stated,True,Used to have very long hair and much greater thickness.,4.0,ongoing,False,True,,I am about 4 months post chemo (BV-CHP) and my hair is not growing back at anywhere near the thickness I used to have.,0.99
1joc6tp,cancer,2025,relevant,self,True,True,thinner,not_stated,"chemo, radio",['unspecified'],unspecified,Ewing sarcoma,sarcoma,False,,,ongoing,False,True,,"I've had after treatment effects with my hips,bones, hair thining, vitamin d levels, kidneys",0.98
1jom74y,Hair,2025,relevant,self,True,True,thinner,not_stated,chemo,['unspecified'],unspecified,,not_stated,True,Very thin and fine hair entire life,,ongoing,False,True,,"My hair did grow back (thinner, still sheds always)",0.98
1jpqkaz,breastcancer,2025,relevant,self,True,True,thinner,not_stated,"TCHP regimen, docetaxel",['taxane'],taxane,breast,breast,False,,,ongoing,False,True,,"I thought I was in the clear when I grew a full head of hair! A year later, it's all falling out. I'm absolutely devestated",0.98
1jpsdaz,lymphoma,2025,relevant,self,True,True,none,not_stated,Nivo-BV; BEAM chemotherapy; ABVD,"['ICI', 'targeted_ADC', 'alkylator', 'anthracycline']",ICI;alkylator;anthracycline;targeted_ADC,HL,lymphoma_hodgkin,False,,,reverted,False,True,,My hair just got healthy again too :(,0.84
1jrpfso,curlyhair,2025,relevant,self,True,True,,not_stated,chemo,['unspecified'],unspecified,,not_stated,True,curly,,unknown,False,True,,I’m just hoping it becomes extra curly after chemo... just to lose it all to chemo 😭,0.94
1jsfukv,breastcancer,2025,relevant,self,True,True,none,not_stated,anastrozole,['endocrine'],endocrine,breast,breast,True,Wore wigs before losing her hair,,unknown,False,False,,I was prior to loosing my hair. It’s grown but I miss throwing on a wig for different occasions.,0.94
1jsxd4h,cancer,2025,relevant,self,True,True,thinner,not_stated,"AC September till November; taxol February 5, 2025","['taxane', 'anthracycline', 'alkylator']",alkylator;anthracycline;taxane,breast,breast,False,,,ongoing,False,True,2025.0,"I’m dealing with no boob, losing my hair. I don’t know who I am. I feel awful.",0.98
1jt62al,lymphoma,2025,relevant,self,True,True,texture_only;thinner,not_stated,AAVD,"['targeted_ADC', 'anthracycline', 'vinca', 'alkylator']",alkylator;anthracycline;targeted_ADC;vinca,lymphoma,lymphoma_nonhodgkin,True,"Long, curly, frizzy hair that was sometimes too thick and needed to be thinned out.",,ongoing,False,True,,it is still quite sparse and the texture is kinda fuzzy like a baby,0.99
1jtnl6i,breastcancer,2025,relevant,self,True,True,color_change_other,not_stated,chemo 4x CT; 33x rads,['unspecified'],unspecified,breast,breast,True,"Brown hair, dyed for years; one patch of silver hair. Used to be wavy, but bleaching before cancer treatment reduced the definition.",,ongoing,False,False,,"My hair was brown... Now it’s entirely grey, silver, and white.",0.98
1jtrwrb,breastcancer,2025,relevant,self,True,True,thinner,not_stated,chemo,['unspecified'],unspecified,breast,breast,True,thick hair,,ongoing,False,True,,I’m still mostly bald/my eyebrows are falling out... I want my huge bushy eyebrows and thick hair back,0.99
1jwftfi,lymphoma,2025,relevant,survivor_retrospective,True,True,none,not_stated,Chemo,['unspecified'],unspecified,NSCHL,lymphoma_hodgkin,False,,,reverted,True,True,2021.0,I lost all my hair... Now? I’ve got all my hair back,0.95
1jx1men,breastcancer,2025,relevant,self,True,True,thinner,not_stated,TC; AC-T,"['taxane', 'anthracycline', 'alkylator']",alkylator;anthracycline;taxane,breast,breast,False,,,ongoing,False,True,,"On TC, I had... Lost 75% of my hair and what fell out was growing back before I was done... eyebrows and eyelashes have been thinning",0.99
1jx5gcq,breastcancer,2025,relevant,self,True,True,curlier,not_stated,chemotherapy; anastrozole and lupron; Lynparza; radiation,"['endocrine', 'radiotherapy_scalp', 'unspecified']",endocrine;radiotherapy_scalp,breast,breast,False,,,ongoing,True,True,,I also got k-tip hair extensions as soon as my chemo curls were long enough.,0.91
1jxh8pi,breastcancer,2025,relevant,self,True,True,none,not_stated,chemo; herceptin,['unspecified'],unspecified,breast,breast,False,,,unknown,False,False,,Might also be due to losing all nose hair so there’s no protection there now.,0.97
1jxlxxy,breastcancer,2025,relevant,self,True,True,none,not_stated,4 TC chemo infusions; Zoladex/Letrozole,"['unspecified', 'endocrine']",endocrine,breast,breast,False,,,ongoing,False,True,,My leg hair grew back ... just recently realized I hadn’t shaved in about two weeks and my legs are essentially hairless again.,0.98
1jz02os,breastcancer,2025,relevant,self,True,True,curlier,not_stated,chemo,['unspecified'],unspecified,breast,breast,False,,,unknown,True,False,,I love mine and hope they stay forever.,0.91
1k03h5t,leukemia,2025,relevant,self,True,True,thinner,not_stated,doxorubicin,['anthracycline'],anthracycline,pediatric_ALL,leukemia,False,,,unknown,False,False,,My hair thinned pretty bad the first month of chemo so i shaved it in August. I'd say i've grown a good 3-4 inches of hair back.,0.98
1k06w0l,braincancer,2025,relevant,self,True,True,,not_stated,radiation and oral chemo (temozolomide),"['radiotherapy_brain', 'alkylator']",alkylator;radiotherapy_brain,grade 3 astrocytoma with piloid features,brain_cns,False,,,unknown,False,True,,I am now 3 weeks into radiation and oral chemo (temozolomide)... my hair started falling out in small handfuls this morning.,0.99
1k1ftq3,lymphoma,2025,relevant,self,True,True,permanent_alopecia,not_stated,pola-r-chp; radiation to my neck 17 days,"['targeted_ADC', 'anthracycline', 'alkylator']",alkylator;anthracycline;targeted_ADC,EBV-positive DLBCL,lymphoma_nonhodgkin,True,"Had a beard before treatment, implied by stating it still has not come back.",,ongoing,False,True,,Only other real change is my beard still hasn't come back from rads,0.92
1k1ifq2,FemaleHairLoss,2025,relevant,self,True,True,color_change_other;thinner,not_stated,chemotherapy,['unspecified'],unspecified,,not_stated,False,,,ongoing,False,True,,"my post-chemo regrowth hair is so fine, blonde, and kept short",0.94
1k28ews,breastcancer,2025,relevant,self,True,True,color_change_other;patchy_regrowth;thinner,not_stated,18 total rounds of Herceptin and Perjeta; 12 additional rounds of HP,['unspecified'],unspecified,,not_stated,True,"Jet black, thick eyebrows and lashes",1.0,unknown,True,True,,A month after my last infusion I noticed my eyebrows got darker and my lashes longer.,0.98
1k28pzo,Hair,2025,relevant,self,True,True,curlier,more_curl,chemo,['unspecified'],unspecified,,not_stated,True,straight,,ongoing,False,True,,This is my hair growth in the past year post chemo-my hair texture changed from being straight to these big curls/waves.,0.99
1k28vv8,breastcancer,2025,relevant,self,True,True,curlier,more_curl,chemo,['unspecified'],unspecified,breast,breast,True,frizzy wavy hair,,ongoing,True,False,,I’ve always had a kind of frizzy wavy hair. Now that my hair is growing out it’s developing the cutest curls and I’m obsessed.,0.99
1k2j7a4,testicularcancer,2025,relevant,self,True,True,patchy_regrowth;thinner,not_stated,chemo; Clomid,"['unspecified', 'endocrine']",endocrine,,not_stated,False,,,ongoing,False,False,,After chemo my hair came back and my beard came back really thick... my beard is less thick and coming in variable thinner.,0.95
1k3d0f2,breastcancer,2025,relevant,self,True,True,none,not_stated,AC,"['anthracycline', 'alkylator']",alkylator;anthracycline,breast,breast,True,Curly hair that afros or puffs up when wet; very curly hair.,,unknown,True,True,,"Immediately after using Dignicap, I had significant hair loss.",0.98
1k3fdnw,coloncancer,2025,relevant,self,True,True,grayer,not_stated,FOLFOXIRI; Opdivo and Yervoy (Nivolumab and Ipilimumab),"['platinum', 'antimetabolite', 'ICI']",ICI;antimetabolite;platinum,colon,colorectal,False,,,ongoing,True,False,2023.0,"The last six rounds were lower dosage, and my hair started growing back! It came back with a substantial amount of grey, but I think I earned it.",0.98
1k3ha1f,breastcancer,2025,relevant,self,True,True,curlier,not_stated,chemo and keytruda; Taxol; radiation,"['taxane', 'ICI']",ICI;taxane,breast (triple negative),breast,True,former long mermaid hair,,ongoing,False,True,2024.0,"I feel like an elf now, with these curls.",0.94
1k3jzlz,cancer,2025,relevant,self,True,True,color_change_other,not_stated,Chemotherapy; Gemcitabine; Immunotherapy and targeted therapy regimen,"['antimetabolite', 'ICI', 'unspecified']",ICI;antimetabolite,,not_stated,True,Dark brown hair,,ongoing,True,False,,After starting said regimen my hair has gradually come back but now instead of a dark brown like it was before I now have a combination of light brown and platinum blonde hair.,0.99
1k3na08,leukemia,2025,relevant,self,True,True,thinner,not_stated,doxorubicin,['anthracycline'],anthracycline,leukemia,leukemia,False,,,unknown,False,True,,I just started loosing my hair pretty badly from doxorubicin.,0.98
1k3q7nv,FemaleHairLoss,2025,relevant,self,True,True,thinner,not_stated,chemo and aromatase inhibitors,"['unspecified', 'endocrine']",endocrine,,not_stated,True,Thinner hair her entire life.,,ongoing,False,True,,I have been on years of chemo and aromatase inhibitors and my hair has never been the same.,0.94
1k3r0zv,cancer,2025,relevant,self,True,True,thinner,not_stated,chemo; aromatase inhibitors,"['unspecified', 'endocrine']",endocrine,,not_stated,False,,6.0,ongoing,False,True,,I am 6 months post chemo for a recurrence and I am so upset with my hair. My hair is getting thinner and thinner.,0.99
1k43fkk,ovariancancer,2025,relevant,self,True,True,none,not_stated,first chemo,['unspecified'],unspecified,ovarian,ovarian,True,Really long hair that sits just above the author's bum; normally has some falling hair.,0.37,ongoing,False,True,,My hair has just started to fall off. It’s been two days and I get this much amount of hair everytime I run my fingers through them.,0.98
1k49y1p,cancer,2025,relevant,self,True,True,straighter,less_curl,chemo,['unspecified'],unspecified,,not_stated,True,2c hair,,unknown,False,False,,I used to have 2c hair but now its growing out more straight.,0.99
1k4m8gl,cancer,2025,relevant,self,True,True,thinner,not_stated,interlace treatment; 28days radiation+ 6weeks chemo,['unspecified'],unspecified,cervical cancer,gynecologic_other,False,,,unknown,False,True,,The hairfall has stopped and I have like 100 strands of hair left... sitting on top of my head now.,0.95
1k5v2k1,cancer,2025,relevant,self,True,True,none,not_stated,3 months of paclitaxel then 3 months of EC,"['taxane', 'anthracycline', 'alkylator']",alkylator;anthracycline;taxane,,not_stated,False,,,ongoing,True,False,,kept most of my hair through cold capping thankfully. what little fell out is growing back.,0.93
1k67eyg,Hair,2025,relevant,self,True,True,texture_only,not_stated,chemo,['unspecified'],unspecified,,not_stated,False,,,ongoing,True,False,,"I still have my cute chemo curls, but no frizzy bottom layer.",0.88
1ka0fsu,breastcancer,2025,relevant,self,True,True,color_change_other;texture_only,not_stated,HRT; aromatase inhibitor,['endocrine'],endocrine,breast,breast,False,,,ongoing,False,True,2025.0,I have white hairs growing out of my face and neck... My hair is breaking and I’m deep deep into this menopausal bs.,0.98
1kbxj3j,leukemia,2025,relevant,self,True,True,permanent_alopecia,not_stated,transplant,['unspecified'],unspecified,,not_stated,False,,,permanent_reported,False,True,,Four years post transplant. Lost my hair permanently.,0.99
1kcbp7f,leukemia,2025,relevant,self,True,True,color_change_other;patchy_regrowth;thinner,not_stated,first chemo; conditioning chemo; SCT,['unspecified'],unspecified,leukemia,leukemia,True,"long, thick and dark",8.0,ongoing,False,True,,"I’m about 8 months post sct... the hair is still like wispy thin and lighter in colour... it’s patchy as hell, like actual bald spots.",0.99
1kd5x7b,curlyhair,2025,relevant,self,True,True,curlier;texture_only,more_curl,chemo,['unspecified'],unspecified,,not_stated,True,2B,,ongoing,False,True,,"was 2B, lost it to chemo, grew back solidly 3A-B for a while... The result is big 3A ringlets but only starting 4-6 inches from the scalp",0.98
1kdc98o,breastcancer,2025,relevant,self,True,True,curlier;grayer;patchy_regrowth,more_curl,chemo; Zometa infusion every 6 months,['unspecified'],unspecified,breast,breast,True,long and wavy,,ongoing,False,True,,Pre-treatment hair was long and wavy... Regrown hair is spotty scraggly curly frizzy,0.98
1kfs8bz,FemaleHairLoss,2025,relevant,self,True,True,thinner,not_stated,chemo and radiation,['unspecified'],unspecified,,not_stated,False,,,unknown,False,True,,i have a complex history of perimenopause from chemo and radiation ... have noticed thinning in the last year,0.9
1khdciv,HeadandNeckCancer,2025,relevant,self,True,True,none,not_stated,"3 rounds of chemo, 4 rounds of a vaccine, and then surgery",['unspecified'],unspecified,HPV+ SCC oropharyngeal/tonsil cancer,head_neck,False,,,ongoing,True,False,2024.0,I have no ongoing side effects from treatment other than my hair taking a while to grow back from the chemo.,0.88
1khqev5,breastcancer,2025,relevant,self,True,True,,not_stated,chemo,['unspecified'],unspecified,breast,breast,False,,,ongoing,False,True,,I started chemo in the fall and my hair is just starting to grow back...,0.95
1ki4pyt,breastcancer,2025,relevant,self,True,True,color_change_other;curlier;texture_only,not_stated,chemo,['unspecified'],unspecified,breast,breast,True,Sunlight and caramel blonde highlights; baseline curl pattern not stated.,,ongoing,False,True,,"It is brassy and yellow... and start to get so many waves, not even cute curls, in it",0.98
1kj7jlv,breastcancer,2025,relevant,self,True,True,thinner,not_stated,AC; Abraxane,"['anthracycline', 'taxane']",anthracycline;taxane,breast,breast,False,,,unknown,False,True,,"After AC, I was getting my hair back on Abraxane, mainly the fuzz... but now with 3 left i noticed my hair falling out again",0.98
1kkbubl,cancer,2025,relevant,self,True,True,,not_stated,"chemo, immunotherapy",['unspecified'],ICI,,not_stated,False,,,unknown,False,True,,her wondering where my hair went,0.97
1kkyu9g,HeadandNeckCancer,2025,relevant,self,True,True,thinner,not_stated,radiation treatment,['radiotherapy_scalp'],radiotherapy_scalp,head and neck,head_neck,True,Hair has always been too thick; used to shave the back of the head.,0.37,unknown,True,False,,I have a substantial amount of hair loss through my radiation treatment... I'm 11 days post radiation.,0.98
1kkyv77,HeadandNeckCancer,2025,relevant,self,True,True,thinner,not_stated,radiation treatment,['radiotherapy_scalp'],radiotherapy_scalp,,not_stated,True,Hair was always too thick; used to shave the back of the head.,0.36,unknown,True,False,,I have a substantial amount of hair loss through my radiation treatment... I'm 11 days post radiation,0.98
1kle6np,breastcancer,2025,relevant,self,True,True,thinner,not_stated,12 weekly Taxol + Ogivri (Ogivri every 3 weeks for a year after that),"['taxane', 'unspecified']",taxane,,not_stated,True,"Gray hair, recently dyed; cut into a bob before starting chemo.",,ongoing,False,True,,"I recently dyed my grays, and now my hair is shedding faster — not clumps yet, but lots of strands when I shower, brush, or even run my hands through it.",0.98
1kmmqvw,leukemia,2025,relevant,self,True,True,thinner,not_stated,chemo,['unspecified'],unspecified,B-cell ALL,leukemia,False,,,ongoing,False,True,,"It's started falling out these last couple days, after basically no fallout for months.",0.98
1kn8i6j,breastcancer,2025,relevant,self,True,True,,not_stated,Chemo (TH) and now midway through radiation,['unspecified'],unspecified,,not_stated,False,,,ongoing,False,True,,Since the hair on my head fell out I’ve been very self-conscious about people seeing me without a topper,0.98
1kow72r,HeadandNeckCancer,2025,relevant,self,True,True,none,not_stated,6 cisplatin 33 proton rads,['platinum'],platinum,base of tongue/head and neck,head_neck,False,,,unknown,False,False,2024.0,You will lose hair from radiation and my scalp dried out. I went ahead and got a mohawk to not lose as much hair when showering.,0.82
1kputqe,FemaleHairLoss,2025,relevant,self,True,True,thinner,not_stated,post chemo hairloss,['unspecified'],unspecified,,not_stated,False,,,ongoing,False,True,,I have female pattern baldness and then I got post chemo hairloss.,0.98
1kqongm,breastcancer,2025,relevant,self,True,True,thinner,not_stated,"12 weeks of TC (Taxol + Carboplatin) weekly, followed by 4 rounds of AC (Adriamycin + Cyclophosphamide) every 3 weeks. Plus immunotherapy injections every 3 weeks as part of the Keynote 522 protocol.","['taxane', 'platinum', 'anthracycline', 'alkylator', 'ICI']",ICI;alkylator;anthracycline;platinum;taxane,breast,breast,False,,,unknown,True,False,2024.0,"Chemo causes hair loss, but you can try cold capping, like I did. I kept about 40–50% of my hair.",0.98
1kqqtrx,cancer,2025,relevant,self,True,True,texture_only;thinner,not_stated,chemo,['unspecified'],unspecified,,not_stated,False,,,ongoing,False,False,,"my hair is very slowly growing and it’s a completely different texture.., it’s thin, fluffy and soft.",0.98
1kqv058,breastcancer,2025,relevant,self,True,True,,not_stated,chemo; radiation,['unspecified'],unspecified,breast,breast,False,,,unknown,False,True,,"I went thru chemo , lost my hair, lost my boobs, did radiation",0.99
1krlf3m,cancer,2025,relevant,self,True,True,patchy_regrowth,not_stated,BV-AVD,"['targeted_ADC', 'anthracycline', 'vinca', 'alkylator']",alkylator;anthracycline;targeted_ADC;vinca,Hodgkin lymphoma,lymphoma_hodgkin,False,,,ongoing,False,True,,I have been struggling with my hair growth since. It grows pretty fast but with just so much bald space.,0.96
1krygs1,coloncancer,2025,relevant,self,True,True,thinner,not_stated,Capecitabine; 30 days of chemo radiation with Cape,['antimetabolite'],antimetabolite,colon,colorectal,False,,,unknown,False,False,,I have hair thinning... Is the thinning of my hair permanent?,0.99
1kryob6,breastcancer,2025,relevant,self,True,True,patchy_regrowth;texture_only;thinner,not_stated,chemo; targeted therapy,['unspecified'],unspecified,breast,breast,False,,1.0,ongoing,False,True,,"My hair started coming back about 4 weeks post chemo, but grew quicker in spots, is thinner, slow growing and ... feels like fluff.",0.97
1ksfxof,testicularcancer,2025,relevant,self,True,True,none,not_stated,1xBEP,"['platinum', 'unspecified']",platinum,testicular,testicular,True,Hair was a big part of the author's identity; no texture or curl described.,,ongoing,False,True,,Wrapped up 1xBEP earlier this week and finally shaved my head today after I kept waking up with hair on my pillow.,0.98
1ktbdxj,breastcancer,2025,relevant,self,True,True,,not_stated,chemo; 25 unexpected rads,['unspecified'],unspecified,breast,breast,False,,,unknown,True,True,,"I am (post chemo, hair loss, first surgery, and now 25 unexpected rads, oophorectomy, more surgery) am ok!",0.98
1ktmfah,breastcancer,2025,relevant,self,True,True,thinner,not_stated,"16 total chemos: 12 taxol and carboplatin weekly, then 4 adriamycin and cytoxan every three weeks; switched from taxol to abraxane, still with carboplatin","['taxane', 'platinum', 'anthracycline', 'alkylator']",alkylator;anthracycline;platinum;taxane,triple negative breast cancer,breast,False,,,ongoing,False,True,,"So far I have had hair thinning, but no bald spots.",0.99
1ktvyqb,ovariancancer,2025,relevant,self,True,True,none,not_stated,chemo; Avastin,['unspecified'],unspecified,ovarian clear cell carcinoma,ovarian,False,,,ongoing,True,False,,I did lose my hair and had peripheral neuropathy set in right away - hair appears to be coming back slowly,0.98
1kv0as5,breastcancer,2025,relevant,self,True,True,none,not_stated,6 months of chemo/immunotherapy: 3 months of weekly Paclitaxel/3-weekly Pembrolizumab; 3 months of 3-weekly EC,"['taxane', 'ICI', 'anthracycline', 'alkylator']",ICI;alkylator;anthracycline;taxane,triple-negative breast cancer,breast,True,Hair down to my bum,,unknown,False,False,2023.0,I lost all of my hair (that I'd had down to my bum at that point),0.98
1kvmlli,breastcancer,2025,relevant,self,True,True,color_change_other,not_stated,chemo,['unspecified'],unspecified,breast,breast,False,,,ongoing,False,False,,I’m just barely getting my head hair back and it’s an odd dark dusty blond color?,0.94
1kvqkko,cancer,2025,relevant,self,True,True,thinner,not_stated,chemo,['unspecified'],unspecified,,not_stated,True,the thickest head of hair,,ongoing,False,True,,"I used to have the thickest head of hair, and after chemo it sort of came back but was way different. Super thin",0.99
1kwf1ox,breastcancer,2025,relevant,self,True,True,thinner,not_stated,Taxotere (docetaxel) for breast cancer; tamoxifen/letrozole,"['taxane', 'endocrine']",endocrine;taxane,breast; childhood kidney cancer,breast,False,,24.0,ongoing,False,True,2016.0,"For the past year, however I have been in a constant state of shedding... shocked to see how thin my hair is and visibly seeing my scalp.",0.97
1kx86x7,Hair,2025,relevant,self,True,True,texture_only;thinner,not_stated,chemo and radio therapy,['unspecified'],unspecified,,not_stated,True,Had a lot of hair that was thick throughout childhood.,,ongoing,True,True,,I went through chemo and radio therapy due to cancer around 9 years ago & after that my hair became super thin and damaged.,0.99
1kx9quo,breastcancer,2025,relevant,self,True,True,thinner,not_stated,monthly Decapeptyl shots; 12 weeks TCHP; 15 rounds of radiation; Phesgo shots; Tamoxifen; Zoladex,"['taxane', 'platinum', 'endocrine']",endocrine;platinum;taxane,breast,breast,False,,,ongoing,False,True,,the lack of estrogen is causing ongoing hair shedding (I cold capped and kept my hair through chemo),0.98
1kycn4z,breastcancer,2025,relevant,self,True,True,curlier;thinner,not_stated,chemo and radiation; Verzenio,"['CDK4_6i', 'unspecified']",CDK4_6i,,not_stated,False,,,ongoing,True,False,,"things are generally getting back to normal hairwise (except my head hair is curly now, which I love!)... my eyebrows and pubic hair... have thinned out considerably",0.96
1kyl4ig,lymphoma,2025,relevant,self,True,True,thinner,not_stated,ABVD chemo,"['anthracycline', 'alkylator', 'vinca']",alkylator;anthracycline;vinca,,not_stated,False,,,ongoing,False,False,,I lost over 90% of my hair after just 1 infusion... I have not seen any new growth in the sparse areas of my scalp,0.98
1kypo9c,breastcancer,2025,relevant,self,True,True,curlier;texture_only,not_stated,chemo,['unspecified'],unspecified,breast,breast,False,,,ongoing,True,False,,"I'm 10 months post my last chemo. Hair is about 4 inches, but it is a curly frizzy mess... these chemo curls",0.93
1kyrcla,cancer,2025,relevant,self,True,True,none,not_stated,chemo,['unspecified'],unspecified,,not_stated,True,Previously had straight hair.,,ongoing,False,False,,"my eyebrows and eyelashes have been falling out; i previously had straight hair, will it regrow straight",0.98
1kz746z,breastcancer,2025,relevant,self,True,True,thinner,not_stated,neoadjuvant TC; adjuvant AC-T; ddAC (Doxorubicin/Adriamycin and Cyclophosphamide/Cytoxan),"['taxane', 'anthracycline', 'alkylator']",alkylator;anthracycline;taxane,breast,breast,True,Hair had previously been past her chin; after the first treatment it grew back thick and even.,,ongoing,True,True,,I noticed a familiar sore feeling in my scalp... rubbed my scalp over the white bathroom counter and saw a few dozen little hairs fall out.,0.99
1kz7740,breastcancer,2025,relevant,self,True,True,curlier,more_curl,8 weeks of chemo; radiation treatments; Arimidex; Verenzio,"['unspecified', 'endocrine', 'CDK4_6i']",CDK4_6i;endocrine,breast,breast,True,22 inches long and straight,,unknown,True,False,,My hair was 22inches long and straight previously and is grew back wavy. I love my new pixie haircut.,0.99
1kzcd2a,cancer,2025,relevant,self,True,True,none,not_stated,four rounds of chemotherapy; radiation; pembrolizumab,"['unspecified', 'ICI']",ICI,small cell carcinoma of the anal canal,colorectal,False,,,unknown,False,True,2025.0,Having no hair is literally the least of my worries.,0.96
1l065i6,lymphoma,2025,relevant,self,True,True,permanent_alopecia,not_stated,10 days of ISRT 20gy to the neck; 2 cycles of ABVD chemo,"['anthracycline', 'alkylator', 'vinca', 'unspecified']",alkylator;anthracycline;vinca,CHL,lymphoma_hodgkin,True,beard,,permanent_reported,False,False,,Lost all the hair on that side of my neck (I have a beard) from radiation and looks like it’s gone for good,0.97
1l0if8j,lymphoma,2025,relevant,self,True,True,none,no_curl_change,R-CHOPx6,"['anthracycline', 'alkylator', 'vinca']",alkylator;anthracycline;vinca,lymphoma,lymphoma_nonhodgkin,True,thick straight Asian hair,,ongoing,False,True,,I have thick straight Asian hair and I don't see chemo curls coming in any time soon.,0.94
1l17s14,cancer,2025,relevant,self,True,True,patchy_regrowth;permanent_alopecia;thinner,not_stated,MAP protocol,"['anthracycline', 'platinum', 'antimetabolite']",anthracycline;antimetabolite;platinum,osteosarcoma,sarcoma,False,,,ongoing,False,True,,Fast forward almost three years after chemo ended and the hair there still hasn’t grown back. Everywhere else has.,0.98
1l1nl3w,breastcancer,2025,relevant,self,True,True,none,not_stated,TCH 6 sessions,"['taxane', 'platinum']",platinum;taxane,breast,breast,False,,,unknown,False,False,,"I used cold capping, but still lost over 50% of hair. I am 5 weeks post chemo.",0.98
1l2bhex,lymphoma,2025,relevant,self,True,True,none,not_stated,chemo,['unspecified'],unspecified,Hodgkins Lymphoma,lymphoma_hodgkin,False,,,unknown,False,False,,"I stopped sleeping, lost my appetite, lost my energy, lost my hair",0.98
1l2vyl2,breastcancer,2025,relevant,self,True,True,none,not_stated,chemo,['unspecified'],unspecified,breast,breast,True,"Very thick and curly; when straight, down to the small of her back.",,unknown,False,True,,I shaved my head about 4 weeks into chemo. It was coming out by the handful,0.98
1l37s3n,HeadandNeckCancer,2025,relevant,self,True,True,patchy_regrowth,not_stated,7 weeks of Proton Beam Therapy,['radiotherapy_scalp'],radiotherapy_scalp,adenoid cystic carcinoma,head_neck,False,,,ongoing,True,False,2025.0,Hair loss (facial and head) where the treatment is. Facial hair regrowth is limited for now.,0.98
1l3hzob,breastcancer,2025,relevant,self,True,True,grayer;thicker,not_stated,TC x4 and 20 radiation treatments,"['taxane', 'alkylator']",alkylator;taxane,breast,breast,False,,,ongoing,True,False,2024.0,"My eyelashes have grown back, some of my brows, but I have thick silver hair growing on my head and it is glorious!",0.94
1l4svjt,breastcancer,2025,relevant,self,True,True,thicker,not_stated,"4 rounds of Adriamycin, 4 rounds Taxol, 25 radiation treatments, Arimidex, Verenzio","['taxane', 'anthracycline', 'endocrine', 'CDK4_6i']",CDK4_6i;anthracycline;endocrine;taxane,breast,breast,False,,,ongoing,True,False,,My hair has grown back beautifully and thicker thanks to castor oil prior to showering.,0.98
1l5wfjf,breastcancer,2025,relevant,self,True,True,thinner,not_stated,Phesgo + tamoxifen,"['endocrine', 'unspecified']",endocrine,breast,breast,True,"Curly, super thick, and voluminous hair",,unknown,False,True,,"I’m a curly haired girl with super thick, and voluminous hair... more hair coming out in the shower.",0.98
1l6gsz4,lymphoma,2025,relevant,self,True,True,none,not_stated,chemo,['unspecified'],unspecified,lymphoma,lymphoma_nonhodgkin,False,,,unknown,False,True,,wearing a wig... thinking about having hair extensions... tips and tricks on how to grow out my hair,0.88
1l6o3v9,lymphoma,2025,relevant,self,True,True,texture_only;thicker;thinner,not_stated,6 cycles BrECADD,['unspecified'],alkylator;anthracycline;targeted_ADC,NScHL,lymphoma_hodgkin,True,Beard was less strong than after treatment; scalp hair used to be thick.,2.5,ongoing,True,True,,"my beard actually came back stronger than before about 2.5 months after I finished treatment. But over the past month, it’s started falling out again",0.96
1l6rijs,lymphoma,2025,relevant,self,True,True,thinner,not_stated,chemo,['unspecified'],unspecified,lymphoma,lymphoma_nonhodgkin,True,Normal thickness before chemotherapy,8.0,ongoing,True,True,,I'm about 8 months post chemo and my hair is growing decently in terms of length but so much thinner than before.,0.99
1l7umg9,breastcancer,2025,relevant,self,True,True,grayer;patchy_regrowth;thinner,not_stated,TCHP (6 rounds),"['taxane', 'platinum', 'unspecified']",platinum;taxane,breast,breast,True,"Pretty fine, light-medium brown, down to mid-thigh, with no bald spots.",1.5,ongoing,True,True,,"It's been almost 6 weeks now since my last TCHP... it's just soft fuzz, white and gray... can still totally see my scalp and the top of my head/crown is still bald",0.99
1l9ssl5,breastcancer,2025,relevant,self,True,True,thinner,not_stated,TC; ddAC; Taxol,"['taxane', 'alkylator', 'anthracycline']",alkylator;anthracycline;taxane,breast,breast,False,,0.4,ongoing,True,True,,"On day 13 of my first TC cycle, my hair started to fall out.",0.99
1l9u5ih,breastcancer,2025,relevant,self,True,True,none,not_stated,chemo; radiation therapy; endocrine therapy via pills,"['unspecified', 'endocrine']",endocrine,breast,breast,False,,,unknown,True,False,,"I did lose most of my hair, unfortunately, but I expected that.",0.99
1lb0sn3,cancer,2025,relevant,self,True,True,,not_stated,chemo; radiation,['unspecified'],unspecified,spindle cell sarcoma,sarcoma,False,,,unknown,False,True,2025.0,we tried chemo and it didn’t do anything but get rid of my hair and make me sick.,0.99
1lbcbsz,cancer,2025,relevant,survivor_retrospective,True,True,,not_stated,chemotherapy and radiation; immunotherapy and an autologous bone marrow transplant,['unspecified'],ICI,Hodgkin lymphoma,lymphoma_hodgkin,False,,,unknown,True,True,,"I went through chemotherapy and radiation. I lost all my hair, eyebrows everything.",0.99
1lbvsdf,testicularcancer,2025,relevant,self,True,True,thinner,not_stated,1xBEP,['platinum'],platinum,testicular,testicular,True,Hair was denser before chemotherapy.,,ongoing,False,True,,"my hair started to grow back, but until today it isn't that dense how it used to be pre-chemo",0.99
1le06l6,breastcancer,2025,relevant,self,True,True,curlier,not_stated,radiation April 30th,['unspecified'],unspecified,,not_stated,False,,,ongoing,True,True,,Hair has grown back and is curl AF. At first was like aw it’s kinda cute. But as it gets longer I feel like Corey Matthew’s,0.94
1le3bju,breastcancer,2025,relevant,self,True,True,none,not_stated,chemo,['unspecified'],unspecified,breast,breast,False,,2.0,ongoing,True,True,,Finished chemo 2 months ago... I’m now at the “baby bird” stage of hair growth. (No chemo curls for me.),0.97
1lea6vw,breastcancer,2025,relevant,self,True,True,,not_stated,TCHP; carboplatin; docetaxel lowered to 65%; radiotherapy; Phesgo; hormone stuff,"['taxane', 'platinum', 'targeted_ADC', 'radiotherapy_scalp', 'endocrine']",endocrine;platinum;radiotherapy_scalp;targeted_ADC;taxane,breast,breast,False,,,unknown,False,True,,Now I am a bald sickly thing in a bed,0.98
1lefenx,breastcancer,2025,relevant,survivor_retrospective,True,True,color_change_other;curlier;texture_only;thicker,more_curl,"4 rounds TC chemotherapy, and 16 rounds of boosted radiation","['unspecified', 'endocrine', 'CDK4_6i']",CDK4_6i;endocrine,breast IDC,breast,True,"Pre-chemo texture is referenced, but not otherwise described.",,ongoing,True,True,,"My hair has been rapidly growing back and is now down to my chin. I am currently rocking a full 1980's perm style thanks to chemo curls. It's grown back thicker, softer, darker, and poofier than its pre-chemo texture.",0.98
1lejlm3,breastcancer,2025,relevant,self,True,True,thinner,not_stated,"chemo, cold-capped; radiation and immunotherapy; Kadcyla","['targeted_ADC', 'unspecified']",targeted_ADC,breast,breast,True,"Before diagnosis, shedding like crazy.",2.0,ongoing,False,True,,"I am 2 months post chemo and cold-capped. I still have some of my hair left, except bald on bangs area, but there is still shed",0.97
1lep1w5,breastcancer,2025,relevant,self,True,True,thinner,not_stated,AC + Taxol/Abraxane; Letrozole,"['anthracycline', 'taxane', 'endocrine']",anthracycline;endocrine;taxane,breast,breast,True,Extremely dense and thick hair,3.0,ongoing,False,True,,I used to have extremely dense and thick hair... it still looks very sparse—especially when viewed from above.,0.99
1lf9srj,breastcancer,2025,relevant,self,True,True,texture_only;thinner,not_stated,TC chemo,"['taxane', 'alkylator']",alkylator;taxane,breast,breast,True,fine longish curls,2.5,ongoing,False,True,,2.5 months post cold capping with during TC chemo. Lost maybe 40% of my fine longish curls. It’s a super dry thin mess.,0.98
1lg773f,breastcancer,2025,relevant,self,True,True,none,not_stated,chemo,['unspecified'],unspecified,breast,breast,False,,,unknown,False,True,2025.0,I finished chemo in January’25 and feel like I need to clean up the sides/back,0.93
1lgcpub,testicularcancer,2025,relevant,self,True,True,none,not_stated,BEP,['platinum'],platinum,testicular,testicular,False,,,unknown,False,False,2023.0,including out of losing all my hair from the cycle,0.98
1lgw6gh,breastcancer,2025,relevant,self,True,True,texture_only,not_stated,tchp,"['taxane', 'platinum']",platinum;taxane,breast,breast,False,,,ongoing,False,False,,I'm about 5 months post tchp... My hair doesn't seem to get greasy anymore,0.88
1lh4u0a,breastcancer,2025,relevant,self,True,True,thinner,not_stated,"TC chemo; Exemestane, Lucrin and Kisqali","['taxane', 'alkylator', 'endocrine', 'CDK4_6i']",CDK4_6i;alkylator;endocrine;taxane,breast,breast,True,Had hair before treatment and already did not love her hairline.,,ongoing,False,True,,My hair has been shedding like crazy for months and it's now at the point where ... it's thinning too - crown and hairline,0.99
1limqpg,curlyhair,2025,relevant,self,True,True,curlier,not_stated,chemo,['unspecified'],unspecified,,not_stated,False,,,ongoing,False,True,,I went through chemo and lost all my hair and now it’s grown back curly.,0.97
1ljmv00,lymphoma,2025,relevant,self,True,True,thinner,not_stated,chemo,['unspecified'],unspecified,lymphoma,lymphoma_nonhodgkin,False,,2.0,ongoing,False,False,,My hair is coming back really slow... 2 months out from chemo and my hair basically still looks bald.,0.91
1ll4bx2,breastcancer,2025,relevant,self,True,True,thinner,not_stated,TC chemo; docetaxel,"['taxane', 'alkylator']",alkylator;taxane,breast,breast,False,,0.63,unknown,False,True,,Day 19 after infusion #1 enormous shedding... Washed hair yesterday and good lord of holy shedding.,0.98
1lljfei,HeadandNeckCancer,2025,relevant,self,True,True,none,not_stated,"36 rounds of proton therapy, totaling 70gy",['radiotherapy_scalp'],radiotherapy_scalp,ACC of right maxillary sinus,head_neck,False,,0.07,ongoing,False,True,,"Two nights after treatment ended, some hair came out... hair is falling out from my front hairline at the center part, backward and widening.",0.98
1lmwphj,braincancer,2025,relevant,self,True,True,patchy_regrowth,not_stated,10 rounds of whole head radiation; lots of different chemos and treatments,"['radiotherapy_brain', 'unspecified']",radiotherapy_brain,MSBC with brain lesions,breast,False,,,ongoing,True,False,,It had come back somewhat after lots of different chemos and treatments... it's definitely coming in. Sides and back only at this point,0.96
1ln973s,breastcancer,2025,relevant,self,True,True,curlier;texture_only,not_stated,chemo cycles,[],,breast,breast,False,,,ongoing,False,True,,within a month my hairs first came as soft silky hairs. Gradually becomes curly and now more like Afro hairs,0.98
1lo8o8l,breastcancer,2025,relevant,self,True,True,color_change_other,not_stated,chemo,['unspecified'],unspecified,breast,breast,True,"Dark brown hair with approximately 20% gray, often colored and covered.",,unknown,False,False,,"Pre-cancer I had dark brown hair, plenty of gray (maybe 20%?)... Now... the gray has mostly fallen out and it's all back to dark brown.",0.98
1lp2zvt,breastcancer,2025,relevant,self,True,True,thinner,not_stated,chemo,['unspecified'],unspecified,breast,breast,False,,1.25,ongoing,False,True,,My hair is still falling almost at the rate of in-between chemo especially after wash. I am stressed that it's still happening.,0.98
1lp7jmc,leukemia,2025,relevant,self,True,True,thinner,not_stated,chemo,['unspecified'],unspecified,AML,leukemia,True,short hair; shedding more than usual,,ongoing,False,True,,I’ve noticed my hair has been shedding A LOT more than usual.,0.98
1lqeqkn,breastcancer,2025,relevant,self,True,True,thinner,not_stated,"Keynote regimen; C4 taxol/carbo, switched to abraxane for allergic reaction","['taxane', 'platinum']",platinum;taxane,breast,breast,True,super thin and stringy,,ongoing,False,False,,I’m now in the hair loss stage: handfuls of hair strands coming out with every stroke or brush.,0.99
1lr2asp,lymphoma,2025,relevant,self,True,True,curlier,not_stated,DA-EPOCH-R plus nivolumab immunotherapy clinical trial,"['taxane', 'anthracycline', 'alkylator', 'vinca', 'ICI']",ICI;alkylator;anthracycline;taxane;vinca,PMBCL,lymphoma_nonhodgkin,False,,,ongoing,False,True,,My hair has been growing back pretty quickly... Chemo curls in full swing!,0.91
1lr3r62,breastcancer,2025,relevant,self,True,True,thinner,not_stated,"16 sessions of chemo (finished in January), max radiation and a double mastectomy; now on Lupron, Aromatase and Verzenio","['unspecified', 'endocrine', 'CDK4_6i']",CDK4_6i;endocrine,breast,breast,False,,,ongoing,True,True,,"They all fell out during chemo, and then grew back so fast about a month or two after. Now they have started to fall out again.",0.98
1lrlyax,breastcancer,2025,relevant,self,True,True,thinner,not_stated,tamoxifen,['endocrine'],endocrine,breast,breast,False,,,ongoing,False,True,,My hair is falling out in large amounts. There is hair everywhere in the bathroom floor and every time I run my hands through my hair a few pieces come out.,0.96
1lroln9,leukemia,2025,relevant,self,True,True,none,not_stated,BMT / all of the chemo; Chemo and radiation,"['radiotherapy_scalp', 'unspecified']",radiotherapy_scalp,,not_stated,False,,,unknown,False,True,,"I don’t want anyone to see me this thin, with a shaved head and huge eyebags. Chemo and radiation truly destroy any muscle mass you have.",0.97
1lrvccl,breastcancer,2025,relevant,self,True,True,patchy_regrowth;straighter;thinner,less_curl,chemo; x15 rounds of radiotherapy; 14 kadcyla infusions; tamoxifen; letrozole; anastrozole,"['unspecified', 'targeted_ADC', 'endocrine']",endocrine;targeted_ADC,breast,breast,True,frizzy/curly long hair,,ongoing,False,True,2023.0,I used to have frizzy/curly long hair! ... now it is dead straight ... very thin ... and patchy!,0.99
1lrzk37,lymphoma,2025,relevant,self,True,True,thinner,not_stated,AAVD,"['targeted_ADC', 'anthracycline', 'vinca', 'alkylator']",alkylator;anthracycline;targeted_ADC;vinca,lymphoma,lymphoma_nonhodgkin,True,"Eyebrows, eyelashes, and facial hair were present before treatment; eyebrows were liked.",,ongoing,False,True,,my eyebrows are falling out and my facial hair is pretty much gone... i see now that it was what defined a lot of my features and it makes me sad seeing them patchy,0.98
1ls4fgk,breastcancer,2025,relevant,survivor_retrospective,True,True,thinner,not_stated,"6 rounds of TCHP, 21 rounds of radiation, and 17 total rounds of herceptin","['taxane', 'platinum', 'endocrine', 'unspecified']",endocrine;platinum;taxane,breast,breast,False,,,ongoing,True,False,,I’m still losing my eyebrows and eyelashes 7 months after chemo. This is the 3rd time they’ve grown out and then started shedding off.,0.97
1lsgq1z,leukemia,2025,relevant,survivor_retrospective,True,True,,not_stated,,[],,leukemia,leukemia,False,,,unknown,False,False,,"I talk about remission, trauma, weird side effects, hair growing back in weird places",0.76
1lu70r3,curlyhair,2025,relevant,survivor_retrospective,True,True,straighter;thicker;thinner,less_curl,chemo,['unspecified'],unspecified,,not_stated,False,,,ongoing,False,True,,I've been through chemo and my hair never came back the same... I'm thinning and less curly up on top.,0.98
1luif6x,breastcancer,2025,relevant,self,True,True,thinner,not_stated,4 rounds of AC and 4th round of Taxol (out of 12),"['anthracycline', 'taxane']",anthracycline;taxane,breast,breast,True,Very thick hair,,ongoing,False,False,,I still lost most of my hair by the 4th round of AC—probably around 90% (I had very thick hair).,0.99
1luukn9,HeadandNeckCancer,2025,relevant,self,True,True,patchy_regrowth;permanent_alopecia;thinner,not_stated,Proton Therapy,['radiotherapy_scalp'],radiotherapy_scalp,,not_stated,True,"Had a beard and thicker hair on the back of the head before treatment, implied by hair that never grew back and failed to regrow thicker.",3.0,ongoing,False,False,,"My beard never grew back. A few hairs here and there came in around 3 months post-treatment... Still very thin and wispy — baby hairs, really",0.95
1lv0m7a,braincancer,2025,relevant,self,True,True,patchy_regrowth,not_stated,6 weeks of radiation,['radiotherapy_brain'],radiotherapy_brain,meningioma,brain_cns,False,,,ongoing,False,True,2024.0,My hair has grown back in little patches but a lot of the front of my head is bald.,0.99
1lv5z95,breastcancer,2025,relevant,self,True,True,curlier;texture_only;thinner,more_curl,l-chemo (AC- T); rads,"['taxane', 'anthracycline']",anthracycline;taxane,breast,breast,True,Naturally fine and completely straight,,ongoing,False,True,,"My naturally fine and completely straight hair started to grow back last August... now the hair is even more fine, frizzy, part straight part curly.",0.99
1lv6o3w,breastcancer,2025,relevant,self,True,True,thicker,not_stated,Letrozole; radiation treatment,['endocrine'],endocrine,breast,breast,False,,,ongoing,False,True,,I’ve suddenly started sprouting more facial hair than I believed possible lol. It’s terrible!,0.98
1lv9wkg,HeadandNeckCancer,2025,relevant,self,True,True,permanent_alopecia,not_stated,36 rounds of proton therapy,['unspecified'],unspecified,ACC of right maxillary sinus,head_neck,False,,0.07,ongoing,False,True,,The major part of my hair loss didn't start till two days after treatment ended... a reverse mohawk that developed after treatment ended.,0.93
1lva6m9,braincancer,2025,relevant,self,True,True,permanent_alopecia;texture_only,not_stated,two back to back craniotomies,['unspecified'],unspecified,brain cancer,brain_cns,True,"Naturally very straight, sleek, not thick, but dense with a lot of hair.",,ongoing,False,True,,The regrowth hair is just so frizzy and unmanageable and a coarse texture compared to the rest of my hair.,0.98
1lvw7na,lymphoma,2025,relevant,self,True,True,thinner,not_stated,ABVD infusion,"['anthracycline', 'alkylator', 'vinca']",alkylator;anthracycline;vinca,lymphoma,lymphoma_nonhodgkin,False,,,ongoing,False,True,,I’ve lost quite a bit of hair throughout my journey... I’m currently one week out from my last ABVD infusion.,0.99
1lwfh9g,breastcancer,2025,relevant,self,True,True,thinner,not_stated,"Kisqali, Exemestane and Lupron after completing 6 x TC and radiation","['taxane', 'alkylator', 'endocrine', 'CDK4_6i']",CDK4_6i;alkylator;endocrine;taxane,breast,breast,False,,,ongoing,False,True,,My hair is falling out and thinning and I'm trying to find a derm who will prescribe oral minoxidil,0.99
1lwndlv,HeadandNeckCancer,2025,relevant,self,True,True,,not_stated,7 weeks of rads and 4 /7 Cisplatin,"['platinum', 'unspecified']",platinum,HNSCC,head_neck,False,,,ongoing,False,False,,I've lost a band of hair from my clavicle to below my ears. How long did it take for hair to return to radiated areas?,0.99
1lwu0c6,cancer,2025,relevant,self,True,True,thinner,not_stated,chemo,['unspecified'],unspecified,CHL,lymphoma_hodgkin,True,"super thick, long hair",,ongoing,False,True,,"I had super thick, long hair before treatment, but it’s grown back in this thin pattern baldness kind of look",0.99
1lwveju,cancer,2025,relevant,self,True,True,curlier;thinner,more_curl,5th year of cancer treatment; hormone therapy,['endocrine'],endocrine,HER2+ metastatic breast cancer,breast,True,Straight hair whole life; redhead,,ongoing,True,True,,"I've had straight hair my whole life... Now when I get it wet, there are all these waves... a lot wavier than before.",0.99
1lxjr0e,breastcancer,2025,relevant,self,True,True,texture_only,not_stated,chemo,['unspecified'],unspecified,breast,breast,False,,,ongoing,True,False,,"I want to care for the new texture, and make it feel intentional rather than a constant hope it’ll quickly grow back to the way I’m used to",0.9
1ly1r45,leukemia,2025,relevant,self,True,True,grayer,not_stated,chemo and transplant,['unspecified'],unspecified,leukemia,leukemia,False,,,unknown,False,False,,50% of my hair have turned white after chemo and transplant,0.98
1lye54t,FemaleHairLoss,2025,relevant,self,True,True,thinner,not_stated,ABVD chemo treatment,"['taxane', 'anthracycline', 'alkylator', 'vinca']",alkylator;anthracycline;taxane;vinca,lymphoma,lymphoma_nonhodgkin,False,,,ongoing,False,True,2023.0,My AGA was triggered by taking Depo Provera - and accelerated by needing ABVD chemo treatment for lymphoma in 2023.,0.96
1lykcto,breastcancer,2025,relevant,self,True,True,,not_stated,Taxol and Herceptin; Herceptin/Perjeta,['taxane'],taxane,breast,breast,False,,,unknown,False,True,,Not to mention I had significant hair loss even with cold capping.,0.99
1lyumci,breastcancer,2025,relevant,self,True,True,thicker,not_stated,"14 rounds of chemo (6 TCHP, 14 Kadcyla)","['taxane', 'platinum', 'targeted_ADC']",platinum;targeted_ADC;taxane,breast,breast,False,,,ongoing,True,True,,"Tamoxifen is not as horrible as I feared, and my hair grew back super quickly and thick",0.98
1lz7xgt,testicularcancer,2025,relevant,self,True,True,none,not_stated,three cycles of BEP chemo,"['platinum', 'unspecified']",platinum,testicular,testicular,False,,0.4,unknown,True,False,2024.0,"Christmas Day, my hair started falling out.",0.98
1m01buu,Hair,2025,relevant,self,True,True,thinner,not_stated,Tirzepatide; gamma knife radiation back in April,"['radiotherapy_brain', 'unspecified']",radiotherapy_brain,,not_stated,True,really thick hair,,ongoing,False,True,,I had gamma knife radiation back in April and had some hair loss from that as well... I used to have really thick hair and now it’s getting pretty thin.,0.98
1m0k40h,braincancer,2025,relevant,self,True,True,thinner,not_stated,initial resection and radiation; tmz cycle 8 of 12; chemotherapy; keppra and lacosamide,"['radiotherapy_brain', 'alkylator']",alkylator;radiotherapy_brain,,not_stated,False,,,ongoing,False,True,,I have noticed more hair loss in the back than I've had.,0.98
1m0kaz8,braincancer,2025,relevant,self,True,True,,not_stated,"radiotherapy; maintenance chemo involving Cisplatin, Vincristine and Lomustine","['platinum', 'vinca', 'alkylator', 'radiotherapy_brain']",alkylator;platinum;radiotherapy_brain;vinca,brain cancer,brain_cns,False,,,unknown,False,True,,due to the radiotherapy i lost all my hair ... i am worried if ill soon lose my hair again,0.97
1m12ypn,testicularcancer,2025,relevant,self,True,True,thinner,not_stated,4x BEP,['platinum'],platinum,testicular,testicular,False,,,unknown,True,False,,Mainly hair loss,0.98
1m1bx42,breastcancer,2025,relevant,self,True,True,patchy_regrowth;texture_only;thinner,not_stated,chemo,['unspecified'],unspecified,breast,breast,False,,,ongoing,False,True,,"more than 6 months out from chemo where my hair is growing quite nicely around the sides of my head, but is really patchy on top",0.97
1m1f073,breastcancer,2025,relevant,self,True,True,thinner,not_stated,chemo,['unspecified'],unspecified,breast,breast,False,,,ongoing,False,True,,The other night both my parents held me as we all cried when my hair started really thinning.,0.99
1m2l90l,braincancer,2025,relevant,self,True,True,color_change_other,not_stated,radiation,['radiotherapy_brain'],radiotherapy_brain,brain cancer,brain_cns,True,"Born platinum blonde; later became dirty blonde, then salt-and-pepper gray.",,ongoing,False,False,,"Born platinum blonde, turned dirty then salt pepper gray. Radiation area turned Black.",0.98
1m2o3uv,testicularcancer,2025,relevant,self,True,True,,not_stated,3xBEP chemo,['platinum'],platinum,testicular embryonic carcinoma,testicular,False,,,reverted,True,False,2019.0,"I made it through with baldness of course... No more neuropathy, hair is back, and I feel better than ever.",0.97
1m2z0zy,testicularcancer,2025,relevant,self,True,True,thinner,not_stated,"one cycle of BEP (bleomycin, etoposide, cisPlatin)",['platinum'],platinum,testicular,testicular,False,,,unknown,False,False,,Day 16 ... my hair started to fall of in chunks so I buzzed it all off.,0.99
1m30pbx,breastcancer,2025,relevant,self,True,True,thinner,not_stated,Anastrozole,['endocrine'],endocrine,breast,breast,False,,,ongoing,False,True,2025.0,"My hair is really coming out. I’ve read that there is a chance of thinning that I won’t lose it all, but I’m really worried.",0.99
1m315jw,breastcancer,2025,relevant,self,True,True,thinner,not_stated,TC,"['taxane', 'alkylator']",alkylator;taxane,breast,breast,False,,,ongoing,False,True,,"when I went to bed last night, I took out my loose braid and came out with a handful of hair",0.98
1m45m3t,breastcancer,2025,relevant,self,True,True,none,not_stated,Chemo; Radiation,['unspecified'],unspecified,breast,breast,False,,,unknown,False,False,,"Chemo’s deal was cruel but clear — if I wanted Fareed gone, my healthy bits had to go too. My hair left like it owed me rent.",0.98
1m4ff3g,FemaleHairLoss,2025,relevant,self,True,True,thinner,not_stated,chemo,['unspecified'],unspecified,,not_stated,False,,,permanent_reported,False,True,,"I lost my hair to chemo 10 years ago and that was hard, but at least I knew it would grow back (although it grew back thinner).",0.98
1m4qox5,breastcancer,2025,relevant,self,True,True,thinner,not_stated,Anastrozole,['endocrine'],endocrine,breast,breast,False,,,unknown,False,False,,I told her I was shedding like crazy. I’ve been on Anastrozole for 8 weeks.,0.98
1m5fbfh,cancer,2025,relevant,self,True,True,curlier,not_stated,chemo,['unspecified'],unspecified,,not_stated,False,,,ongoing,False,False,,I’ve been through chemo and now that my hair is came back / It grew up very curly,0.95
1m5j19m,breastcancer,2025,relevant,self,True,True,none,not_stated,4 rounds of TC,['unspecified'],alkylator;taxane,breast,breast,False,,,ongoing,False,True,2025.0,I've lost my hair,0.98
1m79fj1,breastcancer,2025,relevant,self,True,True,color_change_other;thicker,not_stated,"chemo, radiation, herceptin",['unspecified'],unspecified,breast,breast,False,,,ongoing,True,False,2020.0,"Recently my hair has also started to grow in thicker and my natural color, very dark brown.",0.98
1m7ervk,breastcancer,2025,relevant,self,True,True,curlier;texture_only,not_stated,chemo,['unspecified'],unspecified,breast,breast,True,long hair,,ongoing,True,True,,As it continues to grow it just looks all sorts of crazy because of how coarse it is and the curls,0.94
1m7n9zc,testicularcancer,2025,relevant,self,True,True,thinner,not_stated,chemo,['unspecified'],unspecified,testicular,testicular,False,,,ongoing,False,False,,Mine seem to be falling out at a decent rate over the last week after growing back fully.,0.98
1m7s661,lymphoma,2025,relevant,self,True,True,thinner,not_stated,ABVD 2nd chemo,"['anthracycline', 'alkylator', 'vinca']",alkylator;anthracycline;vinca,lymphoma,lymphoma_nonhodgkin,False,,0.07,ongoing,False,True,,Everytime I touch them there are like 3 or 4 in my hands.,0.98
1m7t8js,Hair,2025,relevant,self,True,True,texture_only,not_stated,chemo,['unspecified'],unspecified,,not_stated,False,,,unknown,False,False,,these are my chemo curls i received as my hair is growing back from chemo,0.85
1m8jg6c,testicularcancer,2025,relevant,self,True,True,thinner,not_stated,4xBEP and 2xTIP,"['taxane', 'platinum', 'alkylator']",alkylator;platinum;taxane,testicular NSGCT,testicular,True,He could not grow a beard before starting chemotherapy; baseline scalp-hair description is not stated.,,ongoing,True,False,2023.0,"My hair grew back, slightly thinner but it's back, and I've even had 5 hair cuts. I can now grow a beard, which I couldn't do before starting chemo",0.99
1m8lumu,breastcancer,2025,relevant,self,True,True,patchy_regrowth,not_stated,third AC,"['anthracycline', 'alkylator']",alkylator;anthracycline,breast,breast,False,,,unknown,True,True,,About 70% of my hair has fallen off but I see some regrowth (weird).,0.98
1m9b7f7,breastcancer,2025,relevant,self,True,True,thicker,not_stated,letrozole,['endocrine'],endocrine,breast,breast,False,,,ongoing,False,True,,Getting a ton of facial hair on my chin now.,0.97
1ma7c98,cancer,2025,relevant,self,True,True,thinner,not_stated,chemo/radiation (for brain and spine),"['radiotherapy_brain', 'unspecified']",radiotherapy_brain,,not_stated,True,very thick and healthy hair,,ongoing,False,True,,"I used to have very thick a healthy hair, and ever since i went through chemo/radiation ... my hair is incredibly frail and thin",0.99
1mbbnih,breastcancer,2025,relevant,self,True,True,patchy_regrowth,not_stated,docetaxel and Phesgo; Herceptin,"['taxane', 'unspecified']",taxane,breast,breast,False,,,ongoing,False,True,,"The hair on my head is growing quickly, but I still have no brows or lashes.",0.95
1mdats7,breastcancer,2025,relevant,self,True,True,thinner,not_stated,"4 biweekly infusions of dose dense AC (red devil), followed by 12 weekly Taxol infusions; Paxman scalp cooling; radiation, Herceptin/Perjeta, Tamoxifen","['anthracycline', 'taxane', 'endocrine', 'unspecified']",anthracycline;endocrine;taxane,breast,breast,False,,,unknown,True,False,,"Halfway through Taxol, I lost eyebrows, eyelashes, and all body hair all the way down, but still kept the head hair.",0.98
1mdkx6y,testicularcancer,2025,relevant,self,True,True,color_change_other,not_stated,3X BEP,"['platinum', 'unspecified']",platinum,testicular,testicular,True,Had more gray hair before chemotherapy.,,ongoing,True,False,,I even have slightly less gray hair than before chemo.,0.98
1me3js0,breastcancer,2025,relevant,self,True,True,thinner,not_stated,chemo; radiation; Tamoxifen; Verzenio (100mg); Zoladex; Letrozole,"['unspecified', 'endocrine', 'CDK4_6i']",CDK4_6i;endocrine,breast (hormone-positive IDC),breast,False,,,ongoing,False,True,2024.0,"Then, around the beginning of June, my hair started thinning... now with even more visible scalp than before.",0.98
1mea57r,breastcancer,2025,relevant,self,True,True,permanent_alopecia,not_stated,chemo,['unspecified'],unspecified,breast,breast,True,Had armpit hair before treatment; it never grew back.,,permanent_reported,False,False,2024.0,"My armpit hair never grew back (like, at all)",0.99
1meapx4,cancer,2025,relevant,self,True,True,permanent_alopecia,not_stated,chemo,['unspecified'],unspecified,,not_stated,True,Had hair before chemotherapy; states she lost all of it due to chemotherapy.,,unknown,False,True,,55F - lost all my hair due to chemo in May of this year.,0.94
1menwa6,cancer,2025,relevant,self,True,True,thinner,not_stated,chemo,['unspecified'],unspecified,,not_stated,True,"super fine, straight hair but used to have a lot of it",,ongoing,False,True,,"I have always had super fine, straight hair but used to have a lot of it. Unfortunately it has grown back SO thin",0.99
1mfor0a,cancer,2025,relevant,survivor_retrospective,True,True,patchy_regrowth;thinner,not_stated,chemotherapy,['unspecified'],unspecified,B-cell lymphoma,lymphoma_nonhodgkin,False,,,ongoing,False,True,,"My hair hasn’t fully grown back since chemotherapy- it’s still thin and patchy, and it’s been a big hit to my confidence.",0.99
1mfov3w,breastcancer,2025,relevant,self,True,True,thinner,not_stated,6 rounds of TCHP,"['taxane', 'platinum']",platinum;taxane,breast,breast,False,,,ongoing,False,False,,"I've been cold capping and have lost about half my hair, maybe a bit more",0.96
1mg5pak,breastcancer,2025,relevant,self,True,True,thinner,not_stated,Verzenio and Letrozole,"['CDK4_6i', 'endocrine']",CDK4_6i;endocrine,breast,breast,False,,,ongoing,False,True,,it feels like losing another piece of femininity to have hair thinning,0.98
1mg8hou,breastcancer,2025,relevant,self,True,True,grayer;thinner,not_stated,chemo,['unspecified'],unspecified,breast,breast,True,"Long, very thick hair; colored natural hair",,unknown,False,True,,"all the colored (not dyed, just natural color) hair seemed to come out leaving only thin, gray strands",0.99
1mg9ab3,breastcancer,2025,relevant,self,True,True,,not_stated,radiation and chemo,['unspecified'],unspecified,breast (TNBC),breast,False,,,unknown,False,True,,I lost all of my hair last week after removing the braids I’d been wearing a few months,0.98
1mgx4vf,breastcancer,2025,relevant,self,True,True,thinner,not_stated,"AC and TC chemo (started on AC for two rounds, but had to switch to TC due to side effects)","['taxane', 'anthracycline', 'alkylator']",alkylator;anthracycline;taxane,breast,breast,False,,,ongoing,False,True,,right now I have ... hair loss (of course) in my eyebrows and eyelashes,0.98
1mh0v2n,curlyhair,2025,relevant,self,True,True,color_change_other;curlier;texture_only,more_curl,chemo,['unspecified'],unspecified,,not_stated,True,Long and wavy,,ongoing,True,False,,"Two years ago, my hair was long and wavy. I had chemo and got to start all over again. This time, it's curls, and it looks like I might have them for good.",0.99
1mhrcy3,breastcancer,2025,relevant,self,True,True,texture_only,not_stated,Anastrazole; radiation,['endocrine'],endocrine,breast,breast,False,,,unknown,False,True,,My hair is also drying out and breaking off like crazy.,0.98
1mikqdi,thyroidcancer,2025,relevant,self,True,True,thinner,not_stated,radiation and chemo to treat a sarcoma in my left orbit over the past year,['unspecified'],unspecified,PTC/thyroid cancer and sarcoma,other,False,,,ongoing,False,False,,"I've also noticed that my eyebrows are a bit sparser... I haven't noticed any head hair loss, just from my eyebrows and eyelashes.",0.98
1mj4x92,breastcancer,2025,relevant,self,True,True,thinner,not_stated,7/10 taxol,['taxane'],taxane,breast,breast,False,,,ongoing,False,True,,"I can handle the hair loss, as I have great scarfs and a beautiful human hair wig ... my eye lashes falling out, is tipping me over the edge.",0.98
1mjgw2g,lymphoma,2025,relevant,self,True,True,thinner,not_stated,ABVD,"['anthracycline', 'alkylator', 'vinca']",alkylator;anthracycline;vinca,lymphoma,lymphoma_nonhodgkin,False,,7.0,ongoing,False,False,,"Hair regrowth happened almost good after 7 months, and then it starts to shed slowly.. with sideline receding, front receding and diffuse thinning.",0.98
1mjji4p,breastcancer,2025,relevant,self,True,True,none,not_stated,chemo,['unspecified'],unspecified,breast,breast,False,,,ongoing,False,True,,I finished chemo in February and my hair has been growing back pretty well... I hate that I can’t do anything but wait around for it to grow back,0.94
1mk6jor,lymphoma,2025,relevant,self,True,True,thinner,not_stated,ABVD,"['anthracycline', 'alkylator', 'vinca']",alkylator;anthracycline;vinca,HL,lymphoma_hodgkin,True,long blonde hair; cut it to shoulder length before chemo,,unknown,False,True,,I just washed my hair and started to get bald thinner up top. My hairs thinner.,0.99
1mkolpe,breastcancer,2025,relevant,self,True,True,none,not_stated,TCHP; Kadcyla; radiation,"['taxane', 'platinum', 'targeted_ADC']",platinum;targeted_ADC;taxane,breast,breast,False,,,ongoing,False,True,,Of waiting for my hair to grow back in.,0.94
1ml7pso,breastcancer,2025,relevant,self,True,True,thinner,not_stated,Red Devil,['anthracycline'],anthracycline,breast,breast,False,,0.6,ongoing,False,False,,Hair loss is really starting to hit me now though.,0.98
1mlcff4,breastcancer,2025,relevant,self,True,True,thinner,not_stated,Anastrozole for 2 years; Letrozole for 18 months,['endocrine'],endocrine,breast,breast,False,,,unknown,False,False,,"Letrozole caused hot flashes, hair loss, weight gain, insomnia, nausea, brain fog, headaches",0.98
1mlqua7,breastcancer,2025,relevant,self,True,True,thinner,not_stated,chemo,['unspecified'],unspecified,breast,breast,False,,4.0,ongoing,False,True,,"I’m 4 mo post-chemo and have ~1.5” of regrowth. It’s generally growing everywhere but it’s not very dense, so I can see a little scalp everywhere.",0.93
1mm0ua5,braincancer,2025,relevant,survivor_retrospective,True,True,patchy_regrowth;thinner,not_stated,radiation back in 2019 and chemo in Feb 2020,"['radiotherapy_brain', 'unspecified']",radiotherapy_brain,brain,brain_cns,False,,,ongoing,False,False,2020.0,The hair where the radiation was localized (right side) never grew back fully... It’s just a really thin layer of hair on that side,0.98
1mntntm,breastcancer,2025,relevant,self,True,True,thinner,not_stated,taxol and carboplatin; immunotherapy shot,"['taxane', 'platinum', 'unspecified']",platinum;taxane,breast,breast,False,,,unknown,False,True,,i have lost like 45% of my hair this week,0.99
1mnwmf7,testicularcancer,2025,relevant,self,True,True,texture_only,not_stated,,[],,testicular,testicular,True,thick black curly hair,,ongoing,True,False,,My hair started regrowing it is so soft like babies hair... I am a Mexican American man use to thick black curly hair.,0.96
1mo0ccv,malehairadvice,2025,relevant,self,True,True,thinner,not_stated,chemo,['unspecified'],unspecified,,not_stated,True,Thick hair; old hair color and texture,,ongoing,False,True,,This is post chemo... old hair color and texture. Idk what to do with current hair,0.98
1mo0h0u,malehairadvice,2025,relevant,self,True,True,color_change_other;thinner,not_stated,chemo,['unspecified'],unspecified,,not_stated,True,Old hair color and texture are shown/referenced; specific baseline characteristics are not stated.,,ongoing,False,False,,Finished chemo in November... Now my hair is lighter and much thinner.,0.98
1mogdpr,coloncancer,2025,relevant,self,True,True,thinner,not_stated,3rd round of oral chemo,['unspecified'],unspecified,colon,colorectal,True,Long hair; no short hair since age 6,,ongoing,False,True,,My hair is falling out... I can see gaps in my hair line and noticeably less hair,0.99
1moqn0v,breastcancer,2025,relevant,self,True,True,grayer;texture_only;thinner,not_stated,chemo,['unspecified'],unspecified,breast,breast,False,,1.0,unknown,False,True,,I finished chemo a month ago and cold capped. I have about 40% of my hair left and it’s wirey and gray.,0.98
1mpe3wj,lymphoma,2025,relevant,self,True,True,thicker,not_stated,chemo,['unspecified'],unspecified,lymphoma,lymphoma_nonhodgkin,False,,1.0,ongoing,True,False,,What you can't see is an incredible amount of peach fuzz... My hair feels so dense,0.91
1mpkert,cancer,2025,relevant,self,True,True,,not_stated,30 rounds of radiation,['unspecified'],unspecified,,not_stated,False,,,unknown,False,True,2025.0,lost all my facial hair,0.98
1mpre9w,breastcancer,2025,relevant,self,True,True,none,not_stated,neoadjuvant TC x 6; Xeloda; radiation; hormone therapy/AI,"['unspecified', 'antimetabolite', 'endocrine']",antimetabolite;endocrine,breast,breast,False,,,unknown,False,True,2016.0,I wore cold caps to prevent hair loss during chemo. It was $4k and didn't work.,0.94
1mq8b0n,cancer,2025,relevant,self,True,True,,not_stated,chemotherapy pills; radiation treatment focused on my head; IV Chemotherapy,"['radiotherapy_brain', 'unspecified']",radiotherapy_brain,lung,lung,False,,,unknown,False,False,2025.0,"I began radiation treatment focused on my head. So far, no major side effects except hair loss.",0.99
1mqbk1u,breastcancer,2025,relevant,self,True,True,thicker,not_stated,lupron and letrozole; later tamoxifen,['endocrine'],endocrine,breast,breast,False,,,unknown,True,False,,Fast forward to a little over a year later and I notice my hair getting thicker.,0.98
1mqpo3m,lymphoma,2025,relevant,self,True,True,color_change_other;straighter;thinner,less_curl,chemo,['unspecified'],unspecified,lymphoma,lymphoma_nonhodgkin,True,"Very low hairline with thick, curly, dark hair; would be an afro if grown out.",,ongoing,True,True,,"I used to have ... thick curly dark hair. Now my hair is straight-ish/wavy, very thin ... lost it's color.",0.99
1mr2qwt,cancer,2025,relevant,self,True,True,texture_only;thinner,not_stated,Trabectedin; doxorubicin and Ifosfamide; TMZ chemo pill and radiation to my abdomen and pelvis,"['anthracycline', 'alkylator', 'unspecified']",alkylator;anthracycline,,not_stated,True,Nice and thick all around; same color as pre-chemo.,,ongoing,False,True,,"Since my hair has grown back, it is very thin especially on top. Used to be nice and thick all around.",0.99
1mrc7lb,curlyhair,2025,relevant,self,True,True,curlier,more_curl,chemo,['unspecified'],unspecified,breast,breast,True,"Pretty fine, straight, partially wavy hair my entire life",,ongoing,False,False,,"I’ve had pretty fine, straight, partially wavy hair my entire life until I went through chemo... My now shoulder-length hair grew back kind of curly",0.99
1msrjtg,breastcancer,2025,relevant,self,True,True,texture_only,not_stated,6 rounds of chemo,['unspecified'],unspecified,breast,breast,True,old hair,,ongoing,False,True,,it’s all fluffy and in all directions… doesn’t look like I remember my old hair,0.94
1mtlu41,curlyhair,2025,relevant,self,True,True,curlier;texture_only;thicker,more_curl,chemo and treatment,['unspecified'],unspecified,,not_stated,True,pin straight hair,,ongoing,False,True,,"I used to have pin straight hair, but after chemo and treatment my new hair is wavy and quite frizzy. Its really thick",0.99
1mtuk6l,breastcancer,2025,relevant,self,True,True,thinner,not_stated,TC chemo,['unspecified'],alkylator;taxane,breast,breast,False,,,unknown,False,True,,I noticed that 12 strands of my hair fell out while I brushed this morning,0.84
1mvkgii,lymphoma,2025,relevant,self,True,True,none,not_stated,radiation; chemo treatment,"['radiotherapy_scalp', 'unspecified']",radiotherapy_scalp,lymphoma,lymphoma_nonhodgkin,False,,,ongoing,True,True,,And my hair! My hair is growing back!,0.84
1mwz4gu,breastcancer,2025,relevant,self,True,True,thinner,not_stated,"6 x TC and 21 radiations, now exemestane, Lupron and kisqali","['taxane', 'alkylator', 'endocrine', 'CDK4_6i']",CDK4_6i;alkylator;endocrine;taxane,breast,breast,False,,10.0,ongoing,True,False,2023.0,Around 10 months post chemo I started seeing hair shedding that continued to worsen... I have tons of new tiny growth already,0.98
1mxhzf2,breastcancer,2025,relevant,self,True,True,thinner,not_stated,AC infusion 3 of 4,"['anthracycline', 'alkylator']",alkylator;anthracycline,breast,breast,False,,,ongoing,False,True,2025.0,"Having no hair is weird, especially now that my eyelashes and eyebrows are gone too.",0.98
1mxq277,breastcancer,2025,relevant,self,True,True,curlier,not_stated,chemo,['unspecified'],unspecified,breast,breast,False,,7.0,ongoing,True,False,,7 months after last chemo and curls and not a whole lot of growth. Maybe 3 inches.,0.93
1mz4nn0,braincancer,2025,relevant,self,True,True,none,not_stated,proton radiation treatment; radiation on my head to my spine,"['radiotherapy_scalp', 'radiotherapy_brain']",radiotherapy_brain;radiotherapy_scalp,medulloblastoma,brain_cns,False,,,ongoing,False,True,,I’m on week 4 of radiation on my head to my spine and I’ve just about lost all my hair. I keep telling myself it isn’t permanent,0.99
1n0y6bc,breastcancer,2025,relevant,self,True,True,texture_only,not_stated,chemo,['unspecified'],unspecified,breast,breast,True,Long hair that only needed brushing to look good.,,ongoing,False,True,,My hair is so fluffy and seems to grow straight up.,0.94
1n1xsjr,breastcancer,2025,relevant,self,True,True,thinner,not_stated,chemo; daily radiation,['unspecified'],unspecified,breast,breast,False,,,ongoing,False,False,,"I have super short hair, that barely grew back from chemo",0.88
1n2haab,breastcancer,2025,relevant,self,True,True,none,not_stated,Taxotere-Carboplatin-Herceptin-Perjeta,"['taxane', 'platinum', 'unspecified']",platinum;taxane,breast,breast,False,,,ongoing,False,True,,"My eyelashes are almost all gone, and… I don’t mind too much being bald",0.98
1n304m6,testicularcancer,2025,relevant,self,True,True,,not_stated,4 cycles of BEP chemo,['platinum'],platinum,testicular,testicular,False,,,unknown,False,False,,"I am currently on cycle 2 on a 5 day drip, hair is already gone",0.99
1n5s8dn,breastcancer,2025,relevant,self,True,True,none,not_stated,"4 biweekly infusions of dose dense AC (red devil), followed by 12 weekly Taxol infusions; Paxman scalp cooling","['anthracycline', 'taxane']",anthracycline;taxane,breast,breast,True,Kept 100% of my head hair with scalp cooling; baseline scalp hair type not described.,,unknown,False,False,,"Halfway through Taxol, I lost eyebrows, eyelashes, and all body hair all the way down, but still kept scalp cooling and kept the head hair.",0.97
1n6o9jz,breastcancer,2025,relevant,self,True,True,none,not_stated,TC chemo,['unspecified'],alkylator;taxane,breast,breast,False,,,ongoing,False,False,,I have lost almost all my hair and it’s trying to grow back but that won’t last after my next chemo.,0.98
1n7b3xv,cancer,2025,relevant,self,True,True,,not_stated,chemo,['unspecified'],unspecified,,not_stated,False,,,unknown,False,True,,I’ve recently lost my hair due to treatment,0.98
1n81nza,breastcancer,2025,relevant,self,True,True,thinner,not_stated,kisqali 400mg dose,['CDK4_6i'],CDK4_6i,breast,breast,False,,,reverted,False,False,,With the 400mg dose I was experiencing ... significant hair shedding ... All of my side effects resolved quickly after stopping kisqali.,0.98
1n8cnp2,cancer,2025,relevant,self,True,True,color_change_other;grayer;texture_only;thinner,not_stated,6 rounds of EP chemo,['platinum'],platinum,,not_stated,False,,2.0,ongoing,True,True,,"It still seems so thin... I have a lot more gray now, especially on the sides of my head.",0.98
1nacf30,breastcancer,2025,relevant,self,True,True,,not_stated,9 rounds of chemo; radiation; oral chemo called xeloda,"['antimetabolite', 'unspecified']",antimetabolite,breast,breast,False,,,ongoing,False,False,,Just finished 9 rounds of chemo and lost basically all my hair.,0.98
1nahcjx,breastcancer,2025,relevant,self,True,True,,not_stated,TCHP,"['taxane', 'platinum', 'unspecified']",platinum;taxane,breast,breast,False,,,ongoing,False,True,,I am as bald as Mr Clean... Finished TCHP 3 weeks ago,0.96
1nb3o28,breastcancer,2025,relevant,self,True,True,thinner,not_stated,TC chemo,['unspecified'],alkylator;taxane,breast,breast,False,,,ongoing,False,True,,I’m a little over 2 months post-chemo and my hair is still shedding.,0.98
1nbwzeh,breastcancer,2025,relevant,self,True,True,grayer,not_stated,Kadcyla; TCHP,"['targeted_ADC', 'taxane', 'platinum']",platinum;targeted_ADC;taxane,breast,breast,True,"Some regrowing hair is described as her normal color, implying a baseline normal hair color.",,ongoing,False,True,,"my hair is growing back rapidly and thick, but the hair growing back in is white and gray, some my normal color.... So frustrating and I hate it!",0.98
1nbz51z,breastcancer,2025,relevant,self,True,True,thinner,not_stated,aromasin,['endocrine'],endocrine,breast,breast,False,,1.0,unknown,False,False,,I've now been on aromasin for about a month. Side effects so far are increased hot flashes and hair thinning,0.98
1nc07ko,HeadandNeckCancer,2025,relevant,self,True,True,permanent_alopecia,not_stated,radiation,['unspecified'],unspecified,,not_stated,False,,,ongoing,False,False,,I still have a patch where facial hair won't grow,0.94
1nc0snd,breastcancer,2025,relevant,self,True,True,thinner,not_stated,TC regimen,['unspecified'],alkylator;taxane,breast,breast,False,,,ongoing,False,True,,"After my first session, my scalp started to itch and hurt almost 3 weeks later, and that’s when I started losing hair.",0.98
1nc9ybv,breastcancer,2025,relevant,self,True,True,color_change_other;patchy_regrowth,not_stated,"4 months of chemo, mastectomy, and upcoming radiation, targeted treatment, + more surgery",['unspecified'],unspecified,breast,breast,True,long hair,,ongoing,False,True,,"My hair started to grow back 4-5 weeks ago, and I finally have no bald patchiness left. It's filled in like a ""baby's head of hair""",0.98
1nca6a6,cancer,2025,relevant,self,True,True,patchy_regrowth,not_stated,"4 months of chemo, mastectomy, and upcoming radiation, targeted treatment, + more surgery",['unspecified'],unspecified,,not_stated,True,long hair,,ongoing,False,True,,"My hair started to grow back 4-5 weeks ago, and I finally have no bald patchiness left. It's filled in like a ""baby's head of hair""",0.98
1ne8ysu,breastcancer,2025,relevant,self,True,True,curlier,more_curl,4 rounds of Doxorubicin and 12 rounds of Taxol,"['anthracycline', 'taxane']",anthracycline;taxane,triple-negative breast cancer,breast,True,straight hair,,ongoing,True,True,2025.0,"I had straight hair, but now it has beautiful waves.",0.99
1ned153,breastcancer,2025,relevant,self,True,True,thinner,not_stated,3rd T-C chemo; cold-capping,"['taxane', 'alkylator']",alkylator;taxane,breast,breast,False,,,ongoing,False,False,,the hair loss became very noticeable... bald area... shaped like a 2.5 inches wide headband,0.98
1neoxkq,breastcancer,2025,relevant,self,True,True,curlier,not_stated,"TC chemo; Lupron, Anastrozole and Kisqali","['taxane', 'alkylator', 'endocrine', 'CDK4_6i']",CDK4_6i;alkylator;endocrine;taxane,breast,breast,False,,,ongoing,False,True,,I finished TC chemo in January and have the wild chemo curls short hair at the moment,0.94
1nevf3f,curlyhair,2025,relevant,self,True,True,curlier,more_curl,gruelling chemo,['unspecified'],unspecified,,not_stated,True,1a/b hair,,ongoing,True,False,,"While I always had 1a/b hair, after some gruelling chemo, I’m the very proud owner of 3a/b curls. A year later they are here to stay",0.99
1ngc9oa,FemaleHairLoss,2025,relevant,self,True,True,,not_stated,Enhertu,['targeted_ADC'],targeted_ADC,breast,breast,True,long red hair,,unknown,False,True,,I lost my long red hair to chemotherapy last month,0.99
1ngdw9v,cancer,2025,relevant,self,True,True,thinner,not_stated,cisplatin and epotoside,"['platinum', 'unspecified']",platinum,neuroendocrine cancer of the bladder,other,True,"long, thick hair",0.5,unknown,False,True,,I’m (33F) 2 weeks post my first round of chemo... First clumps of hair started falling out today.,0.99
1nh37vy,breastcancer,2025,relevant,self,True,True,none,not_stated,docetaxel and EC,"['taxane', 'anthracycline', 'alkylator']",alkylator;anthracycline;taxane,breast,breast,True,Hair used to grow SO fast.,,ongoing,False,True,,This seems SO slow. I did lose all of my hair... My hair used to grow SO fast,0.98
1nisujd,breastcancer,2025,relevant,self,True,True,thinner,not_stated,15 sessions of targeted radiation,['unspecified'],unspecified,breast IDC,breast,True,Hair was great prior to radiation.,,partially_reverted,False,False,2024.0,I swear that my hair started falling out a LOT following radiation (three months ago) but may be lessening now.,0.98
1niwg9v,lymphoma,2025,relevant,self,True,True,none,not_stated,BrECADD treatment,['unspecified'],alkylator;anthracycline;targeted_ADC,cHL,lymphoma_hodgkin,False,,,ongoing,False,False,2025.0,I started to lose my hair on my birthday.,0.98
1nkb6oc,breastcancer,2025,relevant,self,True,True,patchy_regrowth;thinner,not_stated,"Verzenio 100, increased to Verzenio 150; AI and ovarian suppression; prior AC-T chemotherapy","['CDK4_6i', 'endocrine', 'anthracycline', 'taxane']",CDK4_6i;anthracycline;endocrine;taxane,breast,breast,False,,,ongoing,False,True,,"My eyebrows and eyelashes are very actively shedding... My leg, pubic, and underarm hair isn’t really growing (verrrry slow/patchy)",0.98
1nlk17e,breastcancer,2025,relevant,self,True,True,texture_only;thinner,not_stated,TCHP chemo; HP injection,"['taxane', 'platinum']",platinum;taxane,breast,breast,True,"Not super thick before chemo, but definitely thicker than what came back.",,ongoing,False,True,,"My hair has only grown to 2"" long, thin with scalp showing on top, feels like cotton... this fluffy, duck feather texture makes it worse.",0.98
1nlm1pg,lymphoma,2025,relevant,self,True,True,thinner,not_stated,2 cycles of ABVD and 10 days of radiation,"['anthracycline', 'alkylator', 'vinca']",alkylator;anthracycline;vinca,CHL,lymphoma_hodgkin,False,,,ongoing,False,True,,I got to keep my hair but it wont stop coming out and it is traumatic every time I wash it.,0.98
1nlproa,testicularcancer,2025,relevant,self,True,True,none,not_stated,"3 months of BEP (bleomycin, etopocide, platinum); 3 rounds of VIP (vinblastine, ifosfomide, platinum); high dose etopocide and carboplatin during autologous double stem cell transplant","['platinum', 'alkylator', 'vinca']",alkylator;platinum;vinca,testicular,testicular,False,,,unknown,False,True,2023.0,"my lost hair and fresh scars made me feel like a different, uglier version of me.",0.98
1nmq5l3,lymphoma,2025,relevant,self,True,True,grayer;texture_only;thinner,not_stated,RCHOP 14,"['anthracycline', 'alkylator', 'vinca', 'unspecified']",alkylator;anthracycline;vinca,DLBCL transformed from follicular lymphoma,lymphoma_nonhodgkin,True,Pretty much bald to start with but still had hair growth.,,ongoing,True,True,,"I’m pretty much bald to start with but still have hairgrowth, but thinner softer hair, also the darker parts of my beard has gone whiter and a bit softer",0.98
1nmy2ia,lymphoma,2025,relevant,self,True,True,thinner,not_stated,6 rounds of Pola R CHP and 8 rounds of Glofitamab interspersed,"['taxane', 'anthracycline', 'alkylator', 'targeted_ADC', 'unspecified']",alkylator;anthracycline;targeted_ADC;taxane,DLBCL,lymphoma_nonhodgkin,False,,,unknown,True,False,,"I got a good run of symptoms and side effects - ... anemia, hair loss, nausea",0.98
1noaci8,testicularcancer,2025,relevant,self,True,True,thinner,not_stated,BEP x3,"['platinum', 'unspecified']",platinum,testicular,testicular,True,long hair,0.625,unknown,False,True,2025.0,"It started falling out properly by the week 2-3. By my third cycle, I'd lost pretty much all hair across my body",0.98
1nokz6r,breastcancer,2025,relevant,self,True,True,,not_stated,TCHP,"['taxane', 'platinum']",platinum;taxane,breast,breast,False,,,unknown,False,True,,This is only my second round... My hair is gone,0.98
1npkwd8,lymphoma,2025,relevant,self,True,True,thinner,not_stated,AVD+N,"['anthracycline', 'vinca', 'alkylator', 'ICI']",ICI;alkylator;anthracycline;vinca,lymphoma,lymphoma_nonhodgkin,False,,,ongoing,False,True,,i don’t mind having a buzz cut but it doesn’t make me feel pretty most of the time. im more scared for when im totally bald... my hair might not go! ... its going!,0.98
1npl0tz,breastcancer,2025,relevant,self,True,True,thinner,not_stated,"4 x EC, 4 x Paclitaxel","['anthracycline', 'alkylator', 'taxane']",alkylator;anthracycline;taxane,breast,breast,False,,,ongoing,False,True,,I have lost a lot of hair since then (probably 90%) but I've never lost a thin covering at the front of my head and around the sides,0.98
1npzt63,testicularcancer,2025,relevant,self,True,True,thinner,not_stated,"BEP x3 (Bleomycin, Etoposide, Cisplatin)",['platinum'],platinum,testicular non-seminomatous germ cell tumour,testicular,False,,,unknown,False,False,2025.0,"Notably, by the end of the cycle my hair started to fall out.",0.99
1nqe4io,breastcancer,2025,relevant,self,True,True,curlier;thinner,more_curl,weekly taxol,['taxane'],taxane,breast,breast,True,thick straight hair,,ongoing,False,True,,I used to have thick straight hair. The hair growing in is curly--my hair that held on through chemo is straight.,0.99
1nqidg4,leukemia,2025,relevant,self,True,True,none,not_stated,Busulfan,['alkylator'],alkylator,AML,leukemia,False,,,ongoing,False,False,,Still no hair regrowth. Hoping that catches on eventually.,0.91
1nqj6os,breastcancer,2025,relevant,self,True,True,thinner,not_stated,Kisqali,['CDK4_6i'],CDK4_6i,breast,breast,False,,,unknown,False,True,,"My eyelashes survived chemo but not Kisqali. Lower are 99% gone, upper maybe 60%.",0.98
1nqkkxd,breastcancer,2025,relevant,self,True,True,none,not_stated,"weekly Taxol + Carboplatin, with Pembro every 3rd week; AC + Pembro","['taxane', 'platinum', 'ICI', 'anthracycline']",ICI;anthracycline;platinum;taxane,breast,breast,False,,,ongoing,False,False,,I did loose my hair,0.99
1nqmpsw,curlyhair,2025,relevant,self,True,True,curlier,not_stated,chemo,['unspecified'],unspecified,,not_stated,False,,,unknown,True,False,,I finished chemo and my hair has been growing back super curly!,0.96
1nr0u3q,lymphoma,2025,relevant,self,True,True,grayer,not_stated,ABVD,"['anthracycline', 'vinca', 'alkylator']",alkylator;anthracycline;vinca,lymphoma,lymphoma_nonhodgkin,True,"Dark brown, her usual color",2.0,unknown,True,True,,"My hair is growing back nicely, it started coming in dark brown which is my usual color. ... it is ASH GRAY completely.",0.99
1nr6myl,breastcancer,2025,relevant,self,True,True,,not_stated,chemo,['unspecified'],unspecified,breast,breast,True,Had hair loss issues before all this.,,ongoing,False,True,,The shedding just increased in amounts... half my hair fell out... The remaining hair is still actively falling out.,0.98
1nrfkt8,breastcancer,2025,relevant,self,True,True,thinner,not_stated,Herceptin; last chemo infusion June 2024,['unspecified'],unspecified,breast,breast,False,,,ongoing,False,True,2024.0,My hair is all different lengths and to me seems to be growing in thinner.,0.98
1nrhk8h,breastcancer,2025,relevant,self,True,True,,not_stated,Chemo; proton therapy,['unspecified'],unspecified,breast,breast,False,,,unknown,True,True,,"Chemo hit me like a truck... Lost my hair, lost my energy, lost my appetite",0.98
1nrnjc2,breastcancer,2025,relevant,self,True,True,thinner,not_stated,"chemo; Kisqali, exemestane and lupron","['unspecified', 'CDK4_6i', 'endocrine']",CDK4_6i;endocrine,breast,breast,True,Long hair before treatment is implied.,10.0,ongoing,True,True,,"My natural hair now is still rather thin at the crown as a result, but I have had lots of baby regrowth in the last 2 months.",0.98
1nsetr6,lymphoma,2025,relevant,self,True,True,,not_stated,ABVD chemotherapy; two rounds of immunotherapy,"['anthracycline', 'alkylator', 'vinca', 'unspecified']",alkylator;anthracycline;vinca,Hodgkin lymphoma,lymphoma_hodgkin,False,,,ongoing,True,True,,i got my third session of ABVD chemotherapy yesterday ... i lost all my hair,0.98
1nsyrl7,breastcancer,2025,relevant,self,True,True,,not_stated,chemo; radiation which is every weekday; injections every 3 months; infusions every three weeks,['unspecified'],unspecified,breast,breast,False,,,unknown,False,True,2025.0,I’m always breaking down in tears about the pain and my drastic appearance change. ... I’m scared my hair won’t grow back.,0.72
1nu2hu7,FemaleHairLoss,2025,relevant,self,True,True,thinner,not_stated,"Verzenio (a CDK 4/6 inhibitor) and Anastrozole, an aromatase inhibitor","['CDK4_6i', 'endocrine']",CDK4_6i;endocrine,,not_stated,False,,,ongoing,False,True,,"Started shedding in June. That accelerated, to the point of visible hair loss.",0.98
1nu7qoh,testicularcancer,2025,relevant,self,True,True,thinner,not_stated,1xBEP,"['platinum', 'unspecified']",platinum,testicular,testicular,False,,,ongoing,True,True,,"My hair is loose, but haven’t naturally fallen out just yet 😅",0.78
1nuvoo8,breastcancer,2025,relevant,self,True,True,,not_stated,chemo; post chemo Herceptin infusions; radiation,['unspecified'],unspecified,breast,breast,False,,,unknown,True,True,,But…I would love to have some hair!!! Can anyone share their hair regrowth experience while on Herceptin only?,0.92
1nw72w2,breastcancer,2025,relevant,self,True,True,permanent_alopecia,not_stated,6 neoadjuvant TCHP; carboplatin; docetaxel; THP; HP (herceptin and perjeta),"['taxane', 'platinum']",platinum;taxane,"breast (IDC, hormone-negative, HER2-positive)",breast,False,,,ongoing,False,True,,"After two months of being off chemo, I still look totally bald. I have the tiniest bit of fuzz but I am scared that I’m one of the people who have permanent hair loss.",0.98
1nwoqit,leukemia,2025,relevant,self,True,True,patchy_regrowth,not_stated,"4 days of Busulfan, wait a week, transplant cells, 2 day break, then 2 days of Cytoxan",['alkylator'],alkylator,AML,leukemia,False,,,ongoing,True,False,2025.0,My hair is VERY slowly coming in. Patchy facial hair and the beginnings of the beginnings of some peach fuzz.,0.98
1nxcg1k,leukemia,2025,relevant,self,True,True,curlier;grayer;texture_only;thinner,more_curl,induction,['unspecified'],unspecified,leukemia,leukemia,True,"Mostly gray, straight, and wiry",,ongoing,False,True,,"My hair used to be straight and wirey... Now it's quite soft, the hairs are thinner... but the most annoying part is it's curly now",0.99
1nxu08w,breastcancer,2025,relevant,self,True,True,thinner,not_stated,chemo and radiation; hormone therapy; Kisquali,"['endocrine', 'CDK4_6i']",CDK4_6i;endocrine,breast,breast,False,,,ongoing,False,True,,I was so happy to have my hair growing back only to see it falling out again.,0.99
1nys15o,breastcancer,2025,relevant,self,True,True,patchy_regrowth,not_stated,four rounds of TC; OS and AIs; planned AC chemotherapy; radiation; Kisqali,"['taxane', 'alkylator', 'anthracycline', 'radiotherapy_scalp', 'CDK4_6i', 'endocrine']",CDK4_6i;alkylator;anthracycline;endocrine;radiotherapy_scalp;taxane,breast,breast,False,,,ongoing,True,True,2025.0,My eyebrows did not do well and are only starting to come back.,0.92
1nytimt,lymphoma,2025,relevant,self,True,True,,not_stated,"6 sessions ABVD, 6 sessions AVD","['anthracycline', 'alkylator', 'vinca']",alkylator;anthracycline;vinca,CHL,lymphoma_hodgkin,False,,1.5,unknown,False,False,2025.0,Regarding hair growth its been 45 days since last infusion but still my eyebrows are not growing,0.98
1nz2jwm,lymphoma,2025,relevant,self,True,True,straighter,not_stated,chemo,['unspecified'],unspecified,lymphoma,lymphoma_nonhodgkin,False,,,ongoing,True,True,,"I still have them, but I suspect the new hair is more straight.",0.91
1o0w204,thyroidcancer,2025,relevant,self,True,True,texture_only,not_stated,lobectomy (only 1 side removed),[],,thyroid,other,False,,,ongoing,False,True,,"I want to be firm and clear that my symptoms are not normal (anxiety, dry hair/skin, no period, sensitivity to cold, numbing of face, tingling)",0.86
1o0xo67,breastcancer,2025,relevant,self,True,True,thinner,not_stated,chemo,['unspecified'],unspecified,breast,breast,False,,,ongoing,False,True,,I’m currently halfway through chemo (have lost my hair and gained weight),0.98
1o1gs62,breastcancer,2025,relevant,self,True,True,patchy_regrowth,not_stated,chemo,['unspecified'],unspecified,breast,breast,False,,,ongoing,True,False,,My hair is slowly but surely growing back after chemo. I have about 2 cm of growth and now that my bald patches are filling in,0.93
1o2ecsh,lymphoma,2025,relevant,self,True,True,thinner,not_stated,chemo,['unspecified'],unspecified,lymphoma,lymphoma_nonhodgkin,False,,5.0,ongoing,False,True,,"I'm 5 months post-chemo... My lashes are thin, my brows are patchy... they are all falling out again",0.98
1o3e8wj,breastcancer,2025,relevant,self,True,True,thinner,not_stated,three treatments so far,['unspecified'],unspecified,breast,breast,False,,,unknown,True,True,,My hair is never going to be the same. I’ve done three treatments so far and it’s shedding a lot.,0.98
1o5a1i8,breastcancer,2025,relevant,self,True,True,none,not_stated,TC,['unspecified'],alkylator;taxane,breast,breast,False,,,unknown,False,True,,my grandma was 88 years old already. My mom got mad... because... her hair loss and my hair loss were totally different,0.97
1o5pf46,braincancer,2025,relevant,self,True,True,,not_stated,Gamma Radiation,['radiotherapy_brain'],radiotherapy_brain,,not_stated,False,,,unknown,False,False,,Has anyone else experience loss of hair due to Gamma Radiation? It was not something that was on the side effects discussion.,0.86
1o5qpj7,breastcancer,2025,relevant,self,True,True,thinner,not_stated,TC chemo,"['taxane', 'alkylator']",alkylator;taxane,breast,breast,False,,,ongoing,False,True,2025.0,I have lost 60% of my hair despite cold capping. I buzzed my head a week ago,0.99
1o650er,HeadandNeckCancer,2025,relevant,self,True,True,none,not_stated,immunotherapy and chemo; Neulasta; weekly radiation and biweekly chemo,['unspecified'],ICI,tongue squamous cell carcinoma,head_neck,False,,,unknown,True,True,2023.0,During treatments my hair was coming out so fast that I had to resort to shaving my head.,0.98
1o67q3z,leukemia,2025,relevant,self,True,True,none,not_stated,,['unspecified'],unspecified,leukemia,leukemia,False,,,unknown,False,False,,When does you hair grow back ... my hair was pretty important,0.8
1o6kd54,breastcancer,2025,relevant,self,True,True,none,not_stated,chemo,['unspecified'],unspecified,breast,breast,False,,,unknown,False,False,,I also lost my hair.,0.98
1o74qs2,lymphoma,2025,relevant,self,True,True,curlier,more_curl,chemo,['unspecified'],unspecified,non-Hodgkin lymphoma,lymphoma_nonhodgkin,True,straight hair,3.0,unknown,True,False,,"3 months post chemo, is this chemo curls :) I used to have straight hair",0.94
1o7icmj,HeadandNeckCancer,2025,relevant,self,True,True,none,not_stated,two rounds of pre-surgery chemo and immunotherapy,"['ICI', 'unspecified']",ICI,tongue SCC,head_neck,False,,,unknown,True,True,,"The chemo caused me to lose my hair which was depressing but, hey, it’ll grow back, right?",0.98
1o7k5ck,malehairadvice,2025,relevant,self,True,True,thinner,not_stated,Chemotherapy infusions,['unspecified'],unspecified,,not_stated,True,Usually kept hair much longer; no texture or curl description.,,unknown,False,True,,I shaved my head ... since chemo was making my hair fall out and wanted some advice on how to keep from going bald as it regrows post-treatment.,0.98
1o84cpa,breastcancer,2025,relevant,self,True,True,none,not_stated,chemo; Herceptin,[],,breast,breast,False,,,ongoing,False,False,,I already lost my hair from chemo and am waiting for it to really grow back.,0.98
1o9g4wj,breastcancer,2025,relevant,self,True,True,,not_stated,4EC(done) and 4/12 taxol,"['anthracycline', 'taxane']",anthracycline;taxane,breast,breast,False,,,ongoing,True,False,,"I bought a beautiful wig... Believe me and believe in yourself! You are beautiful despite your scars, despite your alopecia.",0.96
1o9p05x,cancer,2025,relevant,survivor_retrospective,True,True,permanent_alopecia,not_stated,chemo therapies; allogenic stem cell transplant,['unspecified'],unspecified,non-Hodgkin's lymphoma,lymphoma_nonhodgkin,False,,,ongoing,False,True,,The skin on my head could be pulled of without any narcotics and now I'm unable to grow hair at the age of 19.,0.98
1oac7ft,breastcancer,2025,relevant,self,True,True,none,not_stated,Abraxane and herceptin,['taxane'],taxane,,not_stated,False,,,unknown,False,True,,Like clockwork my hair is falling out in handfuls,0.99
1ocdzlc,breastcancer,2025,relevant,self,True,True,curlier,more_curl,chemo,['unspecified'],unspecified,breast,breast,True,always very straight/fine,,ongoing,False,True,,My hair was always very straight/fine. After losing it to chemo I have about 1 years worth of curly/poofy hair now,0.99
1octr70,lymphoma,2025,relevant,self,True,True,thinner,not_stated,ABVD,"['anthracycline', 'alkylator', 'vinca']",alkylator;anthracycline;vinca,lymphoma,lymphoma_nonhodgkin,False,,,ongoing,False,False,,I've had minimal hair loss so far,0.98
1odnyst,lymphoma,2025,relevant,self,True,True,thinner,not_stated,ABVD,"['anthracycline', 'alkylator', 'vinca']",alkylator;anthracycline;vinca,lymphoma,lymphoma_nonhodgkin,True,really thick hair,,ongoing,False,False,,"I had really thick hair and each infusion brought more hair loss... After my 4th infusion, it hasn't slowed down",0.99
1oefzuf,breastcancer,2025,relevant,self,True,True,grayer;texture_only,not_stated,"chemo, radiation, anastrazole","['unspecified', 'endocrine']",endocrine,breast,breast,False,,,ongoing,False,True,,My hair is gray and stringy,0.86
1oetkq3,breastcancer,2025,relevant,self,True,True,grayer;texture_only,not_stated,TC chemo,['unspecified'],alkylator;taxane,breast,breast,True,"Brunette, described as her natural color.",,ongoing,False,True,,"After round 4, my hair started to come in. Some of it is white and kind of fuzzy and some of it is brunette, like my natural color.",0.96
1ogkyp7,breastcancer,2025,relevant,self,True,True,thinner,not_stated,Tamoxifen; 20 rounds of radiation,['endocrine'],endocrine,breast,breast,False,,2.5,ongoing,True,False,2025.0,"Within the 2nd and 3rd month I started... my hair has started thinning, not to the point of balding",0.98
1ogwtbp,breastcancer,2025,relevant,self,True,True,thinner,not_stated,AIs; switched from Anastrozole to Letrozole and back,['endocrine'],endocrine,breast,breast,True,Very thick head of fine hair,,ongoing,False,True,,"I used to have a very thick head of fine hair, but now I have bald spots on the back of my head!",0.99
1ohn72e,breastcancer,2025,relevant,self,True,True,none,not_stated,3cycles of chemotherapy ..then continue on for the taximofel,['unspecified'],endocrine,breast,breast,False,,,unknown,False,True,,I have lost my hair which really killed my soul,0.99
1oj08uc,breastcancer,2025,relevant,self,True,True,texture_only,not_stated,chemotherapy,['unspecified'],unspecified,breast/TNBC,breast,True,"The author states this did not happen during their previous cancer treatment, but does not describe baseline hair.",2.5,ongoing,True,False,,"It’s about 10 weeks since my last chemo session. My hair started to grow back, but it’s growing back everywhere!! Light fuzzy type hair on my cheeks under my chin and even on my neck!",0.94
1ojov64,breastcancer,2025,relevant,self,True,True,thinner,not_stated,TC chemo,['unspecified'],alkylator;taxane,,not_stated,False,,,ongoing,False,True,,I shaved my head about two weeks after my first treatment and ended up losing most but not all of my hair.,0.98
1okcno9,cancer,2025,relevant,self,True,True,,not_stated,chemo,['unspecified'],unspecified,,not_stated,False,,,unknown,False,True,,I don’t wanna lose my hair again,0.93
1oki6hl,breastcancer,2025,relevant,self,True,True,thinner,not_stated,anastrozole,['endocrine'],endocrine,breast (IDC stage 1),breast,False,,,ongoing,False,True,2024.0,My hair is falling out.,0.98
1olcnjv,breastcancer,2025,relevant,self,True,True,curlier,not_stated,chemo,['unspecified'],unspecified,breast,breast,False,,,ongoing,True,False,,ALMOST a year out from finishing treatment... Leaning into my chemo curls.,0.93
1olkwme,Hair,2025,relevant,self,True,True,texture_only,not_stated,chemotherapy,['unspecified'],unspecified,,not_stated,True,"Very long, straight, smooth, fine hair.",,ongoing,True,True,,Pre chemo I had very long straight smooth (but fine) hair... The new hair feels coarser and wants to point directly up and out.,0.99
1om5ju1,breastcancer,2025,relevant,self,True,True,curlier,more_curl,chemo,['unspecified'],unspecified,breast,breast,True,completely straight hair,,ongoing,False,False,,I had completely straight hair before chemo so I'm TBD on whether or not I want to encourage the curls to stay curly.,0.99
1ompilm,HeadandNeckCancer,2025,relevant,self,True,True,color_change_other;thicker,not_stated,radiation,['unspecified'],unspecified,,not_stated,True,"Facial hair was a mix of white, brown, red, and a little black.",4.0,ongoing,True,True,,It came back almost entirely black and twice as thick. It even got rid of most of the white!,0.98
1onndeg,breastcancer,2025,relevant,self,True,True,grayer;patchy_regrowth,not_stated,chemo,['unspecified'],unspecified,breast,breast,True,Medium brown with a smattering of gray,2.0,ongoing,True,False,,"My hair has been medium brown with a smattering of gray for quite a while... but it's so pale, like 50% true grey or white.",0.99
1ookikx,cancer,2025,relevant,self,True,True,permanent_alopecia,not_stated,maintenance chemo (low dose of paclitaxel),['taxane'],taxane,,not_stated,False,,,unknown,False,True,,I can’t stand to look at myself without hair anymore.,0.94
1opaz7s,curlyhair,2025,relevant,self,True,True,curlier;texture_only,more_curl,chemo,['unspecified'],unspecified,,not_stated,True,A little bit of a wave,,ongoing,True,False,,"I've always heard about chemo curls... I had a little bit of a wave before, but nothing like this. It's so much softer, too.",0.99
1opclky,cancer,2025,relevant,self,True,True,none,not_stated,Taxol and Carboplatin; Doxorubicin,"['taxane', 'platinum', 'anthracycline']",anthracycline;platinum;taxane,,not_stated,False,,,ongoing,False,False,,All of my blood work came back abnormal by the third treatment and that is also when my hair started falling out. Half way through my hair started growing back and didn’t fall out again.,0.99
1opt3rj,breastcancer,2025,relevant,self,True,True,grayer,not_stated,TCHP,"['taxane', 'platinum']",platinum;taxane,breast,breast,False,,,ongoing,False,False,,My head is now covered with soft gray hair and my eyebrows are growing back too.,0.86
1opuogr,lymphoma,2025,relevant,self,True,True,patchy_regrowth,not_stated,two round of chemo and then radiation therapy,['unspecified'],unspecified,Hodgkin lymphoma,lymphoma_hodgkin,False,,,ongoing,False,True,,My hair also hasn't been able to grow the same since the end of the treatment. It has slowly grown back but I have many patches on my head that don't have hair.,0.99
1or0tqu,lymphoma,2025,relevant,self,True,True,texture_only;thinner,no_curl_change,"dose adjusted-EPOCH + rituximab; GVD and Pembro; autologous stem cell transplant (ASCT); consolidative radiation to the mediastinum, 30 Gys with IMRT","['taxane', 'anthracycline', 'alkylator', 'antimetabolite', 'vinca', 'ICI', 'unspecified']",ICI;alkylator;anthracycline;antimetabolite;taxane;vinca,PMBCL,lymphoma_nonhodgkin,True,thick curly hair,,ongoing,True,True,2021.0,"A few months later it started thinning... my scalp becoming very dry, the hair had become brittle too.",0.98
1otax8t,breastcancer,2025,relevant,self,True,True,none,not_stated,Doxorubicin; Paclitaxel,"['anthracycline', 'taxane']",anthracycline;taxane,breast,breast,False,,,unknown,True,True,,during chemo ... the hair loss,0.98
1otcmsm,breastcancer,2025,relevant,self,True,True,none,not_stated,"six rounds of chemo, one round of radiation, on Phesgo for the rest of my life, and tamoxifen","['unspecified', 'endocrine']",endocrine,breast,breast,False,,,unknown,False,True,,"with no hair, it takes it toll",0.86
1ouebdk,breastcancer,2025,relevant,self,True,True,thinner,not_stated,Verzenio,['CDK4_6i'],CDK4_6i,breast,breast,False,,,ongoing,False,True,,hair shedding and dry nails are back with a vengeance,0.96
1outrbq,breastcancer,2025,relevant,self,True,True,thinner,not_stated,chemotherapy,['unspecified'],unspecified,breast,breast,False,,,ongoing,False,True,,My hair and eyebrows have fallen out. I look like hell.,0.98
1ov5ex0,Hair,2025,relevant,self,True,True,curlier;grayer,more_curl,cancer treatment,['unspecified'],unspecified,,not_stated,True,straight light brown hair,,ongoing,False,True,,I had straight light brown hair before but it all grew back white and super curly.,0.99
1ov65e2,ovariancancer,2025,relevant,self,True,True,thinner,not_stated,chemo,['unspecified'],unspecified,ovarian,ovarian,True,"Beautiful, thick, long, curly hair with very high density.",2.5,ongoing,False,True,,Days 16-19 when everything changed... my fingers covered with thick sections of hair with every pass until over half was gone.,0.98
1ovb6w5,breastcancer,2025,relevant,self,True,True,thinner,not_stated,TC chemo x4,"['taxane', 'alkylator']",alkylator;taxane,breast,breast,False,,,ongoing,False,True,2025.0,I started shedding big time after round 1 and my scalp was super painful,0.99
1owp9ev,braincancer,2025,relevant,self,True,True,thinner,not_stated,radiation therapy and chemo pills (Temodar),"['alkylator', 'radiotherapy_brain']",alkylator;radiotherapy_brain,,not_stated,False,,,unknown,False,True,,I really dislike my hair right now because it has been falling out a lot and has been in this weird state of frizz and waviness and straightness,0.98
1oxy0op,breastcancer,2025,relevant,self,True,True,thinner,not_stated,AC-T regimen; Taxol switched to Taxotere/Docetaxel; single-agent Adriamycin instead of pairing it with Cytoxan; four rounds of the red devil completed and four rounds of CT ahead,"['taxane', 'anthracycline', 'alkylator']",alkylator;anthracycline;taxane,breast IDC,breast,False,,,ongoing,True,True,,My hair has thinned a lot but I can still manage to cover the thinned areas,0.99
1oy6t0p,breastcancer,2025,relevant,self,True,True,thinner,not_stated,Letrozole; Exemestane,['endocrine'],endocrine,breast,breast,False,,,unknown,False,True,,I am cleaning hair out of my brush and the shower drain regularly.,0.98
1oygpg6,Hair,2025,relevant,self,True,True,curlier;grayer;thicker,more_curl,chemo,['unspecified'],unspecified,,not_stated,True,"Long brown, thick, wavy, manageable hair.",,ongoing,False,True,,from having long brown thick and wavy ... hair to ... super thick grey loose curls,0.98
1oyq3ul,curlyhair,2025,relevant,survivor_retrospective,True,True,curlier,more_curl,chemo,['unspecified'],unspecified,,not_stated,True,Loosely wavy hair,,ongoing,False,False,,"I used to have loosely wavy hair. After chemo, my hair has much more definition.",0.98
1ozfxip,breastcancer,2025,relevant,self,True,True,color_change_other;thinner,not_stated,AC dense dose treatment and 6/12 Taxol,"['anthracycline', 'taxane']",anthracycline;taxane,breast,breast,True,Eyelashes and eyebrows were previously less sparse and darker in color.,,ongoing,False,False,,My eyelashes are sparse and my brows have thinned dramatically and faded in color.,0.99
1ozrafy,breastcancer,2025,relevant,self,True,True,thinner,not_stated,Taxol,['taxane'],taxane,breast,breast,False,,,ongoing,False,True,,Last Friday I noticed my eyebrows looked a little thin. Over the weekend I noticed they were about half gone.,0.99
1p0zqvs,cancer,2025,relevant,self,True,True,patchy_regrowth,not_stated,3 weeks of preventive chemo in April,['unspecified'],unspecified,testicular,testicular,False,,6.0,ongoing,False,True,,Now it seems like my hair won't grow back! I have bald spots on my chin and side burns and my body hair has barely grown in over a month.,0.95
1p1aylq,breastcancer,2025,relevant,self,True,True,thinner,not_stated,Kisqali,['CDK4_6i'],CDK4_6i,breast,breast,True,usual shedding,,ongoing,False,False,,I have noticed I am losing quite a bit more hair than my usual shedding.,0.98
1p1cv9r,breastcancer,2025,relevant,self,True,True,none,not_stated,"pembro and carbo every 3 weeks and weekly taxol; pembro, doxorubicin, and cyclophosphamide every 21 days","['taxane', 'platinum', 'ICI', 'anthracycline', 'alkylator']",ICI;alkylator;anthracycline;platinum;taxane,breast (TNBC),breast,False,,,ongoing,False,True,,"Other than hair loss, which happened extremely quickly after my second cycle started",0.98
1p20u5m,lymphoma,2025,relevant,self,True,True,patchy_regrowth,not_stated,LEAM chemotherapy followed by an autologous stem cell transplant,"['alkylator', 'antimetabolite']",alkylator;antimetabolite,Hodgkins lymphoma,lymphoma_hodgkin,False,,1.2,ongoing,False,True,,I lost all my hair and beard... On day +35 my wife noticed my moustache growing back... day +50 with only a fluffy moustache,0.98
1p3hp46,leukemia,2025,relevant,self,True,True,,not_stated,two rounds of chemo; allo-SCT; full body radiation for 3 days/6 sessions along with chemo,"['radiotherapy_scalp', 'unspecified']",radiotherapy_scalp,AML,leukemia,False,,1.5,ongoing,False,False,,I’m +45 days allo-sct ... And no hair growth.,0.93
1p3kap1,breastcancer,2025,relevant,self,True,True,curlier;grayer,more_curl,8 round of chemo and 4 weeks of radiotherapy,['unspecified'],unspecified,breast,breast,True,Straight hair,,ongoing,True,True,,I had straight hair before I lost it to chemo and now that its growing back ... frizzy afro ... curls,0.98
1p446q7,breastcancer,2025,relevant,self,True,True,none,not_stated,12 weeks of Taxol infusions,['taxane'],taxane,breast,breast,False,,1.0,unknown,True,True,,"My eyelashes and eyebrows weirdly all fell out one month post chemo, so I’m nervous still",0.95
1p51z4k,breastcancer,2025,relevant,self,True,True,none,not_stated,radiation; zoladex injections; herceptin dosages,"['endocrine', 'unspecified']",endocrine,breast,breast,False,,,unknown,True,False,,I’ve done so well mentally with losing my hair and everything else BC brings,0.87
1p650no,breastcancer,2025,relevant,self,True,True,thinner,not_stated,chemo,['unspecified'],unspecified,breast,breast,True,"Long curly hair; its color, texture, and length made the author feel like herself.",,ongoing,True,True,,I lost my hair from chemo in March... My hair started to regrow a few months ago in August.,0.98
1p6855y,testicularcancer,2025,relevant,self,True,True,thinner,not_stated,adjuvant BEP chemotherapy,"['platinum', 'unspecified']",platinum,testicular,testicular,True,Had been letting his hair grow to roughly 25 cm in length.,,unknown,False,True,,On day 16 of the BEP cycle ... I noticed that I have lost more hair than normal in the shower.,0.98
1p6tj1q,lymphoma,2025,relevant,self,True,True,thinner,not_stated,chemo,['unspecified'],unspecified,lymphoma,lymphoma_nonhodgkin,True,quite thick,,ongoing,True,True,,"my hair has grown back a lot thinner than it originally was (quite thick, sadly 😢)",0.99
1p776u9,breastcancer,2025,relevant,self,True,True,none,not_stated,"TCHP, taxotere, carboplatin, and ENHERTU","['taxane', 'platinum', 'targeted_ADC']",platinum;targeted_ADC;taxane,breast,breast,False,,,unknown,False,False,,"I lost all my hair, brows, and lashes while on taxotere and carboplatin so just want to know ahead of time since I already have peach fuzz coming in",0.98
1p7sdim,breastcancer,2025,relevant,self,True,True,thinner,not_stated,"12 taxol/carbo's, ACs, immunotherapy","['taxane', 'platinum', 'anthracycline', 'ICI']",ICI;anthracycline;platinum;taxane,breast,breast,False,,,unknown,False,False,,I maintained my hair with cold capping (until we hit the ACs that is)... We had a small layer of fuzz growing on our heads,0.84
1p8f7fi,breastcancer,2025,relevant,self,True,True,permanent_alopecia,not_stated,a round of TCHP and Kadcyla,"['taxane', 'platinum', 'targeted_ADC']",platinum;targeted_ADC;taxane,breast,breast,False,,,permanent_reported,False,True,,I found out a month ago that my chemo hair loss is permanent.,0.98
1p9c1ya,breastcancer,2025,relevant,self,True,True,thinner,not_stated,Keynote 522; weekly taxol and carbo infusions for 12 weeks; switching to the red devil once every 3 weeks for 4 cycles,"['taxane', 'platinum', 'anthracycline', 'ICI']",ICI;anthracycline;platinum;taxane,breast,breast,False,,,ongoing,False,True,,now accepting as my hair slowly starts to fall out,0.99
1p9cp33,breastcancer,2025,relevant,self,True,True,thinner,not_stated,TC chemo,"['taxane', 'alkylator']",alkylator;taxane,breast,breast,False,,0.4,ongoing,False,True,,2 days ago I noticed a startling amount of hair in my hand after absentmindedly running my fingers through my hair.,0.99
1p9dv4l,lymphoma,2025,relevant,self,True,True,thinner,not_stated,DA-EPOCH-R; radiation on my chest,"['taxane', 'anthracycline', 'alkylator', 'vinca']",alkylator;anthracycline;taxane;vinca,lymphoma,lymphoma_nonhodgkin,True,Hair was different/better before treatment; exact baseline texture not stated.,,ongoing,True,True,2024.0,"It’s been a full year since I finished and my hair is far from what it used to be. I can still see my scalp in a lot of places, my hair also seems to be really thin.",0.99
1p9vaa9,breastcancer,2025,relevant,self,True,True,color_change_other,not_stated,TC Chemo,['unspecified'],alkylator;taxane,breast,breast,True,Started going gray around 10 years ago; was coloring hair. Original hair color was dark brown.,,ongoing,True,False,,"All the hair that has grown back is a dark brown, like my original hair color",0.98
1pavmjo,Hair,2025,relevant,self,True,True,none,not_stated,chemotherapy/radiation therapy,['unspecified'],unspecified,,not_stated,True,"""normal style""",,unknown,False,False,,I recently decided to shave my head due to hair loss from chemotherapy/radiation therapy.,0.98
1pb6vn0,testicularcancer,2025,relevant,self,True,True,thinner,not_stated,chemotherapy,['unspecified'],unspecified,testicular,testicular,True,"Beard hair grew back quickly after shaving, by the next day.",,ongoing,False,True,,"Recently, my beard growth has become extremely slow, with very thin hair. It wasn’t like this even after chemo, this change only started this month.",0.98
1pbeugc,cancer,2025,relevant,self,True,True,curlier,more_curl,chemo,['unspecified'],unspecified,,not_stated,True,Long straight hair worn in a ponytail.,,unknown,True,False,,My whole life I had long straight hair worn in a ponytail. Now I have a growing crown of large curls.,0.99
1pbqtqi,lymphoma,2025,relevant,self,True,True,permanent_alopecia,not_stated,full chemo; Nivolumab; dexamethasone,"['ICI', 'unspecified']",ICI,Hodgkin lymphoma,lymphoma_hodgkin,False,,,ongoing,False,True,,I don’t feel confident in my appearance without hair.,0.96
1pbry68,lymphoma,2025,relevant,self,True,True,none,not_stated,DA-EPOCH-R,"['anthracycline', 'alkylator', 'vinca']",alkylator;anthracycline;vinca,PMBCL,lymphoma_nonhodgkin,False,,,unknown,False,False,,I’ve yet to experience any sort of symptoms except for the obvious - hair loss,0.99
1pbtq75,curlyhair,2025,relevant,self,True,True,curlier,more_curl,really intense chemotherapy,['unspecified'],unspecified,,not_stated,False,,,ongoing,False,True,,Cancer is gone but chemo gave me curls.,0.98
1pcrme4,breastcancer,2025,relevant,self,True,True,straighter;texture_only,less_curl,"16 rounds of ACT Chemo ... 21 rounds of radiation; Abemaciclib, Arimidex, Lupron, and Zometa","['taxane', 'anthracycline', 'alkylator', 'CDK4_6i', 'endocrine', 'unspecified']",CDK4_6i;alkylator;anthracycline;endocrine;taxane,breast,breast,True,"Previously super curly, thick, and coarse",,ongoing,True,False,,"My previously super curly, thick, and coarse hair is growing back very soft and wavy and I am quite liking my pixie cut.",0.99
1pct27h,testicularcancer,2025,relevant,self,True,True,color_change_other;thicker,not_stated,BEPx3,['platinum'],platinum,testicular,testicular,True,Hair grew back as dark and thick as usual; facial hair was normally trimmed multiple times because it grew faster.,5.0,ongoing,False,True,,"5 months post-treatment, my hair seems like it has just stopped growing in certain places... What little is there seems to have lightened considerably in color.",0.97
1pdw6qd,breastcancer,2025,relevant,self,True,True,thinner,not_stated,6 brutal rounds of TC chemo; proton therapy radiation,"['taxane', 'alkylator', 'unspecified']",alkylator;taxane,breast,breast,False,,,unknown,True,True,,"I’ve been through 6 brutal rounds of TC chemo. I’ve lost my hair, my eyebrows",0.98
1pdzvt0,breastcancer,2025,relevant,self,True,True,thinner,not_stated,12 weekly taxol protocol + cold capping,['taxane'],taxane,breast,breast,True,I have lots of hair,,ongoing,False,True,,I had my 4th infusion last monday and only now I've started to notice some shedding but my hair looks the same.,0.98
1pe2u7x,breastcancer,2025,relevant,self,True,True,none,not_stated,weekly taxol treatments,['taxane'],taxane,breast,breast,True,Long hair to her elbows,,ongoing,True,True,,I started seeing mass hair loss immediately after my second taxol infusion followed by small bald patches,0.99
1pedb9u,lymphoma,2025,relevant,self,True,True,patchy_regrowth,not_stated,chemo,['unspecified'],unspecified,lymphoma,lymphoma_nonhodgkin,False,,2.0,ongoing,True,False,,"I already have impressive hair growth in some areas, but some areas are still quite sparse.",0.96
1pfdwki,ovariancancer,2025,relevant,self,True,True,thinner,not_stated,6 rounds of Carbo Doxil (liposomal); prior Carbo Taxol,"['platinum', 'anthracycline', 'taxane']",anthracycline;platinum;taxane,ovarian,ovarian,True,"It was thin, but still growing back after prior Carbo Taxol.",1.0,unknown,False,True,,I’m 4 weeks out from the last round and my hair is now starting to shed.,0.98
1pfhvff,breastcancer,2025,relevant,self,True,True,color_change_other,not_stated,abraxane/carbo,"['taxane', 'platinum']",platinum;taxane,breast,breast,True,"Hair was down to my butt, shiny and beautiful.",,ongoing,False,True,,Hair is growing back after abraxane/carbo but it's less than an inch of uneven grayish brown fuzz.,0.99
1pfno76,lymphoma,2025,relevant,self,True,True,none,not_stated,DA-EPOCH-R,"['anthracycline', 'alkylator', 'vinca', 'unspecified']",alkylator;anthracycline;vinca,Burkitt lymphoma,lymphoma_nonhodgkin,False,,,unknown,False,False,2024.0,"Towards the end of the second week, hair loss began — followed by beard and chest hair loss.",0.99
1pgcop7,cancer,2025,relevant,self,True,True,texture_only,not_stated,Trodelvy (written as “Teodelvy” in the body); taxol/Carbo; gemzar/Keytruda/carbo; 33 rads,"['targeted_ADC', 'taxane', 'platinum', 'antimetabolite', 'ICI']",ICI;antimetabolite;platinum;targeted_ADC;taxane,triple-negative breast cancer,breast,False,,0.25,ongoing,False,True,,I was able to cold cap and save my new curly hair this time... I have noticed shedding after only one treatment even with cold capping.,0.86
1pglslf,breastcancer,2025,relevant,self,True,True,texture_only,not_stated,Taxol/Carbo; Gemzar/Keytruda/Carbo; Trodelvy; 33 rads,"['taxane', 'platinum', 'antimetabolite', 'ICI', 'targeted_ADC']",ICI;antimetabolite;platinum;targeted_ADC;taxane,breast,breast,True,Had hair before treatment; baseline texture not stated.,,ongoing,True,True,2025.0,I was able to cold cap and save my new curly hair this time.,0.84
1pgmdyg,breastcancer,2025,relevant,self,True,True,thinner,not_stated,"8 rounds of taxol, with 4 to go, then 4 rounds of AC","['taxane', 'anthracycline']",anthracycline;taxane,breast,breast,False,,,ongoing,True,False,,"I’ve already lost a lot of my hair, but it’s pretty even and not patchy. It comes out in strands, not clumps.",0.99
1phf2tm,breastcancer,2025,relevant,self,True,True,thinner,not_stated,"4*EC, 12*Paclitaxel, 37 radiation treatments, 10 years of tamoxifen accompanied by Trenantone/Zoladex for the first 5 years","['taxane', 'anthracycline', 'alkylator', 'endocrine']",alkylator;anthracycline;endocrine;taxane,breast,breast,True,old hair thickness,,ongoing,False,True,2016.0,I also hope to get my old hair thickness back - it just reminds me of my cancer every day when I brush my hair.,0.98
1phk4mv,breastcancer,2025,relevant,self,True,True,,not_stated,AC/Paclitaxel given every 2 weeks,"['taxane', 'anthracycline', 'alkylator']",alkylator;anthracycline;taxane,breast,breast,False,,,ongoing,False,True,,I finished chemo ... and I'd kept maybe 10% of my hair by that point. Since then my hair has just continued to shed,0.99
1phm6lj,lymphoma,2025,relevant,self,True,True,texture_only;thinner,not_stated,ABVD chemo,"['anthracycline', 'alkylator']",alkylator;anthracycline,lymphoma,lymphoma_nonhodgkin,False,,,ongoing,True,True,,I think my hair is definitely drier and thinner,0.98
1phopsk,breastcancer,2025,relevant,self,True,True,grayer,not_stated,radiation; Femara + Kisqali,"['endocrine', 'CDK4_6i']",CDK4_6i;endocrine,"breast, stage 3b HR+/HER2- IDC",breast,False,,,ongoing,True,True,,"My hair is now white and gray, and I look much older.",0.95
1pi085g,cancer,2025,relevant,self,True,True,thinner,not_stated,chemotherapy; radiation,"['unspecified', 'radiotherapy_brain']",radiotherapy_brain,germinoma brain tumor,brain_cns,True,"Had hair; after surgical shaving, still had stubble.",,unknown,False,True,,"During chemotherapy everything went fine but i did lose more of my hair, i lost the stubble so it looked like i was completely bald.",0.98
1pi3bsb,testicularcancer,2025,relevant,self,True,True,thinner,not_stated,3x bep,['platinum'],platinum,testicular,testicular,False,,12.0,ongoing,False,True,,at the year mark it’s thinning quite a bit,0.97
1pig9vx,breastcancer,2025,relevant,self,True,True,thinner,not_stated,ACT treatment; Doxorubicin,"['taxane', 'anthracycline', 'alkylator']",alkylator;anthracycline;taxane,breast,breast,False,,,unknown,True,True,,I only lost about 30% of my hair through ACT. No one could tell I had lost hair or that I was doing chemo.,0.98
1pj18mh,breastcancer,2025,relevant,self,True,True,thinner,not_stated,Verzenio; AI/Lupron,"['CDK4_6i', 'endocrine']",CDK4_6i;endocrine,breast,breast,True,,,ongoing,False,False,,"My hair is definitely on the thinner side for me, even after completely regrowing it from chemo",0.98
1pkfbab,breastcancer,2025,relevant,self,True,True,thinner,not_stated,Letrozole,['endocrine'],endocrine,breast,breast,False,,3.0,ongoing,False,False,,I've been on Letrozole for 3 months and I feel like my hair is thinning a little,0.98
1pkzeif,curlyhair,2025,relevant,self,True,True,curlier;grayer;texture_only,more_curl,chemo,['unspecified'],unspecified,,not_stated,True,Very straight and long,,ongoing,False,True,,My hair used to be very straight and long... now it's completely different... It's currently curly and salt-and-pepper colored,0.99
1pn8xf5,FemaleHairLoss,2025,relevant,self,True,True,,not_stated,chemotherapy,['unspecified'],unspecified,,not_stated,False,,,unknown,True,True,,"My hair follicles became inactive after chemotherapy, and I’ve had regrowth over time",0.94
1pnb5fa,cancer,2025,relevant,self,True,True,texture_only,not_stated,chemo,['unspecified'],unspecified,,not_stated,False,,,ongoing,True,True,,I am a few months post chemo... it is growing back but it is growing wildly in all directions.,0.87
1po23qw,breastcancer,2025,relevant,self,True,True,color_change_other,not_stated,,[],,breast,breast,True,Gray and white blending with dark blonde hair.,,ongoing,True,True,,the new growth (maybe 1” long) is white and doesn’t match the darker hair on the back of my head,0.93
1po59hv,breastcancer,2025,relevant,self,True,True,thinner,not_stated,12 sessions of carboplatin and paclitaxol; started EC,"['taxane', 'platinum', 'anthracycline', 'alkylator']",alkylator;anthracycline;platinum;taxane,breast (TNBC),breast,False,,,partially_reverted,False,True,,"Eye lashes did vanish. Eye brows thinned. Body hair vanished. ... my hair is now growing back? Body hair, lashes, and brows.",0.98
1ppdga5,breastcancer,2025,relevant,self,True,True,curlier;texture_only,more_curl,keytruda,['ICI'],ICI,breast,breast,True,stick straight hair,,ongoing,False,True,,I have a lot of different lengths and both tight chemo curls and stick straight hair.,0.93
1ppngri,cancer,2025,relevant,self,True,True,none,not_stated,chemotherapy and radiation,"['radiotherapy_brain', 'unspecified']",radiotherapy_brain,brain tumor,brain_cns,True,Had hair before treatment; described it as a big part of their identity and confidence.,,ongoing,False,True,,I was went through chemotherapy now im currently doing radiation and my hairs starting to grow back,0.97
1pptv18,thyroidcancer,2025,relevant,self,True,True,thinner,not_stated,total thyroidectomy,['unspecified'],unspecified,thyroid,other,False,,,ongoing,False,True,2022.0,I am so tired of dealing with this stuff and close monitoring. I am tired of losing my hair.,0.95
1pqhb68,breastcancer,2025,relevant,self,True,True,thinner,not_stated,chemo every 3 weeks,['unspecified'],unspecified,breast,breast,False,,,ongoing,False,True,,I can’t eat Im loosing my hair loosing weight so many symptoms I have to deal with.,0.99
1pqmnmd,breastcancer,2025,relevant,self,True,True,thinner,not_stated,Herceptin (15 infusions) + Taxol (12 infusions),['taxane'],taxane,breast,breast,False,,,unknown,False,True,,my hair fell out a lot more than I expected (even cold capoing and doing everything else to help),0.99
1prp1pb,breastcancer,2025,relevant,self,True,True,none,not_stated,,[],,breast,breast,True,Hair she had grown for 30 years,,unknown,True,True,,The most heartbreaking one for me was my hair that I grew for 30 years.,0.96
1psrp7a,breastcancer,2025,relevant,self,True,True,texture_only;thinner,not_stated,Radiation Sept/Oct; Lupron for four months; exemestane for over a month,['endocrine'],endocrine,breast,breast,False,,,ongoing,False,False,,I’ve also noticed thinning eye brows and more fragile hair.,0.97
1pt2p3e,cancer,2025,relevant,survivor_retrospective,True,True,none,not_stated,chemo,['unspecified'],unspecified,non-Hodgkin lymphoma,lymphoma_nonhodgkin,False,,,ongoing,True,False,,I’m not tearing myself down because I lost so much weight and my hair ... despite the fact I’m still stuck in hospital with ... no hair,0.98
1ptawfb,breastcancer,2025,relevant,self,True,True,thinner,not_stated,"abraxane, carbo and pembro portion of Keynote 522","['taxane', 'platinum', 'ICI']",ICI;platinum;taxane,breast,breast,False,,,ongoing,False,True,,the folliculitis on my newly and partially bald head can take a hike,0.98
1pu9uik,curlyhair,2025,relevant,self,True,True,texture_only,not_stated,chemo,['unspecified'],unspecified,cancer,not_stated,False,,,ongoing,False,True,,It grew back curly for first couple months but then got sick... curls are so limp... losing my volume and curls.,0.95
1pvot8x,breastcancer,2025,relevant,self,True,True,grayer,not_stated,chemo,['unspecified'],unspecified,breast,breast,True,Brown hair,,ongoing,False,False,,Pre-cancer I had brown hair... it is a mixture of dark grey and light grey.,0.99
1pw6hzk,breastcancer,2025,relevant,self,True,True,texture_only;thinner,not_stated,"chemo treatment July of 2024, surgery and then rads in December; currently on lupron and Anastrozole ... and neratinib","['endocrine', 'unspecified']",endocrine,breast,breast,True,It was so thick before treatment.,,ongoing,False,False,2024.0,It was so thick before treatment. The hair in front and by my temples is extremely fine and downy.,0.99
1pw99bg,breastcancer,2025,relevant,self,True,True,grayer;thinner,not_stated,AC-T; Anastrozole; oral minoxidil; Latisse,"['taxane', 'anthracycline', 'endocrine']",anthracycline;endocrine;taxane,breast,breast,True,"Lashes were lush, thick, and long before cancer; scalp hair was retained with scalp cooling.",6.0,ongoing,False,True,,"this month (December, 6 months post-chemo) I noticed that my lashes are thinner, sparser, and at noticeably varying lengths",0.98
1pwdw8o,cancer,2025,relevant,self,True,True,curlier;patchy_regrowth;texture_only;thinner,not_stated,chemo and immunotherapy,['unspecified'],ICI,,not_stated,True,Great hair that grew fast.,,ongoing,False,True,,My hair started to get finer and curly. Then I started to notice thinning around my crown.,0.98
1pwmdz5,cancer,2025,relevant,self,True,True,none,not_stated,chemotherapy and radiation,['unspecified'],unspecified,epithelioid sarcoma,sarcoma,False,,,unknown,True,False,,I don’t care about the hair loss bc it will come back soon enough.,0.98
1px690q,breastcancer,2025,relevant,self,True,True,thinner,not_stated,weekly Taxol/Herceptin,['taxane'],taxane,breast,breast,True,Had hair before it started falling out,,ongoing,True,True,,I just started losing my hair a week ago... seeing myself in the mirror last night with the balding buzz cut,0.99
1pxews7,testicularcancer,2025,relevant,self,True,True,curlier;grayer;texture_only;thinner,not_stated,4 cycles of EP,"['platinum', 'unspecified']",platinum,testicular,testicular,False,,,partially_reverted,False,False,,"When it grew back, it was curly and soft until my first or second haircut, when things started to normalize. Since treatment, I feel like my hairline is not the same and my hair is thinning.",0.97
1pxpznt,breastcancer,2025,relevant,self,True,True,thinner,not_stated,4 cycles of paclitaxel followed by 4 cycles of AC,"['taxane', 'anthracycline', 'alkylator']",alkylator;anthracycline;taxane,breast,breast,True,Had a lot of hair to begin with; lost probably 50% during treatment.,1.5,ongoing,True,True,,The shedding has not slowed at all in the 6 weeks since and I now have a couple of sizeable totally bald patches as well as significant thinning.,0.99
1pxsr21,breastcancer,2025,relevant,self,True,True,permanent_alopecia,not_stated,6 rounds of TCHP; herceptin and perjetta; radiation,"['taxane', 'platinum']",platinum;taxane,breast,breast,False,,,unknown,False,True,,"I finished 6 rounds of TCHP. ... I’m bald, and I look mostly like an alien.",0.92
1pyyusf,cancer,2025,relevant,self,True,True,texture_only,not_stated,"IV chemotherapy, radiation",['unspecified'],unspecified,rectal cancer,colorectal,False,,,ongoing,False,True,,fuzzy wild hair that's regrowing,0.78
1pzaji5,breastcancer,2025,relevant,self,True,True,texture_only;thinner,not_stated,"chemo (TNBC, doxorubicin)",['anthracycline'],anthracycline,TNBC/breast,breast,False,,,ongoing,False,False,,"My hair has grown back, but is still very baby thin and fragile.",0.99
1pzdc34,breastcancer,2025,relevant,self,True,True,color_change_other;thicker,not_stated,OS (Zoladex),['endocrine'],endocrine,breast,breast,True,Arm hair was less thick and lighter before Zoladex.,,ongoing,False,True,,I also seem to be getting excess hair...and the hair on my arms is thicker and darker than it ever was...it only happened after I started zoladex.,0.99
1pzw13c,breastcancer,2025,relevant,self,True,True,color_change_other;thinner,not_stated,DD AC and weekly Taxol,"['anthracycline', 'alkylator', 'taxane']",alkylator;anthracycline;taxane,breast,breast,True,"Had body hair, eyebrows, and eyelashes before treatment; post-treatment hair loss and loss of eyebrow pigment are reported.",0.25,ongoing,False,False,,I lost most of my body hair... I lost some eyebrows and all the pigment of what peach fuzz remains.,0.98
1q06dbr,cancer,2025,relevant,self,True,True,texture_only;thinner,not_stated,"chemo (TNBC, doxorubicin)",['anthracycline'],anthracycline,breast,breast,False,,,ongoing,False,False,,"My hair has grown back, but it’s still very thin and baby-fine, and hasn’t thickened yet.",0.96
1q1se5z,lymphoma,2026,relevant,self,True,True,none,not_stated,ABVD chemo and radiation to the neck,"['anthracycline', 'alkylator', 'vinca', 'unspecified']",alkylator;anthracycline;vinca,lymphoma,lymphoma_nonhodgkin,False,,,ongoing,False,False,,"It has been more than 2 months since my last chemo, and I still see no signs of hairgrowth.",0.87
1q1tqy5,cancer,2026,relevant,self,True,True,thinner,not_stated,Yervoy and Opdivo; 6 pills each a day of Braftovi and Mektovi; Keytruda,"['ICI', 'unspecified']",ICI,melanoma,melanoma,False,,,ongoing,False,False,2022.0,I’m losing my hair some but it’s like not enough to wear a wig or shave it but it’s still thin,0.98
1q1x2jm,lymphoma,2026,relevant,self,True,True,thinner,not_stated,"2.5 rounds of ABVD, one of BEACOPP; bleo/vincristine","['anthracycline', 'alkylator', 'vinca', 'unspecified']",alkylator;anthracycline;vinca,HL,lymphoma_hodgkin,False,,,ongoing,False,True,,I didn’t shave my head but had a lot of thinning/shedding. I’m now noticing some tiny baby hairs growing back on the top of my scalp.,0.98
1q1zo6d,breastcancer,2026,relevant,self,True,True,texture_only;thinner,not_stated,Anastrazole and Kisqali,"['endocrine', 'CDK4_6i']",CDK4_6i;endocrine,breast,breast,True,Hair was softer and nicer pre-medications.,,ongoing,False,True,,thinning hair that’s also just not as soft and nice as it was pre meds,0.99
1q23im2,breastcancer,2026,relevant,self,True,True,thinner,not_stated,Taxol; herceptin,['taxane'],taxane,breast,breast,False,,,ongoing,True,False,,"When my hair got really thin and spotty, I buzzed it off to 1""16"". Not gonna lie, i've been loving it!",0.99
1q2ahzb,leukemia,2026,relevant,survivor_retrospective,True,True,texture_only;thinner,not_stated,chemo,['unspecified'],unspecified,AML,leukemia,False,,,ongoing,True,True,,"Like most of you, my hair changed texture... It’s thinned out as well. Or becomes very frizzy. Weird texture",0.94
1q2kikj,breastcancer,2026,relevant,self,True,True,curlier,no_curl_change,dd AC/T,"['taxane', 'anthracycline', 'alkylator']",alkylator;anthracycline;taxane,breast,breast,True,straight blonde bob,,reverted,True,False,2022.0,"I loved the curls, but as my onc said they would—they grew out. ... Back to my straight blonde bob!",0.99
1q3v2pq,ovariancancer,2026,relevant,self,True,True,thinner,not_stated,Paclitaxel and Carboplatin every 3 weeks,"['taxane', 'platinum']",platinum;taxane,ovarian,ovarian,False,,,partially_reverted,True,False,,My hair did not start to shed until a few days before my second cycle... Within a month or so post-chemo my hair is starting to grow back.,0.98
1q4wkym,lymphoma,2026,relevant,self,True,True,thinner,not_stated,6 rounds of Pola-R-CHOP and 2 rounds of high dose methotrexate,"['targeted_ADC', 'anthracycline', 'alkylator', 'vinca', 'antimetabolite']",alkylator;anthracycline;antimetabolite;targeted_ADC;vinca,DLBCL,lymphoma_nonhodgkin,False,,,unknown,False,True,2025.0,"Some of the hardest days were ... despairing about how much of myself (my health, my hair, my sense of personal security) that I had lost.",0.84
1q4xlv1,breastcancer,2026,relevant,self,True,True,none,not_stated,TCHP; possible Kadcyla,"['taxane', 'platinum']",platinum;taxane,breast,breast,False,,,ongoing,True,False,,Hair. Any amount of it.,0.94
1q5lfhh,HeadandNeckCancer,2026,relevant,self,True,True,patchy_regrowth;thinner,not_stated,radiation,['radiotherapy_scalp'],radiotherapy_scalp,head and neck,head_neck,True,Often liked a shorter hairstyle; baseline thickness and texture unstated.,,ongoing,False,True,,I lost some hair on the back of my head... I’m 16 months past treatment and only the fine baby hairs grew back.,0.97
1q5lyyb,breastcancer,2026,relevant,self,True,True,texture_only;thinner,not_stated,chemo,['unspecified'],unspecified,breast,breast,True,Hair was thicker before; pre-treatment curl pattern not stated.,,ongoing,True,False,2024.0,My hair is shoulder length but all different lengths ... not as thick as before. It still has some curls to it,0.94
1q5vcmf,breastcancer,2026,relevant,self,True,True,none,not_stated,red devil; Keytruda,"['anthracycline', 'ICI']",ICI;anthracycline,TNBC/breast,breast,False,,,ongoing,True,True,2024.0,Lost all my hair but it is coming back.,0.93
1q74hkt,breastcancer,2026,relevant,self,True,True,none,not_stated,"TCHP, 33 radiation, 9 Kadcyla, Herceptin and Perjeta","['taxane', 'platinum', 'targeted_ADC', 'unspecified']",platinum;targeted_ADC;taxane,breast,breast,False,,,unknown,False,True,,"I’ve lost my hair, my breasts, my strength, time.",0.98
1q7q0p3,FemaleHairLoss,2026,relevant,self,True,True,none,not_stated,chemotherapy,['unspecified'],unspecified,,not_stated,False,,,unknown,False,True,,"My hair follicles became inactive after chemotherapy, and I’ve had regrowth over time",0.89
1q7qync,breastcancer,2026,relevant,self,True,True,none,not_stated,keynote522 treatment protocal; TC/AC; clinical trial study drug,"['taxane', 'anthracycline']",anthracycline;taxane,breast (TNBC),breast,False,,,ongoing,True,True,,the study drug has caused me to loose my hair again... I eventually pulled out 99% of my hair.,0.98
1q88aqh,testicularcancer,2026,relevant,self,True,True,color_change_other;thinner,not_stated,1 round of BEP chemo,"['platinum', 'unspecified']",platinum,testicular,testicular,True,Normal head hair and beard; described as a ranga.,,ongoing,False,True,,"My hair around my mouth is coming out blond and finer than before, and my head hair has not made an appearance yet.",0.98
1q8pms0,breastcancer,2026,relevant,self,True,True,thinner,not_stated,weekly Taxol/Herceptin chemo,['taxane'],taxane,breast,breast,False,,,ongoing,True,True,,I've also lost most of my hair and buzzed it to a crew cut.,0.98
1q8u4uz,Hair,2026,relevant,self,True,True,curlier,more_curl,chemo treatment,['unspecified'],unspecified,,not_stated,True,"long straight, naturally dirty blonde hair",24.0,ongoing,False,False,,I used to have long straight hair but I did chemo treatment 2 years ago and now its grown back curly,0.99
1qb1tsy,breastcancer,2026,relevant,self,True,True,,not_stated,"AC-T chemo followed by lumpectomy & AND, then 20 rounds of radiation","['taxane', 'anthracycline']",anthracycline;taxane,breast,breast,False,,,ongoing,True,True,,"My eyebrows and eyelashes fell out for the second time, after the regrowth was looking really solid. I cold capped for my head hair, and the areas where I did shed are growing back like weeds.",0.99
1qbszi5,breastcancer,2026,relevant,self,True,True,thinner,not_stated,"4 chemo sessions, 3 weeks apart; cold capped with Paxman",['unspecified'],radiotherapy_scalp,breast,breast,True,"Very fine, very thin hair",,ongoing,True,True,,At week 2 it started falling out in major clumps... I probably lost 80% of my total hair,0.98
1qc7iqu,cancer,2026,relevant,self,True,True,thinner,not_stated,radiation with carboplatin + paclitaxel,"['taxane', 'platinum', 'radiotherapy_scalp']",platinum;radiotherapy_scalp;taxane,,not_stated,False,,,unknown,False,False,,Already lost a bunch with Chemo and radiation.,0.98
1qcjile,breastcancer,2026,relevant,self,True,True,none,not_stated,EC-P; 9 cycles of weekly Paclitaxel; zoledronic acid infusion,"['taxane', 'unspecified']",taxane,breast,breast,False,,,unknown,False,True,,3 ECs done. Head is sufficiently bald. I start 9 cycles of weekly Paclitaxel next week.,0.98
1qcon1j,breastcancer,2026,relevant,self,True,True,thinner,not_stated,"TH, Taxol, Herceptin",['taxane'],taxane,breast,breast,False,,,ongoing,False,True,,I'm two weeks off Taxol and my hair is still falling out... I only kept 30% of my hair,0.98
1qcrlii,breastcancer,2026,relevant,self,True,True,,not_stated,chemo; Keytruda,"['ICI', 'unspecified']",ICI,breast (TNBC),breast,False,,,unknown,True,True,,Adjusting to chemo.. .trying not to cry at any little thing...hair gone...wig shopping.. Feeling like crap,0.98
1qejf0i,breastcancer,2026,relevant,self,True,True,,not_stated,docetaxel/cyclophosphamide,"['taxane', 'alkylator']",alkylator;taxane,breast,breast,False,,,unknown,False,True,,I also sort of feel like I'm bald for nothing if I might not have needed chemo in the first place.,0.98
1qews80,breastcancer,2026,relevant,self,True,True,none,not_stated,Kadcyla; tamoxifen,"['targeted_ADC', 'endocrine']",endocrine;targeted_ADC,breast,breast,True,Hair was to her low back,,ongoing,False,True,,"My hair is below my ears now, but it was to my low back.",0.94
1qfcwua,breastcancer,2026,relevant,self,True,True,none,not_stated,TCHP; radiation,"['taxane', 'platinum']",platinum;taxane,breast,breast,False,,,unknown,False,True,,my fucking hair is gone my beauty is gone my self esteem is gone my sex drive is gone my fucking eyebrows are gone,0.99
1qfnvuf,lymphoma,2026,relevant,self,True,True,thinner,not_stated,R-CHOP,"['taxane', 'anthracycline', 'alkylator', 'vinca']",alkylator;anthracycline;taxane;vinca,DLBCL,lymphoma_nonhodgkin,False,,0.7,ongoing,False,True,,I’m now at the end of the 21 days after my first cycle and have only experienced ~5–10% hair fall so far.,0.98
1qgaqjb,lymphoma,2026,relevant,self,True,True,curlier,more_curl,chemo,['unspecified'],unspecified,lymphoma,lymphoma_nonhodgkin,True,Never had curly hair before.,,ongoing,True,False,,I never had curly hair before but I thought it would be a lot shorter:),0.97
1qi4faz,breastcancer,2026,relevant,self,True,True,none,not_stated,chemo,['unspecified'],unspecified,breast,breast,True,Long curly hair,,ongoing,True,True,2025.0,"I used to have long curly hair... My head hair is about an inch long, barely, but not long enough to look like anything or to be styled.",0.97
1qiq18q,lymphoma,2026,relevant,self,True,True,none,not_stated,BV-AVD,"['targeted_ADC', 'anthracycline', 'vinca']",anthracycline;targeted_ADC;vinca,Hodgkin lymphoma,lymphoma_hodgkin,True,"Thin, black, curly, frizzy, unruly hair that did not grow much longer than the pictured length.",,ongoing,True,True,,"I lost my hair relatively quickly into treatment - within a week after my second round of BV-AVD, my hair was pretty much all gone.",0.99
1qjbvo5,breastcancer,2026,relevant,self,True,True,none,not_stated,weekly paclitaxel for 12 sessions; carboplatin every 3 weeks for 4 sessions; Keytruda every 3 weeks for 8 sessions; Adriamycin and cyclophosphamide (AC) every 3 weeks for 4 sessions,"['taxane', 'platinum', 'ICI', 'anthracycline', 'alkylator']",ICI;alkylator;anthracycline;platinum;taxane,triple-negative breast cancer,breast,False,,,unknown,True,False,2025.0,"I did not lose my hair!!!!! i only lost my eye lashes, but in stages",0.96
1qkmw48,breastcancer,2026,relevant,self,True,True,,not_stated,"chemotherapy, mastectomy, radiotherapy, immunotherapy",['ICI'],ICI,breast,breast,False,,,unknown,False,False,,he remembers that he saw me bald without eyelashes,0.92
1qkuj39,breastcancer,2026,relevant,self,True,True,thinner,not_stated,"12 rounds of taxol, 4 rounds of dose dense AC","['taxane', 'anthracycline', 'alkylator']",alkylator;anthracycline;taxane,breast,breast,False,,1.5,ongoing,False,True,,"~6 week out, it’s coming out even more! ... lose huge patches after the fact.",0.99
1ql0500,breastcancer,2026,relevant,self,True,True,thinner,not_stated,TCHP; herceptin/perjeta,"['taxane', 'platinum', 'unspecified']",platinum;taxane,breast,breast,False,,1.5,ongoing,True,True,,I’m six weeks out from chemo and still shedding a huge amount of hair. I now have a bald spot on the back of my head,0.99
1qlcq72,lymphoma,2026,relevant,survivor_retrospective,True,True,thinner,not_stated,"two rounds of chemo, one round of radiation and a stem cell transplant",['unspecified'],unspecified,Hodgkin's lymphoma,lymphoma_hodgkin,True,No problems or medical conditions with his hair before treatment; had dyed it a couple of times.,,ongoing,False,True,,My hair hasn't been able to grow the same since the end of the treatment. It has slowly grown back but so much of is so thin.,0.99
1qlwwk7,breastcancer,2026,relevant,self,True,True,patchy_regrowth,not_stated,TC chemo,"['taxane', 'alkylator']",alkylator;taxane,breast,breast,False,,,ongoing,False,True,,I’m a year out of chemo and it’s on the struggle bus. The hair around my hairline is just not coming in and I have a bald spot,0.98
1qns1lu,breastcancer,2026,relevant,self,True,True,thinner,not_stated,"six months of a clinical trial chemo, a lumpectomy and 30 rounds of radiation",['unspecified'],unspecified,breast,breast,False,,,ongoing,False,False,2017.0,My hair is receding in the front and it looks like Moses himself made my part.,0.98
1qo1zuy,lymphoma,2026,relevant,self,True,True,none,not_stated,"steroids, chemo and immunotherapy","['unspecified', 'ICI']",ICI,lymphoma,lymphoma_nonhodgkin,False,,,ongoing,False,True,,"The chemo never made me bald but the steroids, chemo and immunotherapy I did all together January of last year made me bald.",0.95
1qoxpra,breastcancer,2026,relevant,self,True,True,thinner,not_stated,TC; Kisquali+letrozole,"['taxane', 'alkylator', 'endocrine', 'CDK4_6i']",CDK4_6i;alkylator;endocrine;taxane,breast,breast,False,,,unknown,False,True,,I'm only just starting to feel ok with my hair after losing most of it with TC,0.97
1qoxyoz,lymphoma,2026,relevant,self,True,True,patchy_regrowth,not_stated,chemo,['unspecified'],unspecified,lymphoma,lymphoma_nonhodgkin,True,long hair,,ongoing,True,False,,8 months after chemo... we have a ponytail... unfortunately not all my hair can participate... My goal is to have my long hair back.,0.84
1qp2bbp,breastcancer,2026,relevant,self,True,True,thinner,not_stated,TCHP,"['taxane', 'platinum']",platinum;taxane,breast,breast,False,,,ongoing,False,False,,I’m mid TCHP and my hair is about 90% gone.,0.99
1qpju72,breastcancer,2026,relevant,self,True,True,patchy_regrowth;thinner,not_stated,chemo with cold capping,['unspecified'],unspecified,breast,breast,True,"Long hair, about 7 inches past the shoulders",,ongoing,False,True,,"It looks terrible right now, super stringy and thin and wispy and add in the receding hair line",0.99
1qppetc,breastcancer,2026,relevant,self,True,True,curlier,more_curl,chemo,['unspecified'],unspecified,breast,breast,True,"fine, straight hair just past my shoulders",,ongoing,False,False,,"Prior to chemo I had fine, straight hair just past my shoulders. It's coming in mostly the same now but a bit wavy in places.",0.98
1qpqd1g,cancer,2026,relevant,self,True,True,patchy_regrowth;thinner,not_stated,chemo,['unspecified'],unspecified,,not_stated,True,Hair was thicker before treatment.,,ongoing,True,True,,"It’s thin. Way thinner than my hair ever was before, and some days it’s hard not to fixate on it.",0.99
1qpt7oz,breastcancer,2026,relevant,self,True,True,thinner,not_stated,Keytruda,['ICI'],ICI,breast,breast,False,,,unknown,False,True,2025.0,the chemo took my hair,0.98
1qpyxma,breastcancer,2026,relevant,self,True,True,thinner,not_stated,TCHP,"['taxane', 'platinum']",platinum;taxane,breast,breast,False,,,ongoing,False,True,,I still have 80% of my hair from cold capping,0.93
1qq1cwb,breastcancer,2026,relevant,self,True,True,,not_stated,Keynote 522 (currently on weekly Paclitaxel and Carboplatin + Keytruda every 3 weeks),"['taxane', 'platinum', 'ICI']",ICI;platinum;taxane,breast (TNBC),breast,False,,,unknown,False,True,,I lost my hair a few weeks ago,0.98
1qqawps,breastcancer,2026,relevant,self,True,True,curlier,more_curl,Chemo,['unspecified'],unspecified,breast,breast,True,Curly hair before treatment,,ongoing,True,False,,My hair is curlier than before and I am learning to care for a different hair texture.,0.98
1qs7q13,testicularcancer,2026,relevant,self,True,True,thinner,not_stated,"4x EP (Etoposide, Cisplatin)","['platinum', 'unspecified']",platinum,testicular cancer,testicular,False,,,unknown,False,True,2025.0,"Chemotherapy sucked, I lost my hair, had a neutropenic fever and ended up in the hospital",0.98
1qskbi5,breastcancer,2026,relevant,self,True,True,grayer;patchy_regrowth;thinner,not_stated,Taxol,['taxane'],taxane,breast,breast,True,"Natural dark, thick hair; she had lots of hair.",1.25,ongoing,False,True,,I'm at week 5 after finishing Taxol... lots of white new thin hair... nothing close to my natural dark thick hair.,0.99
1qt0me1,breastcancer,2026,relevant,survivor_retrospective,True,True,grayer;texture_only,not_stated,TCx4,"['taxane', 'alkylator']",alkylator;taxane,breast,breast,True,Had not colored her hair for a year and a half and was letting the gray grow out; retained hair was much darker than the new growth.,2.0,unknown,True,True,,"I had a trim and color about 2 months post-chemo because the new hair color was coming in as white fluff, and the hair I didn’t lose was much darker.",0.96
1qt3ley,curlyhair,2026,relevant,self,True,True,color_change_other;curlier,more_curl,chemo,['unspecified'],unspecified,,not_stated,True,wavy,,ongoing,False,True,,"I lost my hair to chemo, and it was wavy before, but came back dark and closer to curly.",0.99
1qt6fnl,breastcancer,2026,relevant,self,True,True,thinner,not_stated,12 weekly neoadjuvant infusions of THP; first HP infusion; every 3 weeks for a year,"['taxane', 'unspecified']",taxane,breast,breast,False,,,unknown,False,False,,Had 12 weekly neoadjuvant infusions of THP - lost my hair but otherwise felt fine.,0.98
1qusqw5,breastcancer,2026,relevant,self,True,True,none,not_stated,x6 rounds of TCHP; x9 rounds of Radiotherapy; x14 rounds of Kadcyla; Zoladex; Exemestane,"['taxane', 'platinum', 'targeted_ADC', 'endocrine']",endocrine;platinum;targeted_ADC;taxane,breast,breast,False,,,unknown,False,False,2024.0,"I lost my hair, but kept eyebrows and eyelashes until 6 weeks after.",0.99
1quxcat,curlyhair,2026,relevant,self,True,True,none,not_stated,chemo,['unspecified'],unspecified,,not_stated,True,Natural blonde streaks; darker hair parts were lighter than many wigs.,,unknown,False,True,,"I got what was named a ""natural black"" wig but don't feel like me.",0.98
1qvbsca,breastcancer,2026,relevant,self,True,True,thinner,not_stated,"12 rounds of chemo, plus 3/4 of the red devil; 31 rounds of radiation; capecitabine; Keytruda; Trodelvy","['anthracycline', 'antimetabolite', 'targeted_ADC', 'ICI', 'unspecified']",ICI;anthracycline;antimetabolite;targeted_ADC,"breast (TNBC), stage 4",breast,False,,0.75,ongoing,False,True,2025.0,I started Trodelvy three weeks ago ... this leads to just now. my f-ing hair is already falling out.,0.98
1qvvvym,breastcancer,2026,relevant,self,True,True,thinner,not_stated,TC infusion; radiation; lupron and letrozole,"['taxane', 'alkylator', 'endocrine']",alkylator;endocrine;taxane,breast,breast,False,,,ongoing,True,False,,I lost about 85% of my hair but still have a hairline and some wisps that I’d like to retain as I look forward to some regrowth.,0.98
1qwmyab,cancer,2026,relevant,self,True,True,curlier;texture_only,more_curl,6 months of immunotherapy and 18 months of targeted chemo; TILS treatment ... 5 days of intensive chemo,"['ICI', 'unspecified']",ICI,melanoma,melanoma,True,long and wavy,,ongoing,False,True,,The targeted chemo changed my hair texture. It went from long and wavy to short and extremely curly (think alpaca).,0.99
1qwy8ea,breastcancer,2026,relevant,self,True,True,color_change_other;texture_only;thinner,not_stated,"4 rounds of AC and currently on 9th round of Taxol, with 3 more to go","['anthracycline', 'alkylator', 'taxane']",alkylator;anthracycline;taxane,breast,breast,True,Had some greys before cancer; other baseline hair characteristics unstated.,,ongoing,True,True,,"At first it was very fine, fluffy, almost duck-like hair and very light in colour (almost white/blonde).",0.97
1qx4dtj,breastcancer,2026,relevant,survivor_retrospective,True,True,thinner,not_stated,anastrazole,['endocrine'],endocrine,breast,breast,False,,,ongoing,False,True,,"I quit 3 months ago... I'm losing hair and my joint, muscle and bone pain are worse than ever.",0.96
1r054pq,breastcancer,2026,relevant,self,True,True,curlier,not_stated,chemo,['unspecified'],unspecified,breast,breast,False,,,ongoing,True,True,,"I’m so very excited to have hair again, but it’s growing all different lengths and I look like I have a super tight perm",0.93
1r1bvm9,curlyhair,2026,relevant,self,True,True,thinner,not_stated,chemotherapy,['unspecified'],unspecified,,not_stated,True,Hair was wavy when younger and became curly in their 20s; previously struggled with frizz and lack of definition.,,ongoing,True,True,,"Since then, it has grown quite a bit, although it’s noticeably finer than it used to be.",0.99
1r1dtsw,Hair,2026,relevant,self,True,True,none,no_curl_change,chemo,['unspecified'],unspecified,,not_stated,True,thick and curly-wavy; usually long or mid-length,,ongoing,True,True,,"My hair type has always been thick and curly-wavy... it seems to be growing back with the same texture... BUT... it is just growing outwards, and it's so poofy.",0.87
1r22ak2,breastcancer,2026,relevant,self,True,True,,not_stated,chemo; radiation for four weeks everyday; Herceptin once every 3 weeks,['unspecified'],unspecified,breast,breast,False,,,unknown,True,True,2025.0,"I ""wasnt suppose to lose my hair."" LOL that's Gone!",0.99
1r2f7ty,leukemia,2026,relevant,self,True,True,,not_stated,chemo,['unspecified'],unspecified,leukemia,leukemia,False,,,ongoing,True,True,,my hair really fell out due to the chemo... I’m sad I’m like almost fully bald,0.99
1r35xti,curlyhair,2026,relevant,self,True,True,texture_only,not_stated,chemo,['unspecified'],unspecified,,not_stated,False,,,ongoing,False,False,,"The hair that grew back after chemo is… 3a, low density, high porosity, fine.",0.86
1r4o0r8,lymphoma,2026,relevant,self,True,True,thinner,not_stated,chemo,['unspecified'],unspecified,lymphoma,lymphoma_nonhodgkin,True,Lashes were thicker and longer before treatment.,,ongoing,False,False,,my lashes arent as thick or long as before,0.98
1r4x4ir,lymphoma,2026,relevant,self,True,True,texture_only,not_stated,"DA-R-EPOCH (Rituximab, Etoposide, Doxorubicin, Vincristine, Cyclophosphamide, Prednisone)","['anthracycline', 'alkylator', 'vinca', 'unspecified']",alkylator;anthracycline;vinca,PMBCL,lymphoma_nonhodgkin,True,Hair had less body/texture before treatment.,1.5,ongoing,True,False,,"My hair grew back the same colour. I wouldn't quite call it curly, but it definitely has more body/texture than before.",0.98
1r5thcb,Hair,2026,relevant,self,True,True,curlier,not_stated,chemo,['unspecified'],unspecified,,not_stated,False,,,ongoing,False,False,,my hair is in the process of growing back following chemo... Chemo curls are a thing y'all.,0.91
1r7ggov,cancer,2026,relevant,self,True,True,thinner,not_stated,chemotherapy,['unspecified'],unspecified,liver,gi_other,False,,,unknown,False,True,,"Chemo has taken most of my hair, but it hasn't done anything for my cancer apparently. I'm just so depressed.",0.99
1r97lva,breastcancer,2026,relevant,self,True,True,permanent_alopecia,not_stated,AC-T; Kisqali; Letrozole + Lupron,"['taxane', 'anthracycline', 'CDK4_6i', 'endocrine']",CDK4_6i;anthracycline;endocrine;taxane,breast,breast,False,,,unknown,False,True,,I'm already 10 pound heavier than I'd like to be from chemo and the steroids... after losing my hair and my boobs.,0.98
1ramzc8,breastcancer,2026,relevant,self,True,True,texture_only,not_stated,"chemo + immune, Pembro, enantone injections, levotrole","['ICI', 'endocrine', 'unspecified']",ICI;endocrine,breast,breast,False,,,ongoing,False,True,,Also my hair looks SO STUPID. I look like a little old lady who left the perm solution on too long. I can't wait for it to grow out.,0.94
1rbo5ir,breastcancer,2026,relevant,self,True,True,thinner,not_stated,TCHP,"['taxane', 'platinum']",platinum;taxane,breast,breast,False,,,ongoing,False,False,,"My hair started growing back mid-cycle, but it is so sparse and goofy looking.",0.96
1rbppoi,breastcancer,2026,relevant,self,True,True,none,not_stated,8 rounds of chemo + Keytruda (4 cycles of docetaxel + carboplatin and 4 cycles of docetaxel + cyclophosphamide),"['taxane', 'platinum', 'alkylator', 'ICI']",ICI;alkylator;platinum;taxane,breast (TNBC),breast,False,,,ongoing,False,True,2025.0,"And of course, losing my hair, which hasn’t been easy at all... My hair just started growing back and it looks so weird.",0.93
1rbvw9y,breastcancer,2026,relevant,self,True,True,thinner,not_stated,4 rounds of t and c chemo and 15 rounds of radiation,['unspecified'],alkylator;taxane,breast,breast,False,,,unknown,False,False,,Lost most of my hair anyways but not eyelashes.,0.98
1rca2z6,leukemia,2026,relevant,self,True,True,thinner,no_curl_change,chemo,['unspecified'],unspecified,leukemia,leukemia,True,Curly hair,,ongoing,False,True,2022.0,"I had curly hair both before and after chemo, after my gvhd flares when my hair was growing out I guess it got thinner, and so did my hairline.",0.99
1rcrz6l,cancer,2026,relevant,self,True,True,thicker,not_stated,chemo. sessions in hospital chemo. And radiation,"['radiotherapy_brain', 'unspecified']",radiotherapy_brain,"T-lymphoblastic lymphoma, stage four",lymphoma_nonhodgkin,True,Hair was less thick before treatment,,ongoing,True,False,,My hair is thicker than it’s ever been after chemo.,0.97
1rdfszb,breastcancer,2026,relevant,survivor_retrospective,True,True,curlier;texture_only,more_curl,chemo,['unspecified'],unspecified,breast,breast,True,Normally straight/slightly wavy hair,,ongoing,True,False,,my normally straight/slightly wavy hair has tight corkscrew curls while the top ... is frizzy with unevenly textured waves,0.99
1rdicg1,breastcancer,2026,relevant,self,True,True,thinner,not_stated,"19 radiation treatments; 5 years Anastrozole, which I started about 2 months ago",['endocrine'],endocrine,breast,breast,False,,,ongoing,False,True,2025.0,"The side effects from the anastrozole has me going through peri-menopause all over again. Insomnia, weight gain, thinning hair",0.99
1rdz0y6,breastcancer,2026,relevant,self,True,True,permanent_alopecia;thinner,not_stated,TCHP; Herceptin/Perjeta,"['taxane', 'platinum']",platinum;taxane,breast,breast,True,healthy thick hair,,ongoing,False,True,2024.0,hair regrowth that looks like a 90-year-old bald man after a lifetime with healthy thick hair before going into treatment,0.98
1re45ix,breastcancer,2026,relevant,self,True,True,texture_only,not_stated,Paxman; radiation,['unspecified'],radiotherapy_scalp,,not_stated,False,,,ongoing,True,True,,With Christmas approaching I had about three inches of chemo curls in rough shape,0.91
1re60xv,cancer,2026,relevant,self,True,True,thinner,not_stated,taxol and carboplatin with keytruda,"['taxane', 'platinum', 'ICI']",ICI;platinum;taxane,endometrial serous carcinoma,gynecologic_other,True,thick hair,0.5,unknown,False,False,,"I had my first dose two weeks ago... Friday, I started losing hair... Sometimes entire locks.",0.99
1rebcth,leukemia,2026,relevant,self,True,True,,not_stated,chemo; sct chemo,['unspecified'],unspecified,leukemia,leukemia,False,,,ongoing,False,False,,my hair fell out during sct chemo and I’m on day 68 and I’ve had my eyebrows fall out,0.98
1reeofk,lymphoma,2026,relevant,self,True,True,none,not_stated,ABVD chemo,"['anthracycline', 'alkylator', 'vinca']",alkylator;anthracycline;vinca,Hodgkin lymphoma,lymphoma_hodgkin,False,,,unknown,False,True,,"did ABVD chemo for pretty much one year, lost all my hair (and confidence) too",0.98
1rejb1n,breastcancer,2026,relevant,self,True,True,curlier;thicker,not_stated,DD AC-T regimen,"['anthracycline', 'alkylator', 'taxane']",alkylator;anthracycline;taxane,breast,breast,False,,,ongoing,True,True,,my hair has been growing back like a weed thick and curly!,0.94
1rexa81,lymphoma,2026,relevant,self,True,True,none,not_stated,4 rounds of R-CHOP,"['anthracycline', 'alkylator', 'vinca']",alkylator;anthracycline;vinca,NLPHL,lymphoma_hodgkin,False,,,unknown,False,False,,My hair and beard fell off,0.98
1rf3xcs,leukemia,2026,relevant,self,True,True,thinner,not_stated,induction phase of chemo,['unspecified'],unspecified,B-cell Philadelphia-positive acute lymphoblastic leukemia,leukemia,True,mid back length hair,,unknown,False,True,2026.0,My hair coming out but not in the way I was expecting. It's thinning and comes out in like 2-10 strands at a time,0.99
1rgbunf,breastcancer,2026,relevant,self,True,True,texture_only;thinner,not_stated,Verzenio,['CDK4_6i'],CDK4_6i,,not_stated,True,Hair has always been fine and slow growing.,,ongoing,False,True,,"My hair has been growing for a little more than a year, and I really hate it. It's frizzy, thin, and brittle.",0.96
1rge7x7,cancer,2026,relevant,self,True,True,texture_only,not_stated,chemo,['unspecified'],unspecified,,not_stated,True,,,ongoing,True,True,,The sides and back are sort of curly and my hair is definitely a different texture than it was.,0.94
1rgggdn,breastcancer,2026,relevant,self,True,True,none,not_stated,chemo,['unspecified'],unspecified,breast,breast,False,,8.0,ongoing,False,True,,I’m 8 months out of chemo... my hair ventures off into a strange perpendicular line from the direction of my side part.,0.88
1rghy0m,breastcancer,2026,relevant,self,True,True,thinner,not_stated,paclitaxel/abraxane,['taxane'],taxane,breast,breast,False,,,ongoing,False,True,,"My hair has not just been shedding, it's breaking and coming out in small clumps. There is so much gone from the top of my head and sides.",0.99
1rgper8,breastcancer,2026,relevant,self,True,True,thicker;thinner,not_stated,chemo > radiation > dmx with diep; zoladex; anastrozole,"['endocrine', 'unspecified']",endocrine,breast IDC,breast,True,Eyebrows were over-plucked and sparse before chemotherapy.,,ongoing,True,True,2025.0,By late December they had grown back fully and even thicker / fuller before I started chemo... Now... they have started falling out again.,0.98
1rgudje,breastcancer,2026,relevant,self,True,True,thinner,not_stated,"5 rounds of carbo/traz/abraxane; now Kadcyla, with Lupron/Tamoxifen mentioned in title","['platinum', 'taxane', 'targeted_ADC', 'endocrine']",endocrine;platinum;targeted_ADC;taxane,breast,breast,False,,0.75,ongoing,True,True,,Since probably around the time of round 3 (3 weeks ago) I've been noticing eyelashes dropping like flies! There are now noticeable gaps in my lashes,0.99
1rheamt,cancer,2026,relevant,self,True,True,thinner,not_stated,chemo,['unspecified'],unspecified,,not_stated,False,,,ongoing,False,True,,"My head looks bald with a few thin hairs hanging on for whatever reason, my eyebrows are starting to thin as well.",0.99
1ricci1,breastcancer,2026,relevant,self,True,True,thinner,not_stated,"four years on Tamoxifen, one year on Letrozole, and switched to Anastrozole a little over a year ago",['endocrine'],endocrine,breast,breast,True,My hair has always been fine,,ongoing,False,True,,"My hair has always been fine, but it's thinning further, and I'm dealing with some patchy baldness on the crown of my head",0.99
1rikrnv,lymphoma,2026,relevant,self,True,True,thinner,not_stated,6 cycles of ABVD,"['anthracycline', 'alkylator', 'vinca']",alkylator;anthracycline;vinca,lymphoma,lymphoma_nonhodgkin,False,,,ongoing,False,False,,I just finished 6 cycles of ABVD about 10 days ago! This is my hair at the end and it is still falling out.,0.97
1rj4fij,breastcancer,2026,relevant,self,True,True,thinner,not_stated,chemo; herceptian; kadcyla,"['targeted_ADC', 'unspecified']",targeted_ADC,breast,breast,False,,,ongoing,False,True,,"sitting here with little hair, one breast put into menopause",0.96
1rjf8dn,lymphoma,2026,relevant,self,True,True,patchy_regrowth;thinner,not_stated,6 rounds of ABVD chemo,"['anthracycline', 'alkylator', 'vinca']",alkylator;anthracycline;vinca,Hodgkin lymphoma,lymphoma_hodgkin,False,,,ongoing,False,False,,"It actually started regrowing during the last couple months and now my scalp is almost fully covered again on the sides and back, but it's still thin at the crown",0.99
1rk0g11,breastcancer,2026,relevant,self,True,True,thinner,not_stated,"chemo (taxol), herceptin, and tamoxifen; harder chemo (AC+taxol), radiation, herceptin, zoladex and letrozole","['taxane', 'anthracycline', 'endocrine']",anthracycline;endocrine;taxane,breast,breast,True,"Long, wavy auburn hair",,ongoing,False,True,,"I had long wavy auburn hair... My hair is fairly thick, about an inch long, but my eyebrows remain nonexistent and my lashes are thin and sparse.",0.96
1rk3lq5,breastcancer,2026,relevant,self,True,True,,not_stated,6 rounds of chemo; proton radiation therapy,['unspecified'],unspecified,breast,breast,False,,,ongoing,False,True,,"I’ve lost all my hair, 12 lbs, my self esteem, my plans, and so much more.",0.98
1rk5k0s,breastcancer,2026,relevant,self,True,True,thinner,not_stated,"EC chemo, AC to come, surgery, radiation","['anthracycline', 'alkylator']",alkylator;anthracycline,breast,breast,False,,,ongoing,True,False,,that chemo has taken my hair and energy,0.98
1rk5puy,breastcancer,2026,relevant,self,True,True,,not_stated,"EC chemo, with AC, surgery, radiation on the way","['anthracycline', 'alkylator', 'radiotherapy_scalp']",alkylator;anthracycline;radiotherapy_scalp,"breast, TNBC",breast,False,,,unknown,True,False,,I want AC to take every last hair from my body. Eyebrows? Yesterday's memory. Arm hair? A whisper from the past.,0.98
1rk7zav,breastcancer,2026,relevant,self,True,True,thinner,not_stated,"EC chemo, with AC, surgery, radiation on the way","['anthracycline', 'alkylator']",alkylator;anthracycline,breast,breast,True,"Eyebrows, arm hair, and pubic hair were present before treatment-related loss.",,ongoing,True,False,,I want AC to take every last hair from my body. Eyebrows? Yesterday's memory. Arm hair? A whisper from the past. Pubic hair? Since when.,0.97
1rkarj5,FemaleHairLoss,2026,relevant,self,True,True,straighter;texture_only,less_curl,,[],,,not_stated,True,"Once very curly hair; after cancer-related hair loss, hair grew back normal.",,ongoing,False,True,2021.0,I also noticed at some point my once very curly hair was now not holding curls and going limp.,0.96
1rkcyq6,cancer,2026,relevant,self,True,True,straighter;thinner,less_curl,4 EC + 16 Taxol,"['taxane', 'anthracycline', 'alkylator']",alkylator;anthracycline;taxane,,not_stated,True,"Cheveux bouclés, fins mais beaucoup",,ongoing,False,True,,"De base, j'avais les cheveux bouclés, fins mais beaucoup. Aujourd'hui, ils sont devenus très fins, raides, avec peu de densité",0.99
1rkeydc,testicularcancer,2026,relevant,self,True,True,patchy_regrowth,not_stated,chemo,['unspecified'],unspecified,testicular,testicular,True,Mustache was as strong as before treatment.,,ongoing,False,False,,I'm out from chemo for 2 months but my hair and beard still not recovered properly. Only my mustache came back as strong as before.,0.96
1rkrju1,breastcancer,2026,relevant,self,True,True,thinner,not_stated,TC chemo,['unspecified'],alkylator;taxane,breast,breast,False,,0.5,unknown,True,False,,my hair starting shedding today (1st infusion TC chemo 2 weeks ago tomorrow),0.98
1rkxkk5,breastcancer,2026,relevant,self,True,True,thinner,not_stated,TCx4,"['taxane', 'alkylator']",alkylator;taxane,breast,breast,True,Starting point; no texture or curl description.,,ongoing,False,True,,The hair loss ... started in earnest ~day 19 and I’m now down to ~30% of my starting point.,0.99
1rl5tr2,FemaleHairLoss,2026,relevant,self,True,True,thinner,not_stated,cervical cancer surgery/chemo/radiation,['unspecified'],unspecified,cervical cancer,gynecologic_other,False,,,ongoing,True,True,2010.0,In 2010 I had cervical cancer surgery/chemo/radiation... My hair started coming out in big clumps after the 2012 surgery.,0.88
1rm6zfg,breastcancer,2026,relevant,self,True,True,curlier,not_stated,"chemotherapy, surgery, and radiation; Verzenio, Tamoxifen, and monthly Zoladex injections","['unspecified', 'endocrine', 'CDK4_6i']",CDK4_6i;endocrine,breast,breast,False,,,ongoing,True,False,2024.0,"Yes, my hair grew back. A full head of hair, actually. Curly hair, which is quite unusual for an Asian like me",0.88
1rmd1a8,breastcancer,2026,relevant,self,True,True,texture_only;thinner,not_stated,ACT treatment,"['taxane', 'anthracycline', 'alkylator']",alkylator;anthracycline;taxane,breast,breast,True,Long and thick,3.0,ongoing,False,False,,"I'm 12 weeks post chemo... It was long and thick. Now it is around shoulders and ears, thin and brittle",0.98
1rmmjqh,breastcancer,2026,relevant,self,True,True,none,not_stated,abraxane and carbo; AC,"['taxane', 'platinum', 'anthracycline', 'alkylator']",alkylator;anthracycline;platinum;taxane,breast,breast,False,,,unknown,False,True,,"If I had hair to pull out, i would be.",0.86
1ro50ed,curlyhair,2026,relevant,self,True,True,texture_only,not_stated,chemotherapy,['unspecified'],unspecified,,not_stated,True,"Always had curly hair, usually wore it straight; hair had been damaged over the years.",,ongoing,True,False,,"I was very lucky to retain a lot of my hair naturally, however the curls are fried and need a lot of love!",0.9
1roc5sr,lymphoma,2026,relevant,self,True,True,,not_stated,3 radiation treatments and 10/12 ABVD chemo treatments,"['anthracycline', 'alkylator', 'vinca', 'unspecified']",alkylator;anthracycline;vinca,"Hodgkin lymphoma, NS subtype",lymphoma_hodgkin,False,,,unknown,True,True,2025.0,I haven't had any symptoms aside from hair loss and bone pain from my bone marrow shot I get after each chemo round.,0.98
1rp3puf,breastcancer,2026,relevant,self,True,True,thinner,not_stated,chemo,['unspecified'],unspecified,breast,breast,False,,,unknown,False,False,,"I’ve already got a little bit of hair regrowth on my head, but my brows are slowly disappearing.",0.96
1rpnd3u,ovariancancer,2026,relevant,self,True,True,none,not_stated,,[],,ovarian borderline tumour,ovarian,False,,,unknown,False,True,,"I had really bad hormonal symptoms afterwards for a long time. Hot flashes, instability, hair growth, body fat changes.",0.7
1rqrax1,breastcancer,2026,relevant,self,True,True,thinner,not_stated,ddEC + Taxol,"['anthracycline', 'alkylator', 'taxane']",alkylator;anthracycline;taxane,breast,breast,True,"thick, straight, jet-black hair",0.7,unknown,True,True,,"I used to have thick, straight, jet-black hair... By day 20 I still had maybe around 40% of it",0.99
1rr3325,curlyhair,2026,relevant,self,True,True,curlier,more_curl,chemo therapy,['unspecified'],unspecified,,not_stated,True,Never had curly hair before,11.0,ongoing,False,False,,"I’m 11ish months post chemo therapy and my hair has grown back a decent bit, it’s extremely curly. ... I’ve never had curly hair before",0.99
1rrf7dg,breastcancer,2026,relevant,self,True,True,texture_only;thinner,not_stated,Taxol,['taxane'],taxane,breast,breast,True,"Always had curls, which she wore straight; curls were also damaged postpartum.",,ongoing,True,True,,My hair is absolutely fried... now i am stuck looking like Einstein... it all look[s] even more sparse and thinner.,0.96
1ruh15k,breastcancer,2026,relevant,self,True,True,curlier;patchy_regrowth,more_curl,Finished Chemo. Finished Surgery. Finished Radiation. Finished immunotherapy.,['unspecified'],ICI,breast,breast,True,Always been curly.,,ongoing,False,False,,"It's always been curly, but my husband has been calling me Shirley Temple because of my ringlets.",0.84
1ruywct,breastcancer,2026,relevant,self,True,True,permanent_alopecia;thinner,not_stated,chemo; herceptin; estrogen blockers,"['unspecified', 'endocrine']",endocrine,breast,breast,False,,,ongoing,False,True,,"It’s been 3 years, my hair is still really thin and scalp very visible. It’s been 3 years, my eyebrows never regrew back.",0.98
1rvidpo,breastcancer,2026,relevant,self,True,True,grayer,not_stated,"4 courses of doxorubicin and cytoxan, 6-1/2 weeks radiation","['anthracycline', 'alkylator']",alkylator;anthracycline,breast,breast,False,,,unknown,False,False,2004.0,"Immediate side effects: radiation scarring and breast lymphedema, chemo brain... More gray hair.",0.99
1rw82c2,lymphoma,2026,relevant,self,True,True,thinner,not_stated,Brecadd,['unspecified'],alkylator;anthracycline;targeted_ADC,Classic Hodgkin lymphoma,lymphoma_hodgkin,False,,,ongoing,False,False,,Just before I started round two I noticed my head getting a little irritated and then I saw little hairs falling.,0.96
1rwanzz,ovariancancer,2026,relevant,self,True,True,thinner,not_stated,carbo/taxol,"['taxane', 'platinum']",platinum;taxane,ovarian clear cell carcinoma,ovarian,False,,,ongoing,False,False,,My hair has been coming out pretty bad so I buzzed my head before my last infusion,0.98
1rwcvmf,lymphoma,2026,relevant,self,True,True,straighter,less_curl,R-CHOP,"['anthracycline', 'alkylator', 'vinca']",alkylator;anthracycline;vinca,DLBCL,lymphoma_nonhodgkin,True,super curly hair,3.0,unknown,False,True,,"about three months out from my last R-CHOP cycle and my hair has started growing back, except it's STRAIGHT. Prior to DLBCL and chemotherapy I had super curly hair",1.0
1rxagrv,lymphoma,2026,relevant,self,True,True,texture_only,not_stated,chemo,['unspecified'],unspecified,lymphoma,lymphoma_nonhodgkin,False,,,ongoing,True,False,,"Thought I'd share mine, and boy is she curly! This is about 8 months of growth btw.",0.82
1rxg8ww,breastcancer,2026,relevant,self,True,True,color_change_other;curlier;thinner,less_curl,Enhertu,"['targeted_ADC', 'unspecified']",targeted_ADC,breast,breast,True,super gorgeous thick curly 3C hair,,ongoing,True,False,2024.0,My hair started growing back (i used to have super gorgeous thick curly 3C hair) I now have very thing fragile 2B hair itz a different color too,0.99
1rxqf14,breastcancer,2026,relevant,self,True,True,texture_only,not_stated,"Lupron, Keytruda, TC chemo, AC, radiation, Xeloda, and tamoxifen","['taxane', 'anthracycline', 'alkylator', 'antimetabolite', 'ICI', 'endocrine']",ICI;alkylator;anthracycline;antimetabolite;endocrine;taxane,breast (IDC),breast,True,Down-to-my-stomach length hair,,ongoing,True,True,2025.0,My hair is growing back (I have an inch of curls dangling on the back of my neck).,0.72
1rz1v4z,breastcancer,2026,relevant,self,True,True,texture_only,not_stated,chemo,['unspecified'],unspecified,breast,breast,True,Normally wears hair short; baseline texture not stated.,5.0,ongoing,True,False,,im 5 months out of chemo and my hair is coming back WILD. I looks like I just got out of a wind tunnel at all times. It is cowlick on top of cowlick.,0.9
1rzexe7,breastcancer,2026,relevant,self,True,True,permanent_alopecia,not_stated,radiation; Herceptin and Perjeta infusions; tamoxifen,"['endocrine', 'unspecified']",endocrine,breast,breast,False,,,unknown,False,True,,"I’m kinda bald, completely flat, damaged from radiation, and kinda mad about it.",0.93
1rzuagg,breastcancer,2026,relevant,self,True,True,thinner,not_stated,"did chemo, radiation and now lucrin and exemestane and Kisqali","['unspecified', 'endocrine', 'CDK4_6i']",CDK4_6i;endocrine,breast,breast,False,,,ongoing,False,True,,My iron and b12 levels keep falling which makes me shed horribly in cycles.,0.96
1s09n8k,breastcancer,2026,relevant,self,True,True,thinner,not_stated,paclitaxel; AC,"['taxane', 'anthracycline', 'alkylator']",alkylator;anthracycline;taxane,breast,breast,False,,,ongoing,True,False,,My eye lashes and brows have been falling out... Now I've noticed they're growing back already!,0.98
1s2g9nk,breastcancer,2026,relevant,self,True,True,texture_only;thinner,not_stated,"TCHP; goserelin, anastrizole, and Kadcyla","['taxane', 'platinum', 'targeted_ADC', 'endocrine']",endocrine;platinum;targeted_ADC;taxane,breast,breast,True,"Super thick, super coarse hair with ""Irish curls""; grew very fast.",,ongoing,False,True,,"It’s also thinner and, thanks to it also sticking straight out w/o leave in, I can still see my scalp. It’s also growing so slowly",0.99
1s2hoc4,breastcancer,2026,relevant,self,True,True,curlier;thicker,more_curl,TCHP 5 rounds; HP (19 total); Tamoxifan,"['taxane', 'platinum', 'endocrine']",endocrine;platinum;taxane,breast,breast,True,Stick straight hair all her life,,ongoing,True,False,,"My hair came back a super awesome wavy. As a stick straight hair girl all my life, I am thrilled. My hair is now three times thicker than it EVER was.",0.99
1s2ml39,breastcancer,2026,relevant,self,True,True,curlier;thicker,more_curl,TCHP 5 rounds; HP (19 total),"['taxane', 'platinum', 'unspecified']",platinum;taxane,breast,breast,True,Stick straight hair all her life,,ongoing,True,False,,"My hair came back a super awesome wavy. As a stick straight hair girl all my life, I am thrilled. My hair is now three times thicker than it EVER was.",0.99
1s3vk2e,breastcancer,2026,relevant,self,True,True,curlier,not_stated,Kadcyla; Tamoxifen,"['targeted_ADC', 'endocrine']",endocrine;targeted_ADC,breast,breast,True,"Long, mid-back hair; pre-treatment texture not stated.",,ongoing,True,True,,"Normalcy was finally coming back, except for my crazy, new hair. I gotta say, the chemo curls are cute!!",0.98
1s4seb1,leukemia,2026,relevant,self,True,True,none,not_stated,chemos,['unspecified'],unspecified,pediatric_ALL,leukemia,False,,,unknown,False,True,,I want my leg muscle back and my hair back.,0.89
1s5bf6p,leukemia,2026,relevant,self,True,True,none,not_stated,chemo,['unspecified'],unspecified,ALL,leukemia,False,,,ongoing,False,True,,I miss my hair and feeling pretty and good about myself. Now I just stare at old pictures of myself and when I see my bald head in the mirror I feel so so sad.,0.99
1s5bonq,breastcancer,2026,relevant,self,True,True,thinner,not_stated,"taxol, carbo, Abraxane","['taxane', 'platinum']",platinum;taxane,breast,breast,False,,,unknown,False,False,,I’m using dignicap and already starting shedding so much this week.,0.99
1s5dh7w,breastcancer,2026,relevant,self,True,True,patchy_regrowth,not_stated,docetaxel; letrozole,"['taxane', 'endocrine']",endocrine;taxane,breast,breast,False,,2.0,ongoing,False,True,,"I’m eight weeks out from my final infusion and have very patchy, fragile regrowth, less than 1/2 inch in the best spots.",0.99
1s5log4,breastcancer,2026,relevant,self,True,True,thinner,not_stated,TC chemo,"['taxane', 'alkylator']",alkylator;taxane,breast,breast,True,Has grays; otherwise baseline hair is not described.,,ongoing,False,False,,"TC chemo, cold capping with quite a bit of hair loss... I’m very eager to finish treatment and grow it back!",0.97
1s63bxb,breastcancer,2026,relevant,self,True,True,thinner,not_stated,22 rounds of radiation; Letrozole for 5 years,"['endocrine', 'unspecified']",endocrine,breast DCIS,breast,True,"Long hair, always worn up",,ongoing,False,True,,"my long hair, which I always wear up because I’m HOT, will continue to thin",0.89
1s66n2f,cancer,2026,relevant,self,True,True,none,not_stated,6 rounds of FOLFOX chemotherapy; radiation with a chemo pill,"['platinum', 'antimetabolite']",antimetabolite;platinum,rectal cancer,colorectal,False,,,unknown,False,False,,help my hair grow back,0.98
1s6nuho,lymphoma,2026,relevant,survivor_retrospective,True,True,curlier,not_stated,chemo,['unspecified'],unspecified,lymphoma,lymphoma_nonhodgkin,False,,1.0,ongoing,True,True,,Some days I hate this curly hair but mostly I'm super happy to have hair and not to wear wigs anymore.,0.86
1s6x6qr,breastcancer,2026,relevant,self,True,True,none,not_stated,TC chemo x 6 > rads x 16,"['taxane', 'alkylator']",alkylator;taxane,breast lobular carcinoma,breast,False,,,ongoing,True,True,,"It was pretty emotional to lose my hair, but once I shaved it -- it made me feel I had more control over the process.",0.99
1s6zqmn,breastcancer,2026,relevant,self,True,True,thinner,not_stated,"paclitaxel and carboplatin every week for 12 weeks, with pembrolizumab every three weeks, and then AC every three weeks for 12 weeks","['taxane', 'platinum', 'ICI', 'anthracycline', 'alkylator']",ICI;alkylator;anthracycline;platinum;taxane,breast (stage three TNBC),breast,False,,,ongoing,False,True,,"I had minimal hair loss until my second AC, after which I feel I’ve lost about 20% of my hair.",0.99
1s953aq,cancer,2026,relevant,self,True,True,,not_stated,"chemo, immuno and a stem cell transplant",['unspecified'],ICI,Hodgkin lymphoma,lymphoma_hodgkin,False,,,unknown,False,True,,At 16 that was the least of my worries (loosing my hair being number one).,0.98
1sb0sp4,breastcancer,2026,relevant,self,True,True,thinner,not_stated,TCHP,"['taxane', 'platinum']",platinum;taxane,breast,breast,False,,,ongoing,True,False,,I’m thru 2 of 6 cycles of TCHP ... right on top. No matter which way I part my hair it’s visibly thinning.,0.98
1scafyi,breastcancer,2026,relevant,self,True,True,thinner,not_stated,exemestane and ribociclib,"['endocrine', 'CDK4_6i']",CDK4_6i;endocrine,breast,breast,False,,0.17,unknown,False,True,,"On day 5 I noticed that my hair started looking strange, washed my hair and a big chunk of hair came out.",0.98
1scrh3g,breastcancer,2026,relevant,self,True,True,curlier;thicker,more_curl,chemotherapy and radiation therapy,['unspecified'],unspecified,breast,breast,True,thin and stick straight,,unknown,False,False,,Before I had breast cancer my hair was thin and stick straight. Now it's growing back thick and really curly.,1.0
1sdd31u,cancer,2026,relevant,self,True,True,thinner,not_stated,chemo,['unspecified'],unspecified,uterine cancer,gynecologic_other,True,Waist-length hair is implied by concern about growing it back to waist length.,,ongoing,False,True,,Mine started coming out a lot when brushed. ... dread the idea of it taking up to at least a year or more for mine to grow back to waist length.,0.98
1se26zm,breastcancer,2026,relevant,self,True,True,thicker,not_stated,AC-THP (4 AC x 12 Taxol/4 HP),"['taxane', 'anthracycline', 'alkylator']",alkylator;anthracycline;taxane,breast,breast,False,,1.0,ongoing,True,True,,"My hair started growing back half way through THP and it looks healthy and thick, but there’s no sign of my brows and lashes growing back.",0.96
1sezs0w,breastcancer,2026,relevant,self,True,True,grayer,not_stated,chemo,['unspecified'],unspecified,breast,breast,True,"Long, dyed brown/blonde hair.",,ongoing,False,True,,"Prior to this, I had long, dyed brown/blonde hair. It's very grey /white, which I really don't like.",0.98
1sf8tf3,breastcancer,2026,relevant,self,True,True,thinner,not_stated,chemo,['unspecified'],unspecified,breast,breast,True,Had hair long enough to wear in a ponytail or bun; texture not stated.,0.4,ongoing,False,True,,12 days after chemo... hair started coming off whenever I ran my hands through to rinse.,0.99
1sf9vo4,breastcancer,2026,relevant,self,True,True,thinner,not_stated,4 rounds of chemo; 12 to go; then radiation for 5 weeks 5 days/week,['unspecified'],unspecified,breast,breast,True,Hair previously produced grease; now it does not.,,ongoing,True,True,,"I've been cold capping to keep my hair, but it's probably about 40% gone at this point... my bald patches are spreading.",0.99
1sg46s2,breastcancer,2026,relevant,survivor_retrospective,True,True,texture_only,not_stated,,[],,breast,breast,True,beautiful like it was before,,ongoing,False,True,,my hair never came back beautiful like it was before so that was a loss but wigs exist,0.93
1sgms21,curlyhair,2026,relevant,self,True,True,straighter,less_curl,chemo,['unspecified'],unspecified,,not_stated,True,tighter curl pattern,,ongoing,False,True,,after chemo my hair suddenly turned wavy and less curly which makes me really sad,0.99
1sgs5xo,breastcancer,2026,relevant,self,True,True,,not_stated,TC chemo; endocrine therapy,"['endocrine', 'unspecified']",endocrine,breast,breast,False,,,unknown,False,True,,An old lady with no boobs and no reproductive organs and no hair and no eyebrows and no energy.,0.94
1sh297r,curlyhair,2026,relevant,self,True,True,curlier,more_curl,chemo,['unspecified'],unspecified,,not_stated,True,wavy,1.5,ongoing,True,False,2024.0,"My hair was wavy before chemo, but it definitely came back wavier. My final chemo infusion was 10/11/24, but it didn't start coming back in until 6 weeks afterwards.",0.99
1si1kzf,breastcancer,2026,relevant,self,True,True,curlier,not_stated,chemo,['unspecified'],unspecified,breast,breast,False,,,unknown,False,True,,my chemo re growth is really curly and I'm struggling with my awkward in between length,0.94
1sinv0d,cancer,2026,relevant,self,True,True,,not_stated,chemo; radiation; immunotherapy,"['radiotherapy_scalp', 'ICI']",ICI;radiotherapy_scalp,breast,breast,False,,,unknown,False,True,,"Never in my life thought I'd go fully bald, but alas, it happened :|",0.91
1sjc3vv,lymphoma,2026,relevant,self,True,True,curlier,more_curl,chemo,['unspecified'],unspecified,lymphoma,lymphoma_nonhodgkin,True,straight like a ray of light,5.0,ongoing,True,False,,My hair was straight like a ray of light. Now after 5 months since my last chemo my hair is all curled up.,0.99
1sjp8f3,breastcancer,2026,relevant,self,True,True,thinner,not_stated,TCHP ended 8/2024 and HP 05/2025,"['taxane', 'platinum', 'unspecified']",platinum;taxane,breast,breast,True,Other hair came back somewhat like before treatment.,,ongoing,False,False,2024.0,Once I started HP back it seemed to slow growth and thin a lot. I have lots of scalp showing.,0.98
1skpv9l,cancer,2026,relevant,self,True,True,permanent_alopecia,not_stated,chemo; immunotherapy,['unspecified'],ICI,endometrial,gynecologic_other,False,,4.0,ongoing,False,True,2025.0,"Its been almost 4 months and not a single hair has grown back, ANYWHERE.",0.95
1slrj8n,lymphoma,2026,relevant,self,True,True,thinner,not_stated,R-CHOP,"['anthracycline', 'alkylator', 'vinca', 'unspecified']",alkylator;anthracycline;vinca,lymphoma,lymphoma_nonhodgkin,False,,,ongoing,False,True,,After 2 weeks of shedding everywhere and clumps of hair falling out in the shower... my bald head is still shocking.,0.99
1sm1uk3,cancer,2026,relevant,self,True,True,none,not_stated,chemo,['unspecified'],unspecified,,not_stated,True,waist length curly brown hair,,unknown,False,True,,"I had beautiful, waist length curly brown hair and now it’s all gone.",0.98
1snf5ij,Hair,2026,relevant,self,True,True,straighter;thinner,less_curl,chemo,['unspecified'],unspecified,,not_stated,True,Naturally wavy/a bit curly; goes straight when blow dried.,,ongoing,False,False,,"When my hair started growing back after chemo it was initially curly, but straightened up the longer it got. It’s a bit finer than when I was younger.",0.93
1snfq5b,breastcancer,2026,relevant,self,True,True,texture_only,not_stated,zoladex and exemestane,['endocrine'],endocrine,breast,breast,False,,,ongoing,False,True,,"my side effects haven't been too bad. But I'm tired all the time, have bouts of really low mood, painful sex, no libido, dry hair, dry skin.",0.94
1snl89n,breastcancer,2026,relevant,self,True,True,permanent_alopecia,not_stated,chemo,['unspecified'],unspecified,breast,breast,False,,,ongoing,False,True,,"I’m a year post chemo... my eyebrows haven’t grown back at all! It’s still pretty short, pixie length maybe.",0.88
50hgax,breastcancer,2016,relevant,self,True,True,permanent_alopecia,not_stated,Taxotere,['taxane'],taxane,breast,breast,False,,,ongoing,False,False,,have experienced little hair regrowth (4 years last Taxotere treatment),0.96
956ddx,leukemia,2018,relevant,self,True,True,thinner,not_stated,BMT; chemo,['unspecified'],unspecified,,not_stated,True,"Before BMT, beard required shaving at least twice a week to stay neat and trimmed.",2.0,ongoing,False,True,,"The ""head"" hair grew evenly but fairly thin and whispy... it feels as if everything more or less stopped growing.",0.98
9jw77e,curlyhair,2018,relevant,self,True,True,curlier,not_stated,chemo,['unspecified'],unspecified,,not_stated,False,,,ongoing,False,True,,Chemo left me with all these curls and I don’t even know where to start? They just go so frizzy easily,0.98
acnrrr,leukemia,2019,relevant,self,True,True,thicker,not_stated,transplant/BMT,['unspecified'],unspecified,leukemia,leukemia,True,Some facial hair before transplant,,ongoing,True,False,,I had some facial hair before but now I can grow a full beard.,0.97
c6uix3,lymphoma,2019,relevant,self,True,True,grayer;thinner,not_stated,AVD plus a drug called Pembrolizumab,"['taxane', 'anthracycline', 'alkylator', 'vinca', 'ICI']",ICI;alkylator;anthracycline;taxane;vinca,lymphoma,lymphoma_nonhodgkin,True,Naturally blonde scalp hair; eyebrows and eyelashes were dark brown.,,ongoing,False,False,,"since chemo my eyebrows and eyelashes (which were once dark brown), are thinning and have almost turned white",0.99
cjwdk5,leukemia,2019,relevant,self,True,True,patchy_regrowth;thinner,not_stated,chemo,['unspecified'],unspecified,AML,leukemia,True,Loved her hair; previously shaved body hair 2–3 times a week.,,ongoing,False,True,,It is really difficult to see me head everyday with really short and thin hair and holes everywhere,0.98
dr2jhe,FemaleHairLoss,2019,relevant,survivor_retrospective,True,True,thinner,not_stated,anastrozole,['endocrine'],endocrine,breast,breast,False,,,ongoing,False,False,,"I’m experiencing thinning but I’m not sure if it’s from Hashimotos hypothyroidism, menopause, hereditary thinning, or the medication... (anastrozole, breast cancer survivor).",0.98
e5kjgh,leukemia,2019,relevant,self,True,True,thinner,not_stated,daily oral chemo (Dastanib); Fludarabine and Bulsalfan IVs,"['antimetabolite', 'alkylator', 'unspecified']",alkylator;antimetabolite,AML,leukemia,False,,,ongoing,False,False,,other then some upset tummy and minor hair thinning,0.98
eipwpi,testicularcancer,2020,relevant,self,True,True,thinner,not_stated,BEP x3,['platinum'],platinum,testicular,testicular,False,,,ongoing,False,False,,It feels as if I don't have as much hair on my head but that could be my imagination or just regular hair loss.,0.91
eizw84,testicularcancer,2020,relevant,self,True,True,color_change_other;thicker,not_stated,BEP,"['platinum', 'unspecified']",platinum,testicular,testicular,True,Short light brown beard; head-hair baseline not stated.,,ongoing,True,False,,"Prior to chemo, I maintained a short light brown beard. Currently, I have an exceptionally full and pitch black mustache.",0.97
ej2lcn,cancer,2020,relevant,self,True,True,thinner,not_stated,radiation,['unspecified'],unspecified,,not_stated,False,,,ongoing,False,True,,I started losing my hair from radiation... quite a bit came out.,0.98
ej7awj,cancer,2020,relevant,self,True,True,color_change_other;grayer;thinner,not_stated,chemo,['unspecified'],unspecified,Ewing's,sarcoma,True,thick and black,,ongoing,False,True,,"It used to be thick and black, but now it’s like this weird ash grey color and thinner than paper, and you can see my scalp at all times.",0.99
ek8uqq,cancer,2020,relevant,self,True,True,color_change_other;thicker,not_stated,chemo,['unspecified'],unspecified,lymphoma,lymphoma_nonhodgkin,True,"Had never experienced dark hair on cheeks, chin, or stomach before.",,unknown,False,True,2019.0,my hair is coming in super thick and quickly.. except it’s EVERYWHERE. I have dark hair on my cheeks/chin/stomach which i have never experienced before.,0.99
eqa5j4,curlyhair,2020,relevant,self,True,True,thinner,not_stated,chemo treatment,['unspecified'],unspecified,lymphoma,lymphoma_nonhodgkin,True,curly hair,,unknown,False,False,,My hair started falling out due to chemo treatment for lymphoma so I decided to shave it!,0.98
etgin8,cancer,2020,relevant,self,True,True,thinner,not_stated,"Gemzar, and Taxotere","['antimetabolite', 'taxane']",antimetabolite;taxane,angiosarcoma,sarcoma,False,,,ongoing,True,False,,"(Round two, onward) A bit of hair falling out - anywheres between 5-15 strands.",0.98
f0ns53,curlyhair,2020,relevant,self,True,True,curlier,more_curl,chemotherapy,['unspecified'],unspecified,Hodgkin lymphoma,lymphoma_hodgkin,True,slightly curly/wavy,,reverted,True,True,,"After, my hair came back in with ringlets I have NEVER had. My hair has always been slightly curly/wavy but nothing like my “chemo curls”.",0.99
fa4p5p,testicularcancer,2020,relevant,self,True,True,texture_only,not_stated,chemo,['unspecified'],unspecified,testicular,testicular,False,,2.0,ongoing,False,False,,hair regrew much more oily ... now I have a full head but they get oily and dirty by the day,0.98
fa8aqc,testicularcancer,2020,relevant,self,True,True,none,not_stated,one cycle of bep,['platinum'],platinum,testicular,testicular,False,,,unknown,False,False,2020.0,"And yeah i lost my haird at the end of week 2( head, beard, pubes, chest and backhair.",0.98
fadw4t,braincancer,2020,relevant,self,True,True,,not_stated,radiation therapy combined with temozolomide (120mg) for 30 days; chemotherapy (temozolomide 270mg),"['alkylator', 'radiotherapy_brain']",alkylator;radiotherapy_brain,anaplastic astrocytoma grade 3,brain_cns,False,,,unknown,False,False,,Right now during radiation I'm not facing any side effects except for losing my hair.,0.98
fbjr44,cancer,2020,relevant,self,True,True,,not_stated,TC chemo; radiation,['unspecified'],alkylator;taxane,breast,breast,False,,,unknown,False,True,2020.0,my hair is falling out right now. Seriously I woke up to a bald patch this morning on my head,0.99
fbud6y,testicularcancer,2020,relevant,self,True,True,thinner,not_stated,3xBEP,"['platinum', 'unspecified']",platinum,testicular,testicular,True,No bald spot at the crown prior to chemotherapy.,7.0,unknown,False,False,,At my crown I have a bald spot forming that wasn't there prior to chemo.,0.98
fcneys,cancer,2020,relevant,self,True,True,texture_only,not_stated,chemo,['unspecified'],unspecified,,not_stated,False,,5.0,unknown,False,True,,I’ve finished chemo 5 months ago and my hair is coming back. Right now the texture is very strange... It’s very soft.,0.98
fyl4zh,leukemia,2020,relevant,self,True,True,,not_stated,two rounds of chemo; third round of chemo; BMT,['unspecified'],unspecified,AML,leukemia,True,blonde,,ongoing,False,True,,"The only two things I could think and worry about, were 1: I was going to lose my hair",0.98
fzkfmh,Hair,2020,relevant,self,True,True,curlier;texture_only;thicker,not_stated,chemo,['unspecified'],unspecified,,not_stated,True,"Before cancer, the author says their hair was hard to look after, but does not describe its prior texture or curl pattern.",,ongoing,False,True,,"When my hair grew back- it grew back incredibly thick... like wire, as well as incredibly curly.",0.96
g0z5nj,leukemia,2020,relevant,self,True,True,permanent_alopecia,not_stated,30:days of radiation,['radiotherapy_scalp'],radiotherapy_scalp,CML; retinoblastoma; aggressive skin cancer,leukemia,False,,,permanent_reported,False,False,,I had an aggressive skin cancer on the very top of my head at age 40 which I needed a skin graft and 30:days of radiation... I can grow no hair there.,0.98
g17kwl,Hair,2020,relevant,self,True,True,texture_only;thinner,not_stated,chemo treatment; radiation,"['unspecified', 'radiotherapy_scalp']",radiotherapy_scalp,,not_stated,True,really thick dark healthy hair,,unknown,False,True,,I used to have really thick dark healthy hair. I have some of my hair left but its really thin and damaged do to radiation.,0.98
g48mag,curlyhair,2020,relevant,self,True,True,curlier,more_curl,chemo,['unspecified'],unspecified,,not_stated,True,straight hair,,ongoing,False,True,,I used to have straight hair my entire life until I lost it during chemo & it grew back 3b coil curly hair.,0.99
g5c2k5,curlyhair,2020,relevant,survivor_retrospective,True,True,curlier,not_stated,chemo,['unspecified'],unspecified,,not_stated,False,,,unknown,False,False,,Hair journey from chemo to now (little over a year),0.68
g6skxz,lymphoma,2020,relevant,self,True,True,thinner,not_stated,chemo,['unspecified'],unspecified,lymphoma,lymphoma_nonhodgkin,False,,5.0,ongoing,False,True,,"About a week after that appointment, my eyelashes and eyebrows are starting to fall out again.",0.98
g7cuzl,lymphoma,2020,relevant,self,True,True,thinner,not_stated,this particular chemo treatment,['unspecified'],unspecified,,not_stated,False,,,ongoing,False,False,,I am one of the less than 1% whose hair is thinning during this particular chemo treatment. My treatments stopped two and a half weeks ago but the hair loss continues.,0.98
g87fbn,curlyhair,2020,relevant,self,True,True,curlier,more_curl,chemo,['unspecified'],unspecified,,not_stated,True,"Long, extremely straight hair",,ongoing,False,False,,"Before chemo I had long, extremely straight hair. My hair is a about 2 - 2.5 inches long, thin, with waves and a small curl near the end.",0.99
ga82v2,cancer,2020,relevant,self,True,True,thinner,not_stated,"chemotherapy, radiotherapy and 5 years of Tamoxifen; Goserelin and Denosumab injections; CDK Inhibitors; Letrosole","['CDK4_6i', 'endocrine', 'unspecified']",CDK4_6i;endocrine,breast,breast,False,,,ongoing,False,True,,my hair is beginning to thin very noticeably and I have virtually no eyebrows or eyelashes. It is massively impacting my self confidence.,0.99
gaaskg,malehairadvice,2020,relevant,self,True,True,curlier;thinner,more_curl,chemotherapy,['unspecified'],unspecified,,not_stated,True,straight,,ongoing,False,True,,My hair used to be straight but they are curly after the chemo... I am facing hair loss and hence density at sides are very very low.,0.99
gd06ki,curlyhair,2020,relevant,self,True,True,curlier,not_stated,chemo,['unspecified'],unspecified,,not_stated,False,,,unknown,True,False,,I have chemo curls!!!!,0.94
gisuzk,cancer,2020,relevant,self,True,True,curlier;texture_only;thicker,more_curl,cancer and chemotherapy,['unspecified'],unspecified,,not_stated,True,Mostly straight or wavy,,ongoing,True,False,,"My hair is a different texture, and it's curly now rather than mostly straight or wavy.",0.99
gm5x0s,cancer,2020,relevant,self,True,True,texture_only,not_stated,post chemo,['unspecified'],unspecified,,not_stated,False,,,ongoing,False,True,,Will post chemo hair ever stop being oily? Every time I wake up I look like I didn't shower for days,0.94
gu8t0j,leukemia,2020,relevant,self,True,True,,not_stated,"steroids (1 week on, 1 week off) 4 rounds of chemotherapy (daumarunicin, vincristine) as well as IT chemo","['anthracycline', 'vinca', 'unspecified']",anthracycline;vinca,"B-cell acute lymphoblastic leukemia, Ph-",leukemia,False,,,ongoing,False,True,2020.0,"I can deal with the hair loss (starting to lose more and more, planning to shave it next week)",0.99
gvhhjk,curlyhair,2020,relevant,self,True,True,curlier;thinner,more_curl,chemotherapy,['unspecified'],unspecified,,not_stated,True,Naturally wavy; usually kept short or buzzed.,,ongoing,False,False,,"my hair before cancer was naturally wavy... now that i’m on remission and my hair has grown out, my hair became SUPER curly",0.99
gy5bxf,cancer,2020,relevant,self,True,True,thinner,not_stated,carboplatin; cisplatin,['platinum'],platinum,,not_stated,False,,,unknown,False,False,,I have previously received cisplatin and only had thinning,0.98
gymbvr,lymphoma,2020,relevant,self,True,True,thinner,not_stated,chemo,['unspecified'],unspecified,HL,lymphoma_hodgkin,True,long thick curly hair,,ongoing,False,True,,"I used to have long thick curly hair, now ive been dealing with this really thin hair on my head.",0.99
h7y2ou,testicularcancer,2020,relevant,self,True,True,thinner,not_stated,1x carboplatin chemo,['platinum'],platinum,testicular cancer (seminoma),testicular,False,,7.0,unknown,False,False,,"Just now, though I seem to be shedding hair at a rapid rate, non male pattern baldness",0.98
hbuc7i,lymphoma,2020,relevant,self,True,True,texture_only;thinner,not_stated,12 infusions of ABVD,"['anthracycline', 'vinca', 'alkylator']",alkylator;anthracycline;vinca,classical Hodgkin lymphoma (CHL),lymphoma_hodgkin,True,"Very thick, waist-long hair",,ongoing,False,True,,"I used to have very thick, waist long hair... now it’s incredibly fine and wispy, curly and very short.",0.98
heui8d,FemaleHairLoss,2020,relevant,self,True,True,permanent_alopecia,not_stated,very high levels of radiation (and chemo...) to my head,"['radiotherapy_brain', 'unspecified']",radiotherapy_brain,brain tumor,brain_cns,False,,84.0,ongoing,True,True,,"7 years later and I’m losing more, worse than ever. My hair loss is midline of skull over to right ear entire area almost to crown.",0.96
hhx5yr,breastcancer,2020,relevant,self,True,True,none,not_stated,chemotherapy with taxol; dexamethasone,['taxane'],taxane,breast,breast,True,long thick hair; usually long dark body hair,,unknown,True,True,,"Knowing I would get bald during chemo... Only during chemo I realised that ""loosing hair"" is not only about scalp hair, but body hair as well.",0.98
hl8t10,cancer,2020,relevant,self,True,True,patchy_regrowth,not_stated,radiation for brain cancer; chemo regimen unspecified,"['radiotherapy_brain', 'unspecified']",radiotherapy_brain,brain cancer,brain_cns,True,Had hair around the original hairline before treatment; texture not stated.,,ongoing,False,True,,I am noticing pretty substantial new growth in some areas... but there are some areas that just won’t fill in.,0.98
hqdkx9,cancer,2020,relevant,self,True,True,none,not_stated,chemotherapy,['unspecified'],unspecified,classical Hodgkins Lymphoma,lymphoma_hodgkin,False,,,ongoing,False,False,,I have lost most my hair but sort of have a peach fuzz covering my head.,0.99
htaba8,breastcancer,2020,relevant,self,True,True,none,no_curl_change,chemo; one chemo med,['unspecified'],unspecified,breast,breast,True,Hair was down to the middle of her back and really thick.,,ongoing,True,True,,"My last chemo was 12/27 so I’m about 6.5 months out now, and my hair is growing back. It’s the same color, and still mostly straight.",0.98
hupc8f,curlyhair,2020,relevant,self,True,True,curlier,more_curl,chemotherapy,['unspecified'],unspecified,,not_stated,True,Old hair was wavy and frizzy.,,ongoing,True,True,2017.0,I was lucky enough to have chemo curls grow in... my old hair used to be so wavy and frizzy.,0.98
hwkkug,lymphoma,2020,relevant,self,True,True,patchy_regrowth;thinner,not_stated,"6 rounds of R-Epoch chemo, as well as intrathecal injections for preventative measures","['anthracycline', 'alkylator', 'vinca', 'unspecified']",alkylator;anthracycline;vinca,stage 4 Non-Hodgkin lymphoma,lymphoma_nonhodgkin,True,Extremely thick hair; describes having shoulder-length curls.,,ongoing,False,True,,When my hair grew back... large patches ... especially thin at the crown ... and the sides. My hair is even patchy and thin still all over my entire body,0.98
hwklgy,cancer,2020,relevant,self,True,True,patchy_regrowth;thinner,not_stated,"6 rounds of R-Epoch chemo, as well as intrathecal injections","['anthracycline', 'alkylator', 'vinca']",alkylator;anthracycline;vinca,Non-Hodgkins lymphoma,lymphoma_nonhodgkin,True,Extremely thick hair; previously had shoulder-length curls.,,ongoing,False,True,,"When my hair grew back... large patches ... especially thin at the crown of my head, and the sides. My hair is even patchy and thin still",0.99
hwsam8,curlyhair,2020,relevant,self,True,True,curlier,more_curl,chemo,['unspecified'],unspecified,,not_stated,True,straight long hair,,ongoing,False,True,,I had straight long hair and now it’s short and curly! Quite a change.,0.99
i50jz6,breastcancer,2020,relevant,self,True,True,,not_stated,"6 treatments with chemo, and then continued immunotherapy until October of 2019; 25 total radiation treatments",['unspecified'],ICI,breast,breast,False,,,unknown,False,True,2018.0,Started chemo in October 2018 – 6 treatments with chemo... Lost my hair and was REALLY sick for all of chemo.,0.98
i6j2cq,cancer,2020,relevant,self,True,True,color_change_other,not_stated,chemotherapy,['unspecified'],unspecified,,not_stated,True,"Light brown hair; less facial and body hair, with slower facial-hair regrowth.",,ongoing,True,False,,It used to be light brown but now it's pure black... the hair is definitely growing faster.,0.98
i81ymv,curlyhair,2020,relevant,self,True,True,straighter;texture_only,less_curl,immunotherapy infusion treatment,['unspecified'],ICI,Castleman's Disease,other,True,2b to 2c waves that formed with washing and air drying; hair was fine and still wavy despite prior hair shedding,,ongoing,False,False,,Before starting treatment I had 2b to 2c waves... Now my hair is barely 2a... does not want to hold a wave or curl.,0.98
ias2xu,curlyhair,2020,relevant,self,True,True,texture_only;thinner,not_stated,a year of cancer immunotherapy,['ICI'],ICI,,not_stated,True,Naturally curly,,unknown,False,True,2016.0,"Naturally curly, thin after a year of cancer immunotherapy in 2016, bald spot in the back, curls, straight, flat, doesn't clump",0.94
ihrtiz,cancer,2020,relevant,self,True,True,color_change_other;thinner,not_stated,VDC/IE Chemo,"['vinca', 'anthracycline', 'alkylator', 'unspecified']",alkylator;anthracycline;vinca,Ewing sarcoma,sarcoma,False,,,ongoing,False,True,,My hair is very thin and a different color even so far removed from treatment. The hair all over my body is also thinner.,0.99
ip5zdc,cancer,2020,relevant,self,True,True,none,not_stated,three rounds of safety chemo,['unspecified'],unspecified,ovarian,ovarian,True,"beautiful, bouncy, black, curls",,ongoing,False,True,,"Before chemo I had beautiful, bouncy, black, curls. They were my biggest source of confidence... I lost it all so fast.",0.99
ip64qf,breastcancer,2020,relevant,self,True,True,thinner,not_stated,"Ibrance, Letrozole","['CDK4_6i', 'endocrine']",CDK4_6i;endocrine,breast,breast,True,Hair had previously grown back thicker and better after IV chemotherapy.,,ongoing,False,True,,My hair has thinned out immensely this second time around.,0.99
ipfgpl,testicularcancer,2020,relevant,self,True,True,,not_stated,"BEP x 3, altered to EP x 4 after one cycle",['platinum'],platinum,testicular,testicular,False,,,unknown,False,False,,I learned that eyelashes were the hair that I missed the most.,0.94
ir0n2d,braincancer,2020,relevant,self,True,True,thinner,not_stated,30 treatments of radiation; temozolimide(Temodar) pills,"['radiotherapy_brain', 'alkylator']",alkylator;radiotherapy_brain,DIPG (brainstem tumor),brain_cns,False,,,unknown,False,False,2019.0,"I lost a little bit of hair around my ears on my head, but nothing else. ... I did not lose any hair during chemotherapy.",0.98
ivd7zo,breastcancer,2020,relevant,self,True,True,patchy_regrowth;thinner,not_stated,whole brain radiation therapy (WBRT); gamma knife radiation,['radiotherapy_brain'],radiotherapy_brain,breast,breast,False,,,ongoing,False,False,2020.0,"I lost all my hair from that procedure. My hair is coming back now but, in the gamma knife spot, my hair grows in thin and the rest of it is thick.",0.99
ixmql8,leukemia,2020,relevant,self,True,True,none,not_stated,total body radiation,['unspecified'],unspecified,leukemia,leukemia,False,,,unknown,False,True,,"I'm currently in the hospital on Day +11 after a SCT including total body radiation, and I noticed my buzzed hair can come off if I tug it off.",0.99
iy0do0,testicularcancer,2020,relevant,self,True,True,color_change_other;curlier;texture_only,more_curl,chemo,['unspecified'],unspecified,testicular,testicular,True,"Very dark brown, almost black, and incredibly straight.",1.0,ongoing,True,False,,"Before the whole ordeal I had very dark brown almost black hair, and it was incredibly straight... Now... much lighter brown, and... incredibly curly and lively.",0.99
izl284,cancer,2020,relevant,self,True,True,,not_stated,"chemo, radiation, surgery, Kadcyla","['targeted_ADC', 'unspecified']",targeted_ADC,breast,breast,False,,5.0,ongoing,False,False,,It’s been about five months post chemo. The hair on my head is growing like crazy but my eyelashes and eyebrows seem stunted.,0.96
j03riz,cancer,2020,relevant,self,True,True,,not_stated,chemo,['unspecified'],unspecified,HL,lymphoma_hodgkin,False,,4.0,ongoing,True,False,,I've also noticed my body hair has started to fall out again... I've stopped wearing tight clothes but it isn't growing back.,0.94
j03u29,lymphoma,2020,relevant,self,True,True,patchy_regrowth,not_stated,chemo,['unspecified'],unspecified,Hodgkin lymphoma,lymphoma_hodgkin,False,,4.0,ongoing,False,True,,I've started noticing patches in my beard and above my lip... My body hair has started to fall out again... it isn't growing back.,0.93
j8retu,cancer,2020,relevant,survivor_retrospective,True,True,thinner,not_stated,chemo,['unspecified'],unspecified,ovarian immature teratoma,ovarian,False,,,ongoing,False,False,2013.0,"I've noticed over the last year I am losing a -lot- of hair every day, and my hair is visibly much thinner than it used to be.",0.98
jc4emc,cancer,2020,relevant,self,True,True,curlier,more_curl,Chemo,['unspecified'],unspecified,,not_stated,True,straight hair,,ongoing,False,False,,I have always had straight hair so I have no idea how I should take care of my hair; it’s the biggest ball of curls.,0.99
jgr6rs,curlyhair,2020,relevant,self,True,True,curlier,more_curl,chemo,['unspecified'],unspecified,,not_stated,True,dead straight hair,,unknown,False,False,,"My hair grew back sort of curly after I lost most to chemo, and having previously only had dead straight hair",0.99
jnqlto,breastcancer,2020,relevant,self,True,True,color_change_other,not_stated,chemo; radiation,['unspecified'],unspecified,breast,breast,False,,,unknown,False,True,,I now have dark hair growing on my face ... I hate it!,0.98
jtqpxf,testicularcancer,2020,relevant,self,True,True,color_change_other;thinner,not_stated,3x BEP,['platinum'],platinum,testicular,testicular,True,dark haired,5.0,ongoing,False,True,,my regrowth is very thin and patches where the hairs seem to have lost most or all pigment,0.98
juzkt6,testicularcancer,2020,relevant,self,True,True,patchy_regrowth,not_stated,chemo,['unspecified'],unspecified,testicular,testicular,False,,3.0,ongoing,True,True,,I am almost officially 3 months post-chemo... I fear if I shave it off now I’ll lose any potential curly hair I might develop.,0.93
k3hmwf,cancer,2020,relevant,self,True,True,curlier,more_curl,chemotherapy,['unspecified'],unspecified,,not_stated,True,Always naturally straight,,ongoing,False,False,2019.0,It's been over a year now and I noticed that my hair is WAY more curly/wavy then before I had cancer. My hair was always naturally straight.,0.99
kcs99y,thyroidcancer,2020,relevant,self,True,True,thinner,not_stated,RAI treatment,['unspecified'],unspecified,thyroid,other,False,,,ongoing,False,True,,"I've been losing my hair for the past few weeks and it seems to be getting worse, rather than better.",0.98
kjdhv3,cancer,2020,relevant,self,True,True,thinner,not_stated,"abvd, cisplatin+2 other drugs that I’m blanking on the name of, beam (stem cell transplant), radiation and brentuximab","['anthracycline', 'platinum', 'vinca', 'alkylator', 'antimetabolite', 'targeted_ADC', 'unspecified']",alkylator;anthracycline;antimetabolite;platinum;targeted_ADC;vinca,Hodgkin’s lymphoma,lymphoma_hodgkin,True,Had hair before treatment; texture and curl pattern not stated.,,ongoing,False,False,,"Now I’ve finished my final dose of brentuximab with no hair loss through any of it but now after 10 months of this treatment, my hair has been falling out in clumps",0.98
kpb7uq,breastcancer,2021,relevant,self,True,True,permanent_alopecia,not_stated,"herceptin, carboplatin and taxotere","['taxane', 'platinum']",platinum;taxane,breast,breast,False,,,permanent_reported,False,True,2017.0,I probably have about 25% of my hair back. It’s completely different... severe and seemingly permanent hair loss.,0.98
ku84aa,cancer,2021,relevant,self,True,True,thinner,not_stated,ABVD,"['anthracycline', 'alkylator', 'vinca']",alkylator;anthracycline;vinca,,not_stated,False,,,ongoing,False,True,,losing my eyelashes and eyebrows are next level- it sucks...,0.97
kvl2g7,testicularcancer,2021,relevant,self,True,True,none,not_stated,"4 cycles of BEP (bleomycin, etoposide, and cisplatin)",['platinum'],platinum,testicular cancer (pure seminoma),testicular,False,,,unknown,False,False,2020.0,I lost my hair.,0.98
l3wwd3,thyroidcancer,2021,relevant,self,True,True,thinner,not_stated,TT in October,[],,thyroid,other,False,,,ongoing,False,False,,"losing a ton of hair (idk, stress?)",0.94
l4g5to,curlyhair,2021,relevant,self,True,True,curlier,more_curl,chemo,['unspecified'],unspecified,,not_stated,True,Hair was not described as curly before treatment.,9.0,ongoing,False,True,,9 months post chemo and my hair started to curl pretty much over night. right now I feel like I have old lady short permed hairstyle,0.95
l8qd9j,curlyhair,2021,relevant,self,True,True,curlier,more_curl,chemo,['unspecified'],unspecified,,not_stated,True,straight hair,,ongoing,True,False,,"30yrs of having straight hair, now i have chemo curls. After two yrs I think I've finally got my routine down.",0.99
l9qnvr,curlyhair,2021,relevant,self,True,True,curlier;grayer,more_curl,chemo,['unspecified'],unspecified,,not_stated,True,type 1 hair,,ongoing,True,False,,"At first it appeared it was going to be the same texture as before (but with far more greys), but now it seems I am getting chemo curls!",0.99
lgkekm,breastcancer,2021,relevant,self,True,True,color_change_other,not_stated,chemotherapy,['unspecified'],unspecified,breast,breast,True,strawberry blonde (def more strawberry),,unknown,False,False,,My hair used to be strawberry blonde (def more strawberry) and it’s growing back in blonde?!,0.99
li7mx4,cancer,2021,relevant,self,True,True,none,not_stated,ABVD,"['anthracycline', 'alkylator', 'vinca']",alkylator;anthracycline;vinca,Hodgkin lymphoma,lymphoma_hodgkin,True,Long curly hair,,ongoing,False,True,2020.0,I used to have long curly hair... I've completed 2 cycles (4 sessions) and I've lost my hair,0.99
ll9nk0,testicularcancer,2021,relevant,self,True,True,color_change_other;curlier,more_curl,3xBEP,['platinum'],platinum,testicular,testicular,True,Head hair was stock straight before treatment; facial hair grew back the same initially.,5.5,unknown,False,True,,when it started to grow back in it was curly when it used to be stock straight! ... my mustache had turned blond,0.99
lniobw,Hair,2021,relevant,self,True,True,color_change_other,not_stated,chemo,['unspecified'],unspecified,,not_stated,True,Hair was lighter in color before chemotherapy than afterward.,,ongoing,False,True,,I noticed post chemo ... my hair color naturally got maybe 1-2 shades darker,0.94
lr5e8u,testicularcancer,2021,relevant,self,True,True,thinner,not_stated,BEP x3,['platinum'],platinum,testicular,testicular,False,,,unknown,False,False,,I just noticed my hair is starting to fall out as well.,0.99
ls81kf,lymphoma,2021,relevant,self,True,True,none,not_stated,R-ICE,"['alkylator', 'platinum', 'unspecified']",alkylator;platinum,lymphoma,lymphoma_nonhodgkin,False,,,ongoing,False,False,,"The first course shrunk my mass considerably, took most of my hair... as some of it is starting to grow back now.",0.98
ltiomm,leukemia,2021,relevant,self,True,True,thinner,not_stated,"daily 6MP, weekly Methotrexate and monthly vincristine","['antimetabolite', 'vinca']",antimetabolite;vinca,,not_stated,True,"Hair previously grew 2–3 times faster, reaching haircut length sooner.",,unknown,False,False,,I have a full head of hair however it feels super thin on top and some falls out when I comb it. It is also taking months for it to grow,0.98
lttggt,leukemia,2021,relevant,self,True,True,none,not_stated,Dana Farber protocol,['unspecified'],unspecified,B-cell ALL,leukemia,False,,,reverted,False,True,,At one point early on (about 1 month in) it was falling out in the shower and I shaved my head but it completely grew back in a few weeks,0.96
lvranx,FemaleHairLoss,2021,relevant,self,True,True,thinner,not_stated,chemo/radiation,['unspecified'],unspecified,,not_stated,False,,33.0,ongoing,True,False,,"three years past chemo/radiation. My hair came back great. Over the past three months, my hair is thinning, a lot.",0.94
lvud5w,cancer,2021,relevant,self,True,True,thinner,not_stated,chemo,['unspecified'],unspecified,brain tumor,brain_cns,True,Had head hair and body hair before treatment; head hair subsequently fell out and body hair thinned.,,ongoing,False,True,,After my first cycle it only took a week for my hair on my head to fall off and hair in many other places to thin.,0.99
lyuscf,Hair,2021,relevant,self,True,True,patchy_regrowth,not_stated,radiation aimed toward my head,['radiotherapy_brain'],radiotherapy_brain,brain tumor,brain_cns,True,Hair went halfway down my chest before radiation.,,ongoing,True,True,2016.0,"It is growing very, very slowly but after 5 years it is only at shoulder length, where as it went half way down my chest before radiation.",0.98
m1sszk,cancer,2021,relevant,self,True,True,color_change_other;thinner,not_stated,8 rounds of chemo (Folfox),"['platinum', 'antimetabolite']",antimetabolite;platinum,,not_stated,True,dark brown hair,,ongoing,False,True,,my dark brown hair is growing in a very pale BLONDE at the roots,0.99
m2dzoi,cancer,2021,relevant,survivor_retrospective,True,True,permanent_alopecia,not_stated,"I did chemo,then had surgery and then chemo again. Lastly I did some radiation aswell.",['unspecified'],unspecified,Ewing Sarcoma,sarcoma,False,,,permanent_reported,False,True,,My hair never came back,0.98
m3jhjz,cancer,2021,relevant,survivor_retrospective,True,True,permanent_alopecia,not_stated,chemotherapy,['unspecified'],unspecified,,not_stated,False,,,permanent_reported,True,True,,"I lost my hair due to chemotherapy. Sometimes when you’re done with chemotherapy, they grow back up. Not the case for me.",0.98
m5nn04,testicularcancer,2021,relevant,self,True,True,none,not_stated,gemox,"['platinum', 'antimetabolite']",antimetabolite;platinum,testicular,testicular,False,,,reverted,True,False,,just as my hair was all finally back to normal. Yay.,0.86
maok5e,breastcancer,2021,relevant,self,True,True,permanent_alopecia,not_stated,chemo,['unspecified'],unspecified,breast,breast,False,,,unknown,False,True,,Please tell me that the hair on the TOP of my head will most likely come back too.,0.79
maxwyb,lymphoma,2021,relevant,self,True,True,thinner,not_stated,chemo,['unspecified'],unspecified,lymphoma,lymphoma_nonhodgkin,True,thick,,ongoing,False,False,,My hair came back but not as thick as pre chemo.,0.98
mg0xnl,lymphoma,2021,relevant,self,True,True,curlier,not_stated,chemo,['unspecified'],unspecified,lymphoma,lymphoma_nonhodgkin,False,,,unknown,True,False,,I really like the way my hair has regrown,0.78
mg3ami,lymphoma,2021,relevant,survivor_retrospective,True,True,texture_only,not_stated,6 months of AAVD,"['targeted_ADC', 'anthracycline', 'vinca', 'alkylator']",alkylator;anthracycline;targeted_ADC;vinca,Hodgkin lymphoma,lymphoma_hodgkin,True,"really long, flowing hair",,ongoing,False,True,,"Before chemo, I had really long, flowing hair... Now - well, I'm no longer bald, but my hair is still super short and crazy",0.94
ml0ihl,curlyhair,2021,relevant,self,True,True,texture_only,not_stated,chemo,['unspecified'],unspecified,,not_stated,False,,,ongoing,False,True,,I'm growing in chemo curls... I've noticed a series of very very short hairs in the front.,0.86
mltutg,lymphoma,2021,relevant,self,True,True,straighter;thinner,less_curl,"4 cycles of ABVD, followed by 18 days of radiation treatment to my armpit and neck","['anthracycline', 'alkylator', 'vinca']",alkylator;anthracycline;vinca,Hodgkin lymphoma,lymphoma_hodgkin,True,Hair later returned to normal thickness but was straighter than before treatment; other baseline characteristics unstated.,,ongoing,True,True,2018.0,6 months after treatment my hair was back to normal thickness (although straighter) ... but front two inches are still thin and do not grow at the same rate,0.97
mwh85c,breastcancer,2021,relevant,self,True,True,,not_stated,Chemo,['unspecified'],unspecified,breast,breast,True,waist-long hair with curls,,unknown,True,True,,"Chemo's been working its magic as my waist-long hair has been rapidly falling out, so it was time to bid my curls farewell for now.",0.99
n3erfz,lymphoma,2021,relevant,self,True,True,thinner,not_stated,6 months of AAVD (ABVD modified w/ brentiximab due to covid) chemo,"['taxane', 'anthracycline', 'alkylator', 'vinca', 'targeted_ADC']",alkylator;anthracycline;targeted_ADC;taxane;vinca,CHL (classical Hodgkin lymphoma),lymphoma_hodgkin,False,,,ongoing,False,False,,I lost most of my hair following the second infusion and currently only have wispy baby hair on my head.,0.98
n5j3o2,testicularcancer,2021,relevant,self,True,True,thicker,not_stated,3x BEP,"['platinum', 'unspecified']",platinum,testicular,testicular,True,Standard brown hair; facial and chest hair were less abundant before chemo.,,unknown,False,False,,I would swear that my facial hair and chest hair is more abundant than before,0.96
nanxc1,breastcancer,2021,relevant,self,True,True,texture_only,not_stated,chemo,['unspecified'],unspecified,breast,breast,False,,,unknown,True,False,,My hair now has the consistency and texture of a Brillo pad.,0.94
nc993y,testicularcancer,2021,relevant,self,True,True,none,not_stated,3X BEP,['platinum'],platinum,testicular,testicular,False,,,ongoing,False,False,2020.0,"Fast forward a few months, it seems that my pubic hair has stopped growing.",0.98
nftyl1,cancer,2021,relevant,self,True,True,patchy_regrowth;thinner,not_stated,chemo,['unspecified'],unspecified,,not_stated,False,,,ongoing,False,False,2020.0,My body hair all over started thinning... A few weeks ago I noticed a bald spot on the top of my head which has started to grow in again,0.98
ngln9g,Hair,2021,relevant,self,True,True,curlier;texture_only,more_curl,chemo,['unspecified'],unspecified,,not_stated,True,"Straight, totally straight; air-dried hair was flat.",,ongoing,True,True,,"For 29 years I had straight hair... Then I had cancer, and went through chemo... my hair grew back quite wavy. It seems to be dryer now, and frizzes up.",0.99
nip3c9,testicularcancer,2021,relevant,self,True,True,thinner,not_stated,1xBEP,['platinum'],platinum,testicular nonseminoma,testicular,False,,,ongoing,False,False,2021.0,"I am now finished Chemotherapy, and my hair is starting to grow back, it is very thin and like baby hair!",0.98
nk7oyj,lymphoma,2021,relevant,self,True,True,thinner,not_stated,ABVD,"['anthracycline', 'alkylator', 'vinca']",alkylator;anthracycline;vinca,NHL,lymphoma_nonhodgkin,True,"A lot of very fine blonde hair, shoulder length",,ongoing,True,True,,My hair is definitely thinning about half volume at this point. (I normally have a lot of very fine blonde hair),0.99
nlsjo2,cancer,2021,relevant,self,True,True,thicker;thinner,not_stated,chemo,['unspecified'],unspecified,,not_stated,True,Super long hair; was growing it out before cancer.,,ongoing,True,True,,"Before cancer... got chemo, and my hair hella thinned out to almost being non-existent on my head. It's been about 2 years since chemo. My hair has started growing back out again, nice and thick.",0.98
nm52v7,coloncancer,2021,relevant,self,True,True,thinner,not_stated,Folfuri and Avastin; Folfox with Avastin; radiotherapy,"['platinum', 'antimetabolite', 'unspecified']",antimetabolite;platinum,colorectal,colorectal,False,,,unknown,False,True,,I'd take the hair loss and throwing up and diarrhea from the Folfuri over the Folfox.,0.91
nskv49,glioblastoma,2021,relevant,self,True,True,none,not_stated,30 radiation and 42 TMZ treatments,"['alkylator', 'radiotherapy_brain']",alkylator;radiotherapy_brain,GBM,brain_cns,False,,,unknown,True,False,,Had some Zofran side effects and hair loss but overall got thru ok.,0.97
nt4vyo,lymphoma,2021,relevant,self,True,True,thinner,not_stated,,[],,Burkitt lymphoma,lymphoma_nonhodgkin,False,,,ongoing,False,False,2020.0,I have been feeling great and more like my old self (besides becoming out of shape and having less hair but I’ll take it).,0.98
nxt9ab,testicularcancer,2021,relevant,self,True,True,thinner,not_stated,4xEP,['platinum'],platinum,testicular seminoma,testicular,True,Had a beard and mustache; described his beard as glorious.,,ongoing,True,False,,2 weeks after my first infusion ... I had so much hair in my mouth ... essentially ate half my mustache ... got rid of my beard ... bicd my head.,0.98
o54w5s,thyroidcancer,2021,relevant,self,True,True,thicker;thinner,not_stated,Iodine Radiation,['unspecified'],unspecified,thyroid,other,False,,,reverted,True,False,2015.0,"constant thinning hair... My energy came back, my hair grew in thick and long",0.94
oj6g0e,curlyhair,2021,relevant,self,True,True,texture_only;thinner,not_stated,chemo,['unspecified'],unspecified,,not_stated,True,thick & coarse,,ongoing,True,False,,"After chemo 3 years ago, my hair texture completely changed-now very thin, low density & fine (from thick & coarse).",0.98
or9lw2,lymphoma,2021,relevant,self,True,True,thinner,not_stated,ABVD,"['anthracycline', 'alkylator', 'vinca']",alkylator;anthracycline;vinca,Hodgkin lymphoma,lymphoma_hodgkin,True,pre-treatment pixie haircut,,ongoing,False,True,,"Yesterday my hair started falling out, but still not in clumps... I did get myself pre-treatment pixie, but it's still traumatizing seeing it fall out so easily.",0.99
osmjly,braincancer,2021,relevant,self,True,True,none,not_stated,30 days of Radiation with 42 days of TMZ,"['alkylator', 'radiotherapy_brain']",alkylator;radiotherapy_brain,GBM,brain_cns,False,,,ongoing,False,False,,During radiation loss hair where radiation applied.,0.99
ozc41r,testicularcancer,2021,relevant,self,True,True,color_change_other,not_stated,Chemo,['unspecified'],unspecified,testicular,testicular,True,bright orange/redhead,,unknown,False,True,,Chemo changed my hair from bright orange to a dirty blond/brown color. I miss being a redhead.,0.99
p3vqrz,braincancer,2021,relevant,survivor_retrospective,True,True,,not_stated,Radiotherapy (nov-dec 2020),['radiotherapy_brain'],radiotherapy_brain,astrocytoma,brain_cns,False,,,unknown,False,False,2020.0,"I did mention during RT that I was taking some ""medicine"" that would make me lose some hair",0.84
pcu7zu,breastcancer,2021,relevant,self,True,True,,not_stated,chemotherapy,['unspecified'],unspecified,breast,breast,False,,,unknown,False,True,,"I feel like I will become even more unattractive to him now that I’ve lost my boobs, hair and now my estrogen.",0.98
pdydsg,braincancer,2021,relevant,self,True,True,permanent_alopecia,not_stated,6 weeks of high dosage radiation,['radiotherapy_brain'],radiotherapy_brain,malignant brain tumour,brain_cns,False,,,unknown,False,False,,"Lost my hair completely on one side. But other than that, have not had any issues until now.",0.95
pkmbvr,thyroidcancer,2021,relevant,self,True,True,none,not_stated,half thyroid removal in May,[],,follicular thyroid cancer,other,False,,0.0,unknown,False,True,,Right after that most of my hair fell out. ... I told him my hair all came out,0.98
pr00k7,curlyhair,2021,relevant,self,True,True,texture_only;thinner,not_stated,chemo,['unspecified'],unspecified,,not_stated,True,once beautiful curly hair,,ongoing,False,True,,"After chemo (5 years ago) and pregnancy (1year ago), my once beautiful curly hair is a brittle breaking mess.",0.97
pu5sq3,testicularcancer,2021,relevant,self,True,True,thinner,not_stated,3xBEP,['platinum'],platinum,testicular,testicular,False,,,ongoing,False,False,,"I am 9 months out of 3xBEP, and color and texture is all the same but the whole top of my head is thin compared to the rest.",0.96
pwz1sf,braincancer,2021,relevant,self,True,True,,not_stated,Temozolomide and radiation,"['alkylator', 'radiotherapy_brain']",alkylator;radiotherapy_brain,brain tumor,brain_cns,True,Waist-length blonde hair for almost 30 years,,unknown,True,True,,I seriously miss the waist-length blonde hair I had for almost 30 years... To have it gone felt like someone took away my security blanket.,0.96
pz156r,braincancer,2021,relevant,self,True,True,none,not_stated,radiation treatments,['radiotherapy_brain'],radiotherapy_brain,brain,brain_cns,False,,,ongoing,False,False,,I am losing hair at the treatment site as of this week.,0.98
q3d1a3,testicularcancer,2021,relevant,self,True,True,color_change_other;patchy_regrowth;thinner,not_stated,3 BEP chemo cycles,"['platinum', 'unspecified']",platinum,testicular,testicular,True,Normal beard,6.0,unknown,False,False,,6 months since the end of my 3 BEP chemo cycles... really thin on the sides and darker in other spots,0.98
q501fg,lymphoma,2021,relevant,self,True,True,thinner,not_stated,R-CHOP,"['anthracycline', 'alkylator', 'vinca']",alkylator;anthracycline;vinca,lymphoma,lymphoma_nonhodgkin,True,Had shaved their head for the last couple of years but kept a beard.,,ongoing,False,True,,I had started losing my hair over the last week. It started coming out in earnest three days before treatment 2. It was really patchy and thin.,0.99
q6ycag,HairLoss,2021,relevant,self,True,True,thinner,not_stated,radiation,['radiotherapy_scalp'],radiotherapy_scalp,,not_stated,False,,,unknown,True,False,,"Hair loss from radiation... I don’t mind the fact that hair loss is occurring, but why does Mother Nature specifically want me to have a bowl cut?",0.96
q9p7ao,lymphoma,2021,relevant,self,True,True,,not_stated,4 cycles of RChop,"['anthracycline', 'alkylator', 'vinca']",alkylator;anthracycline;vinca,DLBCL,lymphoma_nonhodgkin,True,thick hair,0.56,ongoing,False,False,,My hair did start falling out at around day 17 or so after the 1st treatment,0.99
qcfxwa,coloncancer,2021,relevant,self,True,True,thinner,not_stated,four rounds (16 weeks) of XELOX (Xeloda (IV) and Capecitabine (pill-based) chemotherapy),"['platinum', 'antimetabolite']",antimetabolite;platinum,colon,colorectal,False,,,ongoing,True,False,,Residual side effects of the XELOX include thinning of the hair,0.99
qelk31,breastcancer,2021,relevant,survivor_retrospective,True,True,thinner,not_stated,"8 rounds of chemo (yes, the red devil); radiation, 5 days a week for 6 weeks",['anthracycline'],anthracycline,breast,breast,False,,,unknown,True,True,,my hair started falling out in clumps ... I had a decent amount of hair grow back at this point,0.98
qgn26k,testicularcancer,2021,relevant,self,True,True,,not_stated,4X BEP,['platinum'],platinum,testicular,testicular,False,,,unknown,True,True,,Head hair came out so we buzzed it.,0.99
qh2xe5,cancer,2021,relevant,self,True,True,color_change_other;patchy_regrowth;texture_only,not_stated,chemo & radiation,['unspecified'],unspecified,breast,breast,False,,,ongoing,True,False,,"now that my hair is growing back it's growing back curly, but the curls are only on the back, left hand side of my head",0.98
qhcokp,ovariancancer,2021,relevant,self,True,True,thinner,not_stated,Carboplatin and Taxol,"['platinum', 'taxane']",platinum;taxane,ovarian,ovarian,False,,,unknown,False,False,,"I am only one treatment in, and allll my other hair is well on the way out but not those for some reason.",0.98
qj5vgz,Hair,2021,relevant,self,True,True,texture_only,not_stated,chemo,['unspecified'],unspecified,,not_stated,False,,,unknown,False,False,,Could it be because I’m straightening chemo curls?,0.78
qjc4w2,ovariancancer,2021,relevant,self,True,True,thinner,not_stated,Taxol / Carbo; taxol and carboplatin; PARP (Olaparib),"['taxane', 'platinum', 'unspecified']",platinum;taxane,fallopian tube,ovarian,False,,,ongoing,True,False,,I tried cold capping (Penguin brand) and it's worked! I've lost about 20-30% of my hair around my ears mostly.,0.99
qknzkt,cancer,2021,relevant,self,True,True,none,not_stated,chemo,['unspecified'],unspecified,,not_stated,False,,,ongoing,True,True,,My hair started falling out finally since days ago... it's been over 2 weeks since my first chemo,0.99
qls70,breastcancer,2012,relevant,self,True,True,color_change_other;curlier;grayer,more_curl,chemotherapy,['unspecified'],unspecified,breast,breast,True,"Stick straight, dirty blonde, with a little grey.",,partially_reverted,False,True,,"Mine, before, was stick straight... When it grew back... it was CURLY! Tiny pin-curls... new growth is stick straight... with much more grey.",0.99
qmp5cv,lymphoma,2021,relevant,self,True,True,thicker,not_stated,chemo,['unspecified'],unspecified,lymphoma,lymphoma_nonhodgkin,True,Thinner than current hair,1.5,unknown,True,False,,My hair filled in super quickly and I’d say it’s thicker than before.,0.98
qpzc8j,cancer,2021,relevant,survivor_retrospective,True,True,none,not_stated,chemotherapy,['unspecified'],unspecified,osteosarcoma,sarcoma,False,,,unknown,False,True,,"Everything moved so fast that I couldn't fully process what was happening to me, one moment my hair was falling out",0.98
qtide2,testicularcancer,2021,relevant,self,True,True,none,not_stated,chemo,['unspecified'],unspecified,testicular,testicular,True,Pretty hairy prior to chemo; everything grew the same length.,18.0,ongoing,False,False,,"Post chemo (18 months), there are patches of hair that are longer and other areas that grow 1/4 the size of the hair around them.",0.98
qu5kd9,breastcancer,2021,relevant,self,True,True,thinner,not_stated,chemo,['unspecified'],unspecified,breast,breast,False,,,ongoing,False,False,,"I haven’t lost it all, but it has thinned a lot and I have one bald patch.",0.98
r5c9to,cancer,2021,relevant,self,True,True,thinner,not_stated,da epoch-r chemo regimen,"['anthracycline', 'alkylator', 'vinca', 'unspecified']",alkylator;anthracycline;vinca,primary mediastinal B-cell lymphoma,lymphoma_nonhodgkin,True,Hair was being grown out for 2 years.,,unknown,True,False,,i’ve lost my hair that i was growing out for 2 years but i change my hair so often it didn’t bother me all that much.,0.98
rb7veu,lymphoma,2021,relevant,self,True,True,thicker;thinner,not_stated,stem cell transplant,['unspecified'],unspecified,Hodgkin's lymphoma,lymphoma_hodgkin,False,,,ongoing,False,False,,thinning hair more recently after it initially grew back thicker,0.98
rhchix,testicularcancer,2021,relevant,self,True,True,patchy_regrowth,not_stated,3xBEP,"['platinum', 'unspecified']",platinum,testicular,testicular,False,,,unknown,True,False,,facial hair has gone patchy twice and came back after the first time,0.97
rl9lla,testicularcancer,2021,relevant,self,True,True,thicker,not_stated,chemo,['unspecified'],unspecified,testicular,testicular,False,,,unknown,False,False,,when my hair grew back it was super thick and bushy for months... my beard looks like [it is] patchy,0.98
rn0y4i,braincancer,2021,relevant,self,True,True,none,not_stated,concurrent TMZ/Radiation treatments,"['alkylator', 'radiotherapy_brain']",alkylator;radiotherapy_brain,brain cancer,brain_cns,False,,,unknown,False,True,,My hair is currently about half gone. ... There's just no denying the amount of hair falling out.,0.99
rr5i2r,lymphoma,2021,relevant,self,True,True,none,not_stated,R-CHOP,"['anthracycline', 'alkylator', 'vinca']",alkylator;anthracycline;vinca,DLBCL,lymphoma_nonhodgkin,False,,,unknown,False,False,2021.0,I don't even wear a hat around the house because my bald head keeps sweating LOL.,0.82
rwsg8x,testicularcancer,2022,relevant,self,True,True,patchy_regrowth;thicker;thinner,not_stated,chemo,['unspecified'],unspecified,testicular,testicular,False,,,ongoing,False,False,,a large part of my cheeks missing facial hair and now 2 months laters its full... different areas of my head are thinning/getting thicker,0.98
ryfsgz,testicularcancer,2022,relevant,self,True,True,,not_stated,BEPX3,"['platinum', 'unspecified']",platinum,testicular,testicular,False,,6.0,ongoing,False,False,,"I’m 6 months post chemo and my chest, armpit, and facial hair is falling out almost like when I was going through chemo.",0.98
rzawv2,lymphoma,2022,relevant,self,True,True,thinner,not_stated,"chemo (ABVE-PC, or something like that, for 5 cycles) and radiation to my chest","['anthracycline', 'alkylator', 'vinca']",alkylator;anthracycline;vinca,HL,lymphoma_hodgkin,True,fuller hair before regrowth,2.0,ongoing,False,False,,when my hair is supposed to be growing back fuller? Its been a couple months and my hair is still really short and thin,0.94
s07dc8,breastcancer,2022,relevant,self,True,True,curlier,not_stated,chemo,['unspecified'],unspecified,breast,breast,False,,,ongoing,False,False,,My hair has been growing for the last 13 months... It’s also extremely curly.,0.9
s7o3uk,cancer,2022,relevant,self,True,True,thinner,not_stated,28-day cycles; chemo,['unspecified'],unspecified,Hodgkin lymphoma,lymphoma_hodgkin,True,"thick, wavy, textbook shaggy whiteboy hair",,ongoing,False,True,,"Up until my hair “died” and started thinning in November, I had thick, wavy, textbook shaggy whiteboy hair",0.99
sdopew,testicularcancer,2022,relevant,self,True,True,thinner,not_stated,BEPx3; cisplatin/etoposide and bleomycin,"['platinum', 'unspecified']",platinum,testicular,testicular,False,,,unknown,False,False,,"My hair fell out on the 17th day of treatment, after 1 round of cisplatin/etoposide and 3 rounds of bleomycin",0.99
seg5c6,cancer,2022,relevant,self,True,True,thinner,not_stated,6 months of chemo,['unspecified'],unspecified,,not_stated,True,Had hair before treatment; now reports having no hair.,,ongoing,True,True,,I REALLY miss my hair and eyelashes - I don’t even know my own reflection anymore,0.98
sfkwju,ovariancancer,2022,relevant,self,True,True,none,not_stated,taxotere,['taxane'],taxane,ovarian,ovarian,False,,,ongoing,False,False,,My hair has since fallen out. I had it shaved a few days ago.,0.99
sifknc,testicularcancer,2022,relevant,self,True,True,thinner,not_stated,BEPX3,"['platinum', 'unspecified']",platinum,testicular,testicular,False,,2.0,ongoing,False,False,,"The past 5 months or so my armpit, chest, pubic, and facial hair is super thin.",0.94
snklcv,curlyhair,2022,relevant,self,True,True,curlier,more_curl,,[],,,not_stated,True,"Male with usually 2–3 inches of hair, shaved short or combed back/gelled; states he had never had curly hair.",,ongoing,False,False,,After 6 months it's finally growing back but now it's suddenly curly,0.98
so32zw,FemaleHairLoss,2022,relevant,self,True,True,thinner,not_stated,four rounds of chemo,['unspecified'],unspecified,,not_stated,True,"AGA; after treatment with Spiro and Rogaine, her part was thick.",,unknown,False,True,,"I'm almost done with four rounds of chemo and have obviously lost a lot of my hair (not all, though, let's say around 40-45%).",0.99
spce7i,lymphoma,2022,relevant,survivor_retrospective,True,True,,not_stated,ABVD and radiation,"['anthracycline', 'vinca', 'alkylator', 'unspecified']",alkylator;anthracycline;vinca,stage IV classical Hodgkin lymphoma,lymphoma_hodgkin,False,,,unknown,False,True,2020.0,"the damage to my marriage, my memory, my skin, my hair, my autonomy, my lungs",0.96
swc1fz,cancer,2022,relevant,self,True,True,thinner,not_stated,BEACOPP,"['alkylator', 'anthracycline', 'vinca']",alkylator;anthracycline;vinca,Hodgkin lymphoma,lymphoma_hodgkin,False,,4.0,ongoing,False,True,,I now have a full head of hair but this morning I noticed that I'm missing some of my eyebrows.,0.98
sxm3j7,cancer,2022,relevant,self,True,True,thinner,not_stated,chemo,['unspecified'],unspecified,,not_stated,True,had my hair,,ongoing,False,True,,today my hair started falling out from my chemo; pulling a clump of hair out this morning really made me feel upset,0.98
t3xyn2,curlyhair,2022,relevant,self,True,True,curlier;texture_only,more_curl,chemotherapy,['unspecified'],unspecified,,not_stated,True,bone straight hair,,ongoing,False,True,2020.0,"I was born with BONE STRAIGHT HAIR... After that, my hair started to curl... Now my hair is growing back--Curlier.",0.99
ta80hz,cancer,2022,relevant,self,True,True,none,not_stated,chemo; a chemo drug,['unspecified'],unspecified,,not_stated,False,,,ongoing,False,True,,I'm three years post-chemo and I'm still getting this... I finally decided to grow my hair this year,0.84
titux7,curlyhair,2022,relevant,self,True,True,curlier,not_stated,chemo,['unspecified'],unspecified,,not_stated,False,,,reverted,False,False,,when i was growing my hair back out after chemo 5 years ago it was really curly (like almost a 2c level),0.96
tt4dkj,curlyhair,2022,relevant,self,True,True,color_change_other;straighter;texture_only,less_curl,,[],,,not_stated,True,"Beautiful thick curly hair, approximately type 3a–3b.",,ongoing,False,True,,"When my hair grew back, it wasn't the same. My hair is now duller, darker and my curls ... disappeared.",0.99
tz12ne,braincancer,2022,relevant,self,True,True,patchy_regrowth,not_stated,chemo/radiation combo,"['unspecified', 'radiotherapy_brain']",radiotherapy_brain,brain cancer,brain_cns,False,,,ongoing,True,False,,"The chemo/radiation combo made my hair fall out. I’ve noticed a good amount of growth since (in patches, but still)",0.98
u4x3ar,malehairadvice,2022,relevant,self,True,True,curlier,more_curl,chemotherapy,['unspecified'],unspecified,testicular,testicular,True,"Very stiff and straight, like uncooked spaghetti noodles.",,ongoing,True,True,2020.0,As it grew back I started to notice my hair was loose and sort of curly. I had ringlets on my hair. I’ve never had it before.,0.99
u7qmh6,braincancer,2022,relevant,self,True,True,permanent_alopecia,not_stated,radiation therapy for 6 weeks (30 sessions),['radiotherapy_brain'],radiotherapy_brain,"atypical meningioma, grade II",brain_cns,True,Hair looked robust before radiation.,0.0,ongoing,False,True,2020.0,"It's been 2 years since I underwent surgery, and my hair is yet to grow back. The bald spot is very much visible.",0.99
u8r1k6,breastcancer,2022,relevant,self,True,True,color_change_other;texture_only,not_stated,"""bad' chemo; Perjeta and Herceptin",['unspecified'],unspecified,breast,breast,True,dirty strawberry blonde,,ongoing,False,False,,My hair used to be dirty strawberry blonde. Now it looks almost white and is duckling fluffy. It doesn't seem curly at all.,0.98
u9164b,curlyhair,2022,relevant,self,True,True,curlier,not_stated,chemo,['unspecified'],unspecified,,not_stated,False,,,ongoing,False,True,,I completed chemo last year and got super curly hair as a result.,0.98
uae0du,breastcancer,2022,relevant,self,True,True,texture_only,not_stated,chemo,['unspecified'],unspecified,breast,breast,False,,,ongoing,False,True,,"My ""chemo curls"" are more frizz than curl at this point. ... My hair is really slow-growing, very baby fine",0.94
uae305,Hair,2022,relevant,survivor_retrospective,True,True,texture_only;thinner,not_stated,chemo,['unspecified'],unspecified,,not_stated,False,,,ongoing,False,True,,"I'm 2 years out from treatment. My hair is really slow-growing, very baby fine & taking forever to grow out. My ""chemo curls"" are more frizz than curl",0.97
uchv5o,cancer,2022,relevant,self,True,True,permanent_alopecia,not_stated,radiation and chemo,['unspecified'],unspecified,rhabdomyosarcoma,sarcoma,True,nose hairs,,ongoing,False,True,,I think part of the issue is post radiation and chemo my nose hairs have yet to grow back even though my hair on my head and body is all back.,0.93
uhzm6w,braincancer,2022,relevant,self,True,True,grayer;patchy_regrowth,not_stated,radiation therapy,['radiotherapy_brain'],radiotherapy_brain,brain cancer,brain_cns,True,full head of black hair,,ongoing,False,False,,The area directly above the location of my tumour has not yet fully recovered... some hairs coming in but they are all white/grey.,0.94
urc8qq,cancer,2022,relevant,self,True,True,thinner,not_stated,abraxane and carboplatin,"['taxane', 'platinum']",platinum;taxane,endometrial,gynecologic_other,True,Had hair long enough to cut to chin length and donate a foot before chemotherapy; texture not stated.,,ongoing,False,True,,My hair has recently started falling out... it's noticeably thinner by quite a bit.,0.99
ut00kc,testicularcancer,2022,relevant,self,True,True,patchy_regrowth,not_stated,chemo,['unspecified'],unspecified,testicular,testicular,False,,,ongoing,False,False,,My armpit hair initially grew out normally. But around one month ago it started to fall off. Now only some of them have grown back.,0.96
uu93fx,breastcancer,2022,relevant,self,True,True,curlier;patchy_regrowth,not_stated,chemo,['unspecified'],unspecified,,not_stated,False,,,ongoing,True,True,2021.0,My hair started growing back in July/ August but it was patchy first and very curly and strange looking afterwards.,0.97
uvpc2i,cancer,2022,relevant,self,True,True,none,not_stated,AC-T,"['anthracycline', 'alkylator', 'taxane']",alkylator;anthracycline;taxane,,not_stated,False,,,ongoing,True,False,,So my all my hair is at this point very much gone.,0.92
uw5lwv,testicularcancer,2022,relevant,self,True,True,patchy_regrowth,not_stated,chemo,['unspecified'],unspecified,testicular,testicular,False,,2.0,ongoing,False,True,,it’s been 2 months but the top of my head is coming is very patchy,0.97
v2yiqv,lymphoma,2022,relevant,self,True,True,thinner,not_stated,ABVD,"['anthracycline', 'alkylator', 'vinca']",alkylator;anthracycline;vinca,lymphoma,lymphoma_nonhodgkin,False,,,ongoing,True,False,,I’m on treatment 8/12 and still have the vast majority of my hair. I’ve lost more hair in my nether regions than I have on my head.,0.98
v36aqf,breastcancer,2022,relevant,self,True,True,thinner,not_stated,AC chemo,"['anthracycline', 'alkylator']",alkylator;anthracycline,breast,breast,True,thin to start with,,ongoing,False,True,,my hair started falling out... clumps were coming out... my tiny head is now sparsely covered in WHITE hair,0.99
v6zncf,breastcancer,2022,relevant,self,True,True,color_change_other;thinner,not_stated,"4 round of AC, 12 rounds of Taxol","['anthracycline', 'taxane']",anthracycline;taxane,,not_stated,True,Dirty blonde hair; darker eyebrows; eyebrows and eyelashes were fuller.,,unknown,True,True,,both my hair and eyebrows are growing back lighter than they were before... my eyebrows and eyelashes are not as full as they were before,0.99
v7orz6,lymphoma,2022,relevant,self,True,True,,not_stated,chemo,['unspecified'],unspecified,,not_stated,True,Had hair before treatment,,ongoing,False,True,,On the outside I look and act the same as I did before (minus the hair),0.88
v80kir,cancer,2022,relevant,self,True,True,curlier,more_curl,chemo,['unspecified'],unspecified,,not_stated,False,,,ongoing,True,False,,since then my hair has grown back a completely different texture!... hopeful I'll be able to keep my new curly locks!,0.96
v8c7i0,braincancer,2022,relevant,self,True,True,thinner,not_stated,22nd radiation round,['radiotherapy_brain'],radiotherapy_brain,DMG,brain_cns,False,,,unknown,False,False,,Hair loss after 22nd radiation round!,0.86
vbvajm,lymphoma,2022,relevant,self,True,True,none,not_stated,6 R-CHOPS,"['alkylator', 'anthracycline', 'vinca']",alkylator;anthracycline;vinca,DLBCL,lymphoma_nonhodgkin,True,a lot of very thick very curly hair,,ongoing,True,True,2021.0,I have always had a lot of very thick very curly hair. It started growing back mid January.,0.96
vd0rtn,curlyhair,2022,relevant,self,True,True,curlier,more_curl,chemo,['unspecified'],unspecified,,not_stated,True,Straight,,ongoing,False,False,,After my hair started growing back when i ended chemo it started to grow curly/wavy ... hair that used to be straight,0.99
vljugc,testicularcancer,2022,relevant,self,True,True,patchy_regrowth,not_stated,1x BEP,['platinum'],platinum,testicular,testicular,False,,,ongoing,False,False,,I keep shaving my head because it’s not growing in fully. Like it’s kind of growing in patchy.,0.98
vm3ntp,braincancer,2022,relevant,self,True,True,,not_stated,3 gamma knife treatments,['radiotherapy_brain'],radiotherapy_brain,brain,brain_cns,False,,0.6,unknown,False,False,,"About a week ago, my hair started coming out. A LOT. At first I thought it was just the radiated area, but it’s everywhere.",0.99
vs4fjc,testicularcancer,2022,relevant,self,True,True,none,not_stated,BEP,['platinum'],platinum,testicular,testicular,False,,0.03,unknown,False,False,,I started losing my hair the day after my last Bleo and had to shave it to stop shedding everywhere.,0.99
vsl0hc,cancer,2022,relevant,self,True,True,grayer;thinner,not_stated,Tamoxifen; 12 weeks of Taxol; Herceptin,"['taxane', 'endocrine']",endocrine;taxane,breast,breast,False,,,ongoing,False,True,,my hair has thinned out and I have a ton of grays growing in,0.99
vt4hkv,breastcancer,2022,relevant,self,True,True,color_change_other;patchy_regrowth;texture_only,not_stated,AC,"['anthracycline', 'alkylator']",alkylator;anthracycline,breast,breast,True,Previously partially gray hair,,ongoing,True,False,,"My hair is literally half and half, AND, the texture is different on each side!!",0.98
vusqqc,braincancer,2022,relevant,self,True,True,none,not_stated,30rds of radiation; TMZ chemo concurrently,"['radiotherapy_brain', 'alkylator']",alkylator;radiotherapy_brain,GBM,brain_cns,False,,,unknown,False,False,2022.0,Hair loss started around session 14.,0.99
vx2wmi,breastcancer,2022,relevant,self,True,True,thicker,not_stated,chemo,['unspecified'],unspecified,breast,breast,False,,,ongoing,True,True,,My last cycle is coming up and my hair is starting to get thicker.,0.83
vxq2oj,cancer,2022,relevant,self,True,True,permanent_alopecia,not_stated,6 cycles of chemo (12 rounds),['unspecified'],unspecified,NSHL,lymphoma_hodgkin,False,,,unknown,False,True,,"I’m currently completely bald, and I don’t want to wear a wig or scarf daily because it’s uncomfortable",0.97
vzf6co,lymphoma,2022,relevant,self,True,True,curlier,more_curl,chemo,['unspecified'],unspecified,lymphoma,lymphoma_nonhodgkin,True,wavy/straight before chemo,,partially_reverted,True,True,,I do have chemo curls (my hair was wavy/ straight before chemo) but ... my longer hair at the back is getting straight and has curls at the end.,0.99
vzvjkj,leukemia,2022,relevant,self,True,True,thinner,not_stated,chemotherapy,['unspecified'],unspecified,ALL,leukemia,True,Hair used to be much thicker,,ongoing,False,True,,"My hair is also growing back finally, but much thinner than it used to be.",0.98
w0gkpq,lymphoma,2022,relevant,self,True,True,none,not_stated,chemo,['unspecified'],unspecified,primary mediastinal diffuse large b-cell lymphoma,lymphoma_nonhodgkin,False,,2.5,unknown,False,True,,I am 2.5 months post chemo... I feel really sad because of my loss of hair,0.98
w1pe9m,lymphoma,2022,relevant,self,True,True,none,not_stated,ABVD,"['anthracycline', 'vinca', 'alkylator', 'unspecified']",alkylator;anthracycline;vinca,ALK+ ALCL (lymphoma),lymphoma_nonhodgkin,False,,,unknown,False,True,,My hair has fallen out and I look like a ghost,0.98
wdm3c0,cancer,2022,relevant,self,True,True,patchy_regrowth;thinner,not_stated,"Cisplatin with only a couple doses of Docetaxel, and radiation to my head","['platinum', 'taxane', 'radiotherapy_scalp']",platinum;radiotherapy_scalp;taxane,,not_stated,True,"Shoulder-length, very straight hair; normally dyed light blonde with foils, with gray growing in.",,ongoing,False,True,,The back of my neck lost all my hair but baby hairs are growing back... It's gotten very thinned out. It's at about 1/2 it's normal amount.,0.99
wjj2im,braincancer,2022,relevant,self,True,True,,not_stated,radiation and Temodar (temozolomide),"['alkylator', 'radiotherapy_brain']",alkylator;radiotherapy_brain,brain cancer,brain_cns,False,,,unknown,False,True,,The hair on the painful part of my scalp fell out soon afterward and the pain went away.,0.98
wjtv78,FemaleHairLoss,2022,relevant,self,True,True,thinner,not_stated,chemo,['unspecified'],unspecified,blood cancer,leukemia,False,,,ongoing,False,True,,"I first thought I had TE, then thought I had bad hair due to post chemo, blood cancer, hypothyroidism, etc but now I realize I probably have AGA plus maybe TE.",0.87
wkcd93,testicularcancer,2022,relevant,self,True,True,thinner,not_stated,BEP x1,['platinum'],platinum,testicular,testicular,True,Had a shitton of hair and kept it long.,0.53,unknown,True,False,,I'm on day 16 and I've started seeing some hairs when running my hand through my scalp.,0.94
wl63jq,cancer,2022,relevant,self,True,True,none,not_stated,Chemo,['unspecified'],unspecified,,not_stated,True,"Pretty hairy stock; had head, beard, body, nose, eyebrow, and eyelash hair before chemo.",,ongoing,True,False,2022.0,"It just wasn't so much prepared for it ALL to go......head and beard I knew, the rest of my body I wasn't as prepared for",0.98
wlxnky,FemaleHairLoss,2022,relevant,self,True,True,,not_stated,chemo,['unspecified'],unspecified,,not_stated,False,,,ongoing,False,True,,"I lost most of my hair about 10 years ago due to chemo... It grew back, but it did seem different.",0.97
wmmqjo,cancer,2022,relevant,self,True,True,thinner,not_stated,radiation treatments,['radiotherapy_scalp'],radiotherapy_scalp,,not_stated,True,How it was before,,unknown,False,False,,i’m currently on my 18th day of 32 radiation treatments and my hair is falling out rapidly,0.93
wow48d,breastcancer,2022,relevant,self,True,True,curlier,more_curl,chemo,['unspecified'],unspecified,breast,breast,True,waivy,,ongoing,True,False,,"My hair used to be waivy, but now it's coming back with curls.",0.99
wpp740,testicularcancer,2022,relevant,self,True,True,thicker,not_stated,3xBEP,['platinum'],platinum,testicular,testicular,True,Balding at the back,2.5,unknown,True,False,,I’m about 10 weeks post 3xBEP and my hair has come back thicker than before,0.99
wrvd1o,breastcancer,2022,relevant,self,True,True,grayer,not_stated,chemo,['unspecified'],unspecified,breast,breast,True,shoulder length,,ongoing,True,True,,My hair is growing back nicely but it’s coming in more gray than before,0.99
wt2if5,braincancer,2022,relevant,self,True,True,color_change_other;permanent_alopecia,not_stated,"a year of medication, proton therapy, and chemo","['radiotherapy_brain', 'unspecified']",radiotherapy_brain,brain cancer,brain_cns,True,"lovely, full wavy hair",,permanent_reported,False,True,2016.0,Most of my hair grew back—albeit darker. But the hair near and not so near my scar has never grown back.,0.98
wurj2e,curlyhair,2022,relevant,self,True,True,curlier,not_stated,chemo,['unspecified'],unspecified,,not_stated,False,,,ongoing,False,False,,"I have chemo curls, and I’m looking for advice on how to care for them",0.88
wxskvh,braincancer,2022,relevant,self,True,True,thinner,not_stated,6 weeks of concurrent radiation and chemo,"['radiotherapy_brain', 'unspecified']",radiotherapy_brain,brain cancer,brain_cns,False,,,ongoing,False,True,2022.0,I lost about half of my hair from radiation... dealing with the loss has been much more challenging than I anticipated.,0.98
x05wek,braincancer,2022,relevant,self,True,True,permanent_alopecia,not_stated,radiation therapy,['radiotherapy_scalp'],radiotherapy_scalp,,not_stated,False,,,ongoing,False,False,,I’m almost a year out from finishing radiation therapy and it doesn’t look like my hair will be coming back on one side of my head.,0.89
x17mfq,curlyhair,2022,relevant,self,True,True,color_change_other;texture_only,not_stated,chemo,['unspecified'],unspecified,,not_stated,True,blonde,,unknown,True,False,,wish I would’ve been able to stay a blonde... But at-least it grew back curly,0.91
x2kj02,breastcancer,2022,relevant,self,True,True,thinner,not_stated,chemo,['unspecified'],unspecified,breast,breast,False,,3.0,ongoing,True,False,,My hair FINALLY starting to grow on my head again. It took almost three months after chemo to start coming in... Mine are coming in very sparse and stubby.,0.96
x3koqy,curlyhair,2022,relevant,self,True,True,curlier,more_curl,chemo,['unspecified'],unspecified,,not_stated,True,straight hair,,unknown,False,True,,"I’m new to curly hair, lost my straight hair to chemo. My curls look undefined and without bounce.",0.99
x3oohy,lymphoma,2022,relevant,self,True,True,color_change_other,not_stated,chemo,['unspecified'],unspecified,lymphoma,lymphoma_nonhodgkin,True,"Super dark, long eyelashes; natural scalp hair dark brown.",,ongoing,False,True,,"My eyelashes and eyebrows are starting to come back, but they’re super blonde. I had super dark long eyelashes before this.",0.99
x4ybsf,curlyhair,2022,relevant,self,True,True,curlier,not_stated,chemo,['unspecified'],unspecified,,not_stated,False,,,ongoing,True,False,,"Advice on chemo curls? ... Want to maintain them while I’ve got them, and I hope they stay.",0.84
x8r0ic,lymphoma,2022,relevant,self,True,True,none,not_stated,chemo,['unspecified'],unspecified,large B cell lymphoma,lymphoma_nonhodgkin,False,,,unknown,False,True,,"My first cycle of chemo went pretty well, with no bad side effects except hair loss and nausea.",0.99
xb4og4,testicularcancer,2022,relevant,self,True,True,thinner,not_stated,chemo,['unspecified'],unspecified,testicular,testicular,False,,2.25,ongoing,False,False,,around 9 weeks out of chemo ... the head on my hair is still quite thin and short but starting to fill out,0.95
xee3v7,HairLoss,2022,relevant,self,True,True,texture_only;thinner,not_stated,chemotherapy,['unspecified'],unspecified,testicular,testicular,True,Hair was thicker before cancer; exact prior texture not stated.,,ongoing,False,False,,"It eventually grew back with a slightly different texture, but in the last few months I’ve noticed a lot of shedding. Definitely thinner than it used to be before cancer.",0.99
xhxh6y,testicularcancer,2022,relevant,self,True,True,patchy_regrowth,not_stated,3x BEP,"['platinum', 'unspecified']",platinum,testicular,testicular,False,,3.5,unknown,False,False,,"In the past couple weeks, I've noticed that there are places where my hair does not grow - empty patches in my moustache region",0.98
xigzc8,lymphoma,2022,relevant,self,True,True,thinner,not_stated,6 cycles of ABVD,"['anthracycline', 'vinca', 'alkylator']",alkylator;anthracycline;vinca,lymphoma,lymphoma_nonhodgkin,True,Never lost my hair; had some thinning that stopped and regrew after the 4th infusion.,0.5,ongoing,False,True,,"About 2 weeks after finishing my hair started falling out... thinning like crazy all over the place, but mostly around the front.",0.99
xmhu1u,curlyhair,2022,relevant,survivor_retrospective,True,True,curlier;thicker,more_curl,chemo,['unspecified'],unspecified,,not_stated,True,"Always “lumpy,” not quite wavy but definitely not straight; super thick in texture and growth.",,ongoing,True,True,,"After finishing chemo it’s grown back curly. Prior to cancer, my hair was always “lumpy”, not quite wavy but definitely not straight... only gotten thicker.",0.99
xmqg1g,curlyhair,2022,relevant,self,True,True,curlier;patchy_regrowth,more_curl,chemo,['unspecified'],unspecified,,not_stated,True,"fine, stick straight hair",,ongoing,True,True,,"I used to have fine, stick straight hair. After chemo, I now have short, most curly hair.",0.99
xpqboz,testicularcancer,2022,relevant,self,True,True,none,not_stated,4xBEP,"['platinum', 'unspecified']",platinum,testicular,testicular,False,,,ongoing,True,True,,Eyebrows and eyelashes thinned about 50%. Obviously bald asf too.,0.98
xq7298,cancer,2022,relevant,self,True,True,curlier,more_curl,,[],,,not_stated,True,Pretty straight with a slight wave,,unknown,False,False,,My hair prior to treatment was pretty straight with like a slight wave to it. My hair...has gotten pretty curly/wavy.,0.99
y1bjwk,lymphoma,2022,relevant,self,True,True,none,not_stated,R-Chop,"['anthracycline', 'alkylator', 'vinca']",alkylator;anthracycline;vinca,lymphoma,lymphoma_nonhodgkin,True,long curls,,ongoing,False,True,,"I'm still enduring chemo, have one session of R-Chop left, but I desperately miss my long curls.",0.9
y1qzc8,breastcancer,2022,relevant,self,True,True,grayer,not_stated,ACT chemo regimen,['unspecified'],alkylator;anthracycline;taxane,breast,breast,False,,,ongoing,True,True,,I finished my ACT chemo regimen on July 21... it has grown in gray. I do not want this.,0.98
y3upob,leukemia,2022,relevant,self,True,True,none,not_stated,maintenance phase,[],,ALL,leukemia,False,,,ongoing,False,False,,"I was wondering how long will it take for my hair to grow back, or will it grow back at all during maintenance phase?",0.93
y7uam2,breastcancer,2022,relevant,self,True,True,curlier,more_curl,chemo treatments,['unspecified'],unspecified,breast,breast,True,"Naturally wavy hair, but mainly straight; previously had a perm cut off before chemo.",,unknown,False,True,,"My hair has come back really curly and quite honestly I really hate it. I have always had naturally wavy hair, but it was mainly straight.",0.99
y81svq,breastcancer,2022,relevant,self,True,True,color_change_other,not_stated,chemo,['unspecified'],unspecified,breast,breast,True,Had been dying her hair for 20 years; wants to regain her pre-cancer look.,,unknown,True,False,,"I know that it will grow back white, not a problem - I will be very excited to see hair of any kind.",0.93
yg0fwg,testicularcancer,2022,relevant,self,True,True,patchy_regrowth,not_stated,4xBEP and L-RPLND,['platinum'],platinum,testicular,testicular,False,,,ongoing,True,True,,"My hair/beard, energy, libido all came back really strong for a couple months... patchy beard and limited body hair",0.93
ygl5cs,breastcancer,2022,relevant,self,True,True,thinner,not_stated,Taxol,['taxane'],taxane,breast,breast,False,,5.0,ongoing,False,True,,I'm 8 months out from my last dose of Taxol and I've started to shed my eyelashes for the second time. The first was at about the 5 month mark.,0.98
yipt3u,cancer,2022,relevant,self,True,True,patchy_regrowth;thinner,not_stated,4 rounds of BEP chemo,"['platinum', 'unspecified']",platinum,testicular,testicular,True,Full head of hair before chemo with no signs of hair loss.,,ongoing,False,False,,My hair has grown back thin mostly on the top of my head... my beard... grows back in a different way with some bald spots.,0.98
yk3mr9,lymphoma,2022,relevant,self,True,True,thinner,not_stated,ABVD,"['anthracycline', 'vinca', 'alkylator']",alkylator;anthracycline;vinca,Classical Hodgkin lymphoma,lymphoma_hodgkin,False,,,ongoing,False,True,,"Last night after my 2nd ABVD treatment, my hair started falling significantly.",0.99
ykly4w,curlyhair,2022,relevant,self,True,True,curlier,more_curl,chemo,['unspecified'],unspecified,,not_stated,True,super straight haired,,ongoing,False,False,,I’ve been super straight haired until the last 12 months and the ends are still straight.,0.98
ykpbbd,breastcancer,2022,relevant,self,True,True,none,not_stated,radiation treatment; chemo,['unspecified'],unspecified,breast,breast,False,,,ongoing,False,True,,The dreaded hair loss... side effects that have lingered since chemo,0.98
yntxgc,curlyhair,2022,relevant,self,True,True,curlier,more_curl,chemo,['unspecified'],unspecified,,not_stated,True,straight,,unknown,False,True,,after chemo my hair went from straight to curly. I have no clue how to care for it.,0.99
yvgie9,cancer,2022,relevant,self,True,True,,not_stated,chemo,['unspecified'],unspecified,,not_stated,False,,5.0,ongoing,True,False,,"I'm 5 months post chemo and my eyelashes, brows, and head hair are growing back. Unfortunately this week, I started losing my lashes and brows a second time.",0.98
yxklwg,breastcancer,2022,relevant,self,True,True,none,not_stated,chemo,['unspecified'],unspecified,breast,breast,False,,,unknown,True,False,,"even tho chemo sucks, I'm hot bald and still DTF if they are?",0.93
z1ihfd,braincancer,2022,relevant,self,True,True,permanent_alopecia,not_stated,RT and adjuvant TMZ,"['radiotherapy_brain', 'alkylator']",alkylator;radiotherapy_brain,brain cancer,brain_cns,False,,,unknown,True,False,,so far RT and adjuvant TMZ have only had cosmetic and mild fatigue effects... tips for covering up my bald spot,0.96
z5ibaq,thyroidcancer,2022,relevant,self,True,True,texture_only,not_stated,removing my thyroid and getting radiation,['unspecified'],unspecified,thyroid,other,True,long curls,,unknown,False,False,,What use to be long curls is now just short bird’s nest.,0.93
z6pi09,curlyhair,2022,relevant,self,True,True,straighter,less_curl,chemotherapy,['unspecified'],unspecified,,not_stated,False,,,ongoing,False,True,,"my hair has slowly lost its curl, and now it just rests at a 2a/2b curl everywhere",0.99
z9wu6q,breastcancer,2022,relevant,self,True,True,thinner,not_stated,chemo; coldcapping,['unspecified'],unspecified,breast,breast,True,old straight hair,,ongoing,True,False,,"I'm coldcapping and so far so good; I definitely lost hair, but anyone who doesn't know me wouldn't be able to tell.",0.9
zahuko,cancer,2022,relevant,self,True,True,texture_only;thinner,not_stated,,[],,,not_stated,True,"Massive amount of hair, kept long, could braid it and style it to stay in place.",,ongoing,False,True,,"Pre cancer I had massive amount of hair... My hair is finally past my ears! However, it does not hold pins, combs, or clips in place. They just slide out of my bone straight hair.",0.98
zbvf2y,braincancer,2022,relevant,self,True,True,thinner,not_stated,radiation,['radiotherapy_brain'],radiotherapy_brain,brain cancer,brain_cns,False,,,ongoing,False,True,,Running my fingers through my hair and feeling the hair thinning from radiation,0.98
zerxos,breastcancer,2022,relevant,self,True,True,color_change_other,not_stated,TCH infusion; Kadcyla infusions,"['taxane', 'platinum', 'targeted_ADC']",platinum;targeted_ADC;taxane,breast,breast,False,,,ongoing,True,False,,My hair came back a darker brown and is thick and wavy but no curls.,0.94
zhjjhb,breastcancer,2022,relevant,self,True,True,,not_stated,chemo and radiation,['unspecified'],unspecified,breast,breast,True,Only described as 'before' hair; type not stated.,,ongoing,True,False,,I have finished up chemo and radiation & my hair is starting to grow back. It looks nothing like my 'before' hair,0.95
zl7nv8,FemaleHairLoss,2022,relevant,self,True,True,patchy_regrowth;permanent_alopecia;thinner,not_stated,radiation; chemo,"['radiotherapy_brain', 'unspecified']",radiotherapy_brain,brain cancer,brain_cns,False,,,ongoing,True,True,,lost all of my hair from radiation... everything grew back except two pretty large spots... now im losing more and more hair and its thinning,0.99
zm6gpq,lymphoma,2022,relevant,self,True,True,patchy_regrowth;thinner,not_stated,auto-SCT; AVBD; chest radiation; maintenance immunotherapy (pembrolizumab/Keytruda),"['ICI', 'unspecified']",ICI,lymphoma,lymphoma_nonhodgkin,False,,6.0,ongoing,False,True,,this time my hair is not really growing as thick/full as it did the first time after finishing AVBD,0.97
zmrfn0,cancer,2022,relevant,self,True,True,thinner,not_stated,chemo,['unspecified'],unspecified,,not_stated,True,Hair was present and usually tied back; no texture or curl pattern described.,0.5,unknown,False,True,,Today marks 2 weeks since my first round of chemo... more came out than usual.,0.98
ztf0mv,braincancer,2022,relevant,self,True,True,thinner,not_stated,~60Gy radiation in 33 sessions with temozolomide,"['alkylator', 'radiotherapy_brain']",alkylator;radiotherapy_brain,brain cancer,brain_cns,False,,,ongoing,True,False,,I'm still seeing hair fall out a week out from my last RT session.,0.98
ztympn,lymphoma,2022,relevant,self,True,True,none,not_stated,daily radiation and 3 rounds of DeVIC,['unspecified'],unspecified,"extranodal NK/T-cell lymphoma, nasal type (ENKTL)",lymphoma_nonhodgkin,False,,,unknown,False,False,,"Ive tolerated it well, a bit of fatigue from the chemo, hair loss, nothing too horrible.",0.98
zvrrbe,breastcancer,2022,relevant,self,True,True,none,not_stated,chemo drugs,['unspecified'],unspecified,breast,breast,False,,,ongoing,False,True,,"now that i’m no longer taking the chemo drugs, seeing ... lack of hair is really hard",0.86
zw6po4,cancer,2022,relevant,self,True,True,patchy_regrowth,not_stated,chemo,['unspecified'],unspecified,,not_stated,True,long hair,,ongoing,False,False,,my hair is growing back post chemo... behind my ears and the back of my head are growing way faster than the rest,0.98
zwlld5,cancer,2022,relevant,self,True,True,none,not_stated,paclitaxel (TIP),"['taxane', 'platinum', 'alkylator']",alkylator;platinum;taxane,testicular,testicular,False,,,unknown,True,False,,I'm unsure at what point to call my hair loss permanent or not.,0.98
